instance,source,n_vars,n_cons,kappa,solver,x,obj_nominal,obj_mean,obj_std,obj_lower95,obj_upper95,solve_time,converged,iters,gamma_star,calib_coverage,winner_phase,S,feasibility_rate,infeasibility_rate,mean_obj,std_obj,mean_violation,max_violation,n_test
primal1,NETLIB,325,85,0.05,FuzzyPD-LP,"[2.78788498e-02 0.00000000e+00 2.63402246e-04 0.00000000e+00
 0.00000000e+00 0.00000000e+00 0.00000000e+00 0.00000000e+00
 0.00000000e+00 0.00000000e+00 0.00000000e+00 1.32376516e-03
 0.00000000e+00 3.71938303e-04 0.00000000e+00 0.00000000e+00
 0.00000000e+00 8.15599197e-03 0.00000000e+00 0.00000000e+00
 0.00000000e+00 0.00000000e+00 0.00000000e+00 1.35307638e-03
 0.00000000e+00 1.26967857e-03 0.00000000e+00 0.00000000e+00
 0.00000000e+00 0.00000000e+00 0.00000000e+00 0.00000000e+00
 0.00000000e+00 0.00000000e+00 0.00000000e+00 0.00000000e+00
 0.00000000e+00 0.00000000e+00 0.00000000e+00 1.86391208e-03
 0.00000000e+00 0.00000000e+00 0.00000000e+00 0.00000000e+00
 0.00000000e+00 0.00000000e+00 0.00000000e+00 0.00000000e+00
 0.00000000e+00 0.00000000e+00 0.00000000e+00 7.29492723e-03
 0.00000000e+00 0.00000000e+00 0.00000000e+00 0.00000000e+00
 0.00000000e+00 0.00000000e+00 0.00000000e+00 0.00000000e+00
 3.17145047e-03 0.00000000e+00 0.00000000e+00 2.76945206e-04
 0.00000000e+00 0.00000000e+00 0.00000000e+00 0.00000000e+00
 7.51728992e-03 0.00000000e+00 0.00000000e+00 0.00000000e+00
 1.29162759e-03 0.00000000e+00 0.00000000e+00 0.00000000e+00
 0.00000000e+00 0.00000000e+00 0.00000000e+00 0.00000000e+00
 0.00000000e+00 0.00000000e+00 0.00000000e+00 0.00000000e+00
 2.04001477e-03 0.00000000e+00 3.00145102e-03 1.18801793e-03
 0.00000000e+00 0.00000000e+00 0.00000000e+00 0.00000000e+00
 1.48959720e-03 0.00000000e+00 0.00000000e+00 0.00000000e+00
 1.34422561e-03 3.34114254e-03 0.00000000e+00 0.00000000e+00
 0.00000000e+00 0.00000000e+00 0.00000000e+00 0.00000000e+00
 0.00000000e+00 0.00000000e+00 2.87418529e-03 0.00000000e+00
 0.00000000e+00 5.59319602e-05 0.00000000e+00 0.00000000e+00
 0.00000000e+00 0.00000000e+00 0.00000000e+00 0.00000000e+00
 0.00000000e+00 0.00000000e+00 0.00000000e+00 0.00000000e+00
 3.22597333e-02 0.00000000e+00 0.00000000e+00 5.12171535e-04
 0.00000000e+00 0.00000000e+00 5.58374309e-03 0.00000000e+00
 0.00000000e+00 2.18902608e-02 0.00000000e+00 0.00000000e+00
 0.00000000e+00 0.00000000e+00 0.00000000e+00 0.00000000e+00
 0.00000000e+00 0.00000000e+00 0.00000000e+00 0.00000000e+00
 0.00000000e+00 2.54684919e-03 0.00000000e+00 0.00000000e+00
 0.00000000e+00 0.00000000e+00 0.00000000e+00 0.00000000e+00
 0.00000000e+00 7.52340617e-04 0.00000000e+00 0.00000000e+00
 4.10158449e-03 1.95831128e-04 1.08212470e-04 4.84324540e-03
 0.00000000e+00 0.00000000e+00 1.47584497e-03 0.00000000e+00
 1.26469152e-03 0.00000000e+00 0.00000000e+00 8.06149151e-06
 0.00000000e+00 0.00000000e+00 0.00000000e+00 0.00000000e+00
 0.00000000e+00 0.00000000e+00 0.00000000e+00 0.00000000e+00
 0.00000000e+00 3.00371769e-03 0.00000000e+00 0.00000000e+00
 0.00000000e+00 0.00000000e+00 0.00000000e+00 0.00000000e+00
 0.00000000e+00 5.21116008e-05 0.00000000e+00 0.00000000e+00
 0.00000000e+00 0.00000000e+00 0.00000000e+00 3.76982613e-03
 0.00000000e+00 0.00000000e+00 0.00000000e+00 0.00000000e+00
 0.00000000e+00 0.00000000e+00 1.15196968e-04 0.00000000e+00
 0.00000000e+00 5.54487318e-04 0.00000000e+00 0.00000000e+00
 0.00000000e+00 0.00000000e+00 0.00000000e+00 1.69721195e-03
 0.00000000e+00 0.00000000e+00 1.27360580e-03 0.00000000e+00
 0.00000000e+00 0.00000000e+00 0.00000000e+00 0.00000000e+00
 0.00000000e+00 9.39625131e-04 0.00000000e+00 0.00000000e+00
 1.60828497e-04 0.00000000e+00 0.00000000e+00 0.00000000e+00
 0.00000000e+00 0.00000000e+00 0.00000000e+00 0.00000000e+00
 0.00000000e+00 0.00000000e+00 0.00000000e+00 0.00000000e+00
 0.00000000e+00 0.00000000e+00 0.00000000e+00 3.97707916e-03
 0.00000000e+00 0.00000000e+00 3.03269780e-03 0.00000000e+00
 0.00000000e+00 1.70080502e-03 0.00000000e+00 0.00000000e+00
 1.77804123e-02 0.00000000e+00 0.00000000e+00 0.00000000e+00
 3.19361068e-03 0.00000000e+00 0.00000000e+00 0.00000000e+00
 7.74646251e-03 1.42387204e-02 0.00000000e+00 1.63233157e-03
 0.00000000e+00 0.00000000e+00 0.00000000e+00 0.00000000e+00
 0.00000000e+00 0.00000000e+00 0.00000000e+00 0.00000000e+00
 0.00000000e+00 0.00000000e+00 1.06627366e-02 0.00000000e+00
 0.00000000e+00 0.00000000e+00 0.00000000e+00 0.00000000e+00
 0.00000000e+00 0.00000000e+00 0.00000000e+00 0.00000000e+00
 0.00000000e+00 0.00000000e+00 0.00000000e+00 0.00000000e+00
 0.00000000e+00 0.00000000e+00 0.00000000e+00 0.00000000e+00
 0.00000000e+00 0.00000000e+00 0.00000000e+00 0.00000000e+00
 0.00000000e+00 0.00000000e+00 0.00000000e+00 4.24188781e-03
 0.00000000e+00 0.00000000e+00 0.00000000e+00 0.00000000e+00
 4.72016910e-02 0.00000000e+00 0.00000000e+00 0.00000000e+00
 1.70460927e-03 1.25076046e-03 0.00000000e+00 0.00000000e+00
 0.00000000e+00 0.00000000e+00 0.00000000e+00 0.00000000e+00
 0.00000000e+00 0.00000000e+00 0.00000000e+00 0.00000000e+00
 0.00000000e+00 0.00000000e+00 0.00000000e+00 0.00000000e+00
 0.00000000e+00 0.00000000e+00 0.00000000e+00 0.00000000e+00
 0.00000000e+00 0.00000000e+00 0.00000000e+00 0.00000000e+00
 0.00000000e+00 0.00000000e+00 0.00000000e+00 0.00000000e+00
 1.65827833e-03]",-0.02787884982396286,-0.02787884982396286,0.00047259784279578233,-0.028805141595842593,-0.026952558052083127,140.94851340001333,True,0.0,5.0,1.0,BS,BS(γ=5.0)+AdvSAA(100)+Combo,1.0,0.0,-0.027899637238327384,0.00047859837744471296,0.0,0.0,400
primal1,NETLIB,325,85,0.05,Bertsimas-Sim(γ=3.0),"[3.00018658e-02 0.00000000e+00 0.00000000e+00 0.00000000e+00
 0.00000000e+00 0.00000000e+00 0.00000000e+00 0.00000000e+00
 0.00000000e+00 0.00000000e+00 0.00000000e+00 4.90423512e-04
 0.00000000e+00 0.00000000e+00 0.00000000e+00 0.00000000e+00
 0.00000000e+00 8.96807821e-03 0.00000000e+00 0.00000000e+00
 0.00000000e+00 0.00000000e+00 5.00624276e-04 1.40533189e-03
 1.77852838e-03 3.33290076e-03 0.00000000e+00 0.00000000e+00
 0.00000000e+00 0.00000000e+00 0.00000000e+00 0.00000000e+00
 0.00000000e+00 0.00000000e+00 7.54249622e-04 0.00000000e+00
 0.00000000e+00 0.00000000e+00 0.00000000e+00 0.00000000e+00
 0.00000000e+00 0.00000000e+00 0.00000000e+00 0.00000000e+00
 0.00000000e+00 0.00000000e+00 0.00000000e+00 0.00000000e+00
 0.00000000e+00 0.00000000e+00 0.00000000e+00 0.00000000e+00
 0.00000000e+00 0.00000000e+00 0.00000000e+00 0.00000000e+00
 1.20123995e-03 0.00000000e+00 0.00000000e+00 0.00000000e+00
 3.30715659e-03 0.00000000e+00 0.00000000e+00 0.00000000e+00
 0.00000000e+00 0.00000000e+00 0.00000000e+00 0.00000000e+00
 1.02191403e-02 0.00000000e+00 0.00000000e+00 0.00000000e+00
 6.48060136e-03 6.31484087e-04 0.00000000e+00 0.00000000e+00
 0.00000000e+00 0.00000000e+00 0.00000000e+00 0.00000000e+00
 0.00000000e+00 0.00000000e+00 0.00000000e+00 0.00000000e+00
 2.08608040e-03 0.00000000e+00 4.13795500e-03 1.41244356e-03
 0.00000000e+00 0.00000000e+00 0.00000000e+00 0.00000000e+00
 0.00000000e+00 0.00000000e+00 0.00000000e+00 0.00000000e+00
 9.72855040e-04 3.55820559e-03 0.00000000e+00 0.00000000e+00
 0.00000000e+00 0.00000000e+00 0.00000000e+00 0.00000000e+00
 0.00000000e+00 0.00000000e+00 2.71386033e-03 0.00000000e+00
 0.00000000e+00 0.00000000e+00 0.00000000e+00 0.00000000e+00
 0.00000000e+00 0.00000000e+00 0.00000000e+00 0.00000000e+00
 0.00000000e+00 0.00000000e+00 0.00000000e+00 0.00000000e+00
 3.36642690e-02 0.00000000e+00 0.00000000e+00 0.00000000e+00
 0.00000000e+00 0.00000000e+00 3.90882255e-03 0.00000000e+00
 0.00000000e+00 3.56544293e-02 4.21493570e-03 0.00000000e+00
 0.00000000e+00 0.00000000e+00 0.00000000e+00 0.00000000e+00
 0.00000000e+00 0.00000000e+00 5.20192988e-04 0.00000000e+00
 0.00000000e+00 2.49838447e-03 0.00000000e+00 0.00000000e+00
 0.00000000e+00 0.00000000e+00 0.00000000e+00 0.00000000e+00
 0.00000000e+00 2.58945865e-03 0.00000000e+00 0.00000000e+00
 1.09663424e-02 7.64098792e-03 7.36084771e-03 1.36659850e-02
 0.00000000e+00 0.00000000e+00 3.68139899e-04 0.00000000e+00
 1.47589378e-03 0.00000000e+00 0.00000000e+00 2.01042006e-03
 0.00000000e+00 0.00000000e+00 0.00000000e+00 0.00000000e+00
 0.00000000e+00 0.00000000e+00 0.00000000e+00 0.00000000e+00
 0.00000000e+00 4.72911929e-03 0.00000000e+00 0.00000000e+00
 0.00000000e+00 1.35388684e-03 0.00000000e+00 0.00000000e+00
 0.00000000e+00 0.00000000e+00 0.00000000e+00 0.00000000e+00
 0.00000000e+00 0.00000000e+00 0.00000000e+00 3.78654655e-03
 0.00000000e+00 0.00000000e+00 0.00000000e+00 0.00000000e+00
 0.00000000e+00 0.00000000e+00 3.10237050e-04 0.00000000e+00
 0.00000000e+00 0.00000000e+00 0.00000000e+00 0.00000000e+00
 0.00000000e+00 0.00000000e+00 0.00000000e+00 2.01789593e-03
 0.00000000e+00 0.00000000e+00 2.81174428e-03 0.00000000e+00
 0.00000000e+00 0.00000000e+00 1.89368969e-03 0.00000000e+00
 0.00000000e+00 0.00000000e+00 0.00000000e+00 0.00000000e+00
 7.10768803e-04 0.00000000e+00 5.09755081e-03 0.00000000e+00
 0.00000000e+00 3.03392666e-04 0.00000000e+00 0.00000000e+00
 0.00000000e+00 0.00000000e+00 0.00000000e+00 0.00000000e+00
 0.00000000e+00 0.00000000e+00 0.00000000e+00 8.55362915e-03
 0.00000000e+00 0.00000000e+00 5.01176104e-05 0.00000000e+00
 0.00000000e+00 2.37333134e-03 0.00000000e+00 0.00000000e+00
 1.24820945e-02 0.00000000e+00 0.00000000e+00 0.00000000e+00
 4.53668490e-03 0.00000000e+00 0.00000000e+00 0.00000000e+00
 9.29330174e-03 1.06620946e-02 0.00000000e+00 1.43486782e-03
 0.00000000e+00 0.00000000e+00 0.00000000e+00 0.00000000e+00
 0.00000000e+00 0.00000000e+00 0.00000000e+00 0.00000000e+00
 0.00000000e+00 0.00000000e+00 1.05614446e-02 0.00000000e+00
 0.00000000e+00 0.00000000e+00 0.00000000e+00 0.00000000e+00
 0.00000000e+00 0.00000000e+00 0.00000000e+00 0.00000000e+00
 0.00000000e+00 0.00000000e+00 0.00000000e+00 0.00000000e+00
 0.00000000e+00 0.00000000e+00 0.00000000e+00 0.00000000e+00
 0.00000000e+00 0.00000000e+00 0.00000000e+00 0.00000000e+00
 0.00000000e+00 0.00000000e+00 0.00000000e+00 7.97456308e-03
 0.00000000e+00 0.00000000e+00 0.00000000e+00 0.00000000e+00
 5.51252198e-02 0.00000000e+00 0.00000000e+00 0.00000000e+00
 2.13937817e-03 0.00000000e+00 0.00000000e+00 0.00000000e+00
 0.00000000e+00 0.00000000e+00 0.00000000e+00 0.00000000e+00
 0.00000000e+00 0.00000000e+00 7.51926213e-04 0.00000000e+00
 0.00000000e+00 0.00000000e+00 0.00000000e+00 0.00000000e+00
 1.68193461e-03 0.00000000e+00 0.00000000e+00 0.00000000e+00
 0.00000000e+00 0.00000000e+00 0.00000000e+00 0.00000000e+00
 0.00000000e+00 0.00000000e+00 0.00000000e+00 0.00000000e+00
 2.15799430e-03]",-0.028476101069520872,,,,,0.10744100000010803,True,,3.0,1.0,,parametric robust (γ=3.0),1.0,0.0,-0.030024236179651744,0.000515044356721681,0.0,0.0,400
primal1,NETLIB,325,85,0.05,HiGHS-SAA,"[0. 0. 0. 0. 0. 0. 0. 0. 0. 0. 0. 0. 0. 0. 0. 0. 0. 0. 0. 0. 0. 0. 0. 0.
 0. 0. 0. 0. 0. 0. 0. 0. 0. 0. 0. 0. 0. 0. 0. 0. 0. 0. 0. 0. 0. 0. 0. 0.
 0. 0. 0. 0. 0. 0. 0. 0. 0. 0. 0. 0. 0. 0. 0. 0. 0. 0. 0. 0. 0. 0. 0. 0.
 0. 0. 0. 0. 0. 0. 0. 0. 0. 0. 0. 0. 0. 0. 0. 0. 0. 0. 0. 0. 0. 0. 0. 0.
 0. 0. 0. 0. 0. 0. 0. 0. 0. 0. 0. 0. 0. 0. 0. 0. 0. 0. 0. 0. 0. 0. 0. 0.
 0. 0. 0. 0. 0. 0. 0. 0. 0. 0. 0. 0. 0. 0. 0. 0. 0. 0. 0. 0. 0. 0. 0. 0.
 0. 0. 0. 0. 0. 0. 0. 0. 0. 0. 0. 0. 0. 0. 0. 0. 0. 0. 0. 0. 0. 0. 0. 0.
 0. 0. 0. 0. 0. 0. 0. 0. 0. 0. 0. 0. 0. 0. 0. 0. 0. 0. 0. 0. 0. 0. 0. 0.
 0. 0. 0. 0. 0. 0. 0. 0. 0. 0. 0. 0. 0. 0. 0. 0. 0. 0. 0. 0. 0. 0. 0. 0.
 0. 0. 0. 0. 0. 0. 0. 0. 0. 0. 0. 0. 0. 0. 0. 0. 0. 0. 0. 0. 0. 0. 0. 0.
 0. 0. 0. 0. 0. 0. 0. 0. 0. 0. 0. 0. 0. 0. 0. 0. 0. 0. 0. 0. 0. 0. 0. 0.
 0. 0. 0. 0. 0. 0. 0. 0. 0. 0. 0. 0. 0. 0. 0. 0. 0. 0. 0. 0. 0. 0. 0. 0.
 0. 0. 0. 0. 0. 0. 0. 0. 0. 0. 0. 0. 0. 0. 0. 0. 0. 0. 0. 0. 0. 0. 0. 0.
 0. 0. 0. 0. 0. 0. 0. 0. 0. 0. 0. 0. 0.]",,,,,,121.01310079998802,False,,,,,100,1.0,0.0,0.0,0.0,1.5490651429990802e-09,9.760948171352554e-09,400
primal1,NETLIB,325,85,0.05,Nominal-LP,"[0. 0. 0. 0. 0. 0. 0. 0. 0. 0. 0. 0. 0. 0. 0. 0. 0. 0. 0. 0. 0. 0. 0. 0.
 0. 0. 0. 0. 0. 0. 0. 0. 0. 0. 0. 0. 0. 0. 0. 0. 0. 0. 0. 0. 0. 0. 0. 0.
 0. 0. 0. 0. 0. 0. 0. 0. 0. 0. 0. 0. 0. 0. 0. 0. 0. 0. 0. 0. 0. 0. 0. 0.
 0. 0. 0. 0. 0. 0. 0. 0. 0. 0. 0. 0. 0. 0. 0. 0. 0. 0. 0. 0. 0. 0. 0. 0.
 0. 0. 0. 0. 0. 0. 0. 0. 0. 0. 0. 0. 0. 0. 0. 0. 0. 0. 0. 0. 0. 0. 0. 0.
 0. 0. 0. 0. 0. 0. 0. 0. 0. 0. 0. 0. 0. 0. 0. 0. 0. 0. 0. 0. 0. 0. 0. 0.
 0. 0. 0. 0. 0. 0. 0. 0. 0. 0. 0. 0. 0. 0. 0. 0. 0. 0. 0. 0. 0. 0. 0. 0.
 0. 0. 0. 0. 0. 0. 0. 0. 0. 0. 0. 0. 0. 0. 0. 0. 0. 0. 0. 0. 0. 0. 0. 0.
 0. 0. 0. 0. 0. 0. 0. 0. 0. 0. 0. 0. 0. 0. 0. 0. 0. 0. 0. 0. 0. 0. 0. 0.
 0. 0. 0. 0. 0. 0. 0. 0. 0. 0. 0. 0. 0. 0. 0. 0. 0. 0. 0. 0. 0. 0. 0. 0.
 0. 0. 0. 0. 0. 0. 0. 0. 0. 0. 0. 0. 0. 0. 0. 0. 0. 0. 0. 0. 0. 0. 0. 0.
 0. 0. 0. 0. 0. 0. 0. 0. 0. 0. 0. 0. 0. 0. 0. 0. 0. 0. 0. 0. 0. 0. 0. 0.
 0. 0. 0. 0. 0. 0. 0. 0. 0. 0. 0. 0. 0. 0. 0. 0. 0. 0. 0. 0. 0. 0. 0. 0.
 0. 0. 0. 0. 0. 0. 0. 0. 0. 0. 0. 0. 0.]",,,,,,0.020608599996194243,False,,,,,deterministic (mean only),1.0,0.0,0.0,0.0,1.5490651429990802e-09,9.760948171352554e-09,400
primal1,NETLIB,325,85,0.05,TSAR-No-calib,"[3.15426548e-02 0.00000000e+00 6.40051296e-04 0.00000000e+00
 0.00000000e+00 0.00000000e+00 0.00000000e+00 0.00000000e+00
 0.00000000e+00 6.73010075e-03 0.00000000e+00 6.09112627e-03
 0.00000000e+00 0.00000000e+00 0.00000000e+00 0.00000000e+00
 0.00000000e+00 4.11145292e-03 0.00000000e+00 0.00000000e+00
 0.00000000e+00 0.00000000e+00 0.00000000e+00 0.00000000e+00
 4.71589979e-03 1.87072622e-03 0.00000000e+00 0.00000000e+00
 0.00000000e+00 0.00000000e+00 0.00000000e+00 0.00000000e+00
 0.00000000e+00 0.00000000e+00 0.00000000e+00 4.19765371e-03
 0.00000000e+00 0.00000000e+00 2.39783408e-03 0.00000000e+00
 0.00000000e+00 0.00000000e+00 0.00000000e+00 0.00000000e+00
 0.00000000e+00 0.00000000e+00 0.00000000e+00 0.00000000e+00
 0.00000000e+00 0.00000000e+00 0.00000000e+00 0.00000000e+00
 0.00000000e+00 0.00000000e+00 0.00000000e+00 0.00000000e+00
 8.36972380e-03 0.00000000e+00 0.00000000e+00 0.00000000e+00
 3.98873213e-03 0.00000000e+00 0.00000000e+00 0.00000000e+00
 0.00000000e+00 0.00000000e+00 0.00000000e+00 0.00000000e+00
 6.97653498e-03 0.00000000e+00 0.00000000e+00 0.00000000e+00
 3.52101907e-03 3.83563152e-03 0.00000000e+00 0.00000000e+00
 0.00000000e+00 0.00000000e+00 0.00000000e+00 0.00000000e+00
 0.00000000e+00 0.00000000e+00 0.00000000e+00 0.00000000e+00
 1.44658421e-03 0.00000000e+00 8.60540823e-03 0.00000000e+00
 0.00000000e+00 0.00000000e+00 0.00000000e+00 0.00000000e+00
 0.00000000e+00 0.00000000e+00 0.00000000e+00 0.00000000e+00
 1.94380981e-03 5.20976105e-04 0.00000000e+00 2.66903362e-04
 0.00000000e+00 0.00000000e+00 0.00000000e+00 0.00000000e+00
 0.00000000e+00 7.24784482e-03 6.72816186e-03 0.00000000e+00
 0.00000000e+00 3.93773628e-03 0.00000000e+00 0.00000000e+00
 0.00000000e+00 0.00000000e+00 0.00000000e+00 0.00000000e+00
 0.00000000e+00 0.00000000e+00 0.00000000e+00 0.00000000e+00
 2.96858757e-02 0.00000000e+00 0.00000000e+00 0.00000000e+00
 0.00000000e+00 0.00000000e+00 0.00000000e+00 0.00000000e+00
 0.00000000e+00 1.08353104e-01 2.49950876e-02 0.00000000e+00
 2.27135205e-03 0.00000000e+00 3.50691702e-03 0.00000000e+00
 0.00000000e+00 0.00000000e+00 0.00000000e+00 0.00000000e+00
 0.00000000e+00 3.04567813e-03 7.71411395e-04 0.00000000e+00
 0.00000000e+00 0.00000000e+00 0.00000000e+00 0.00000000e+00
 0.00000000e+00 4.81794796e-03 0.00000000e+00 0.00000000e+00
 2.86536399e-02 2.43259359e-02 2.42818696e-02 3.82518464e-02
 0.00000000e+00 0.00000000e+00 0.00000000e+00 0.00000000e+00
 4.18417502e-03 0.00000000e+00 0.00000000e+00 5.92924445e-03
 0.00000000e+00 0.00000000e+00 0.00000000e+00 0.00000000e+00
 2.34031805e-03 0.00000000e+00 0.00000000e+00 0.00000000e+00
 0.00000000e+00 1.39451362e-02 0.00000000e+00 0.00000000e+00
 0.00000000e+00 0.00000000e+00 0.00000000e+00 0.00000000e+00
 0.00000000e+00 0.00000000e+00 0.00000000e+00 0.00000000e+00
 0.00000000e+00 0.00000000e+00 0.00000000e+00 8.54019146e-03
 0.00000000e+00 0.00000000e+00 0.00000000e+00 0.00000000e+00
 0.00000000e+00 0.00000000e+00 9.09871452e-05 0.00000000e+00
 0.00000000e+00 6.25872076e-03 0.00000000e+00 0.00000000e+00
 0.00000000e+00 0.00000000e+00 0.00000000e+00 0.00000000e+00
 0.00000000e+00 0.00000000e+00 1.14437641e-02 0.00000000e+00
 0.00000000e+00 2.71041033e-03 5.34235588e-03 2.46240935e-03
 0.00000000e+00 0.00000000e+00 0.00000000e+00 0.00000000e+00
 7.02546877e-03 0.00000000e+00 0.00000000e+00 0.00000000e+00
 0.00000000e+00 0.00000000e+00 0.00000000e+00 0.00000000e+00
 0.00000000e+00 0.00000000e+00 0.00000000e+00 3.12801321e-03
 0.00000000e+00 0.00000000e+00 0.00000000e+00 2.76458396e-02
 0.00000000e+00 0.00000000e+00 0.00000000e+00 0.00000000e+00
 0.00000000e+00 5.87773144e-04 0.00000000e+00 0.00000000e+00
 2.14273659e-02 0.00000000e+00 0.00000000e+00 0.00000000e+00
 5.39998038e-03 0.00000000e+00 0.00000000e+00 0.00000000e+00
 0.00000000e+00 0.00000000e+00 0.00000000e+00 0.00000000e+00
 0.00000000e+00 0.00000000e+00 0.00000000e+00 4.48549979e-04
 0.00000000e+00 0.00000000e+00 0.00000000e+00 0.00000000e+00
 0.00000000e+00 0.00000000e+00 1.24387825e-02 0.00000000e+00
 0.00000000e+00 4.57241238e-03 0.00000000e+00 0.00000000e+00
 0.00000000e+00 0.00000000e+00 0.00000000e+00 0.00000000e+00
 0.00000000e+00 0.00000000e+00 0.00000000e+00 0.00000000e+00
 0.00000000e+00 0.00000000e+00 0.00000000e+00 0.00000000e+00
 0.00000000e+00 0.00000000e+00 0.00000000e+00 0.00000000e+00
 6.66770734e-03 8.06850812e-03 5.32705082e-03 1.41882373e-02
 0.00000000e+00 0.00000000e+00 0.00000000e+00 0.00000000e+00
 6.03572614e-02 0.00000000e+00 0.00000000e+00 0.00000000e+00
 1.67790269e-03 0.00000000e+00 0.00000000e+00 0.00000000e+00
 0.00000000e+00 0.00000000e+00 0.00000000e+00 0.00000000e+00
 0.00000000e+00 0.00000000e+00 6.52821505e-03 0.00000000e+00
 0.00000000e+00 0.00000000e+00 0.00000000e+00 0.00000000e+00
 0.00000000e+00 0.00000000e+00 0.00000000e+00 0.00000000e+00
 0.00000000e+00 0.00000000e+00 0.00000000e+00 0.00000000e+00
 0.00000000e+00 0.00000000e+00 7.14506396e-03 0.00000000e+00
 5.64766451e-03]",-0.03154265484082293,-0.03154265484082293,0.0005347060846469799,-0.03259067876673101,-0.030494630914914847,0.10290420000092126,True,0.0,2.0,1.0,fixed_γ=2.0,No-calibration(fixed γ=2.0),1.0,0.0,-0.031566174126167586,0.0005414951771176303,0.0,0.0,400
primal1,NETLIB,325,85,0.1,FuzzyPD-LP,"[2.33420130e-02 0.00000000e+00 1.14985044e-03 0.00000000e+00
 0.00000000e+00 0.00000000e+00 6.55344790e-04 0.00000000e+00
 0.00000000e+00 0.00000000e+00 0.00000000e+00 6.44638082e-04
 0.00000000e+00 0.00000000e+00 0.00000000e+00 0.00000000e+00
 0.00000000e+00 8.03296802e-03 0.00000000e+00 0.00000000e+00
 0.00000000e+00 0.00000000e+00 0.00000000e+00 3.17291234e-03
 0.00000000e+00 0.00000000e+00 0.00000000e+00 0.00000000e+00
 1.71618247e-03 0.00000000e+00 0.00000000e+00 0.00000000e+00
 0.00000000e+00 0.00000000e+00 0.00000000e+00 0.00000000e+00
 0.00000000e+00 0.00000000e+00 0.00000000e+00 6.67866300e-04
 0.00000000e+00 0.00000000e+00 0.00000000e+00 0.00000000e+00
 0.00000000e+00 0.00000000e+00 0.00000000e+00 0.00000000e+00
 0.00000000e+00 0.00000000e+00 0.00000000e+00 5.59395872e-04
 0.00000000e+00 0.00000000e+00 0.00000000e+00 0.00000000e+00
 0.00000000e+00 0.00000000e+00 0.00000000e+00 0.00000000e+00
 0.00000000e+00 0.00000000e+00 0.00000000e+00 1.41010552e-03
 0.00000000e+00 0.00000000e+00 0.00000000e+00 0.00000000e+00
 6.84117805e-03 0.00000000e+00 0.00000000e+00 0.00000000e+00
 0.00000000e+00 2.57521578e-03 0.00000000e+00 0.00000000e+00
 0.00000000e+00 0.00000000e+00 0.00000000e+00 0.00000000e+00
 0.00000000e+00 0.00000000e+00 0.00000000e+00 0.00000000e+00
 7.46712713e-04 0.00000000e+00 0.00000000e+00 1.05443082e-03
 0.00000000e+00 0.00000000e+00 0.00000000e+00 0.00000000e+00
 2.16516305e-03 0.00000000e+00 0.00000000e+00 0.00000000e+00
 0.00000000e+00 4.86689797e-04 0.00000000e+00 0.00000000e+00
 0.00000000e+00 0.00000000e+00 0.00000000e+00 0.00000000e+00
 0.00000000e+00 0.00000000e+00 5.05472090e-04 0.00000000e+00
 0.00000000e+00 1.01834240e-03 0.00000000e+00 0.00000000e+00
 0.00000000e+00 0.00000000e+00 0.00000000e+00 0.00000000e+00
 0.00000000e+00 0.00000000e+00 0.00000000e+00 0.00000000e+00
 2.00377125e-02 0.00000000e+00 0.00000000e+00 4.04308526e-04
 0.00000000e+00 0.00000000e+00 1.21810481e-02 0.00000000e+00
 0.00000000e+00 9.15194246e-03 0.00000000e+00 0.00000000e+00
 1.10207777e-03 0.00000000e+00 0.00000000e+00 0.00000000e+00
 0.00000000e+00 0.00000000e+00 0.00000000e+00 0.00000000e+00
 0.00000000e+00 2.42036082e-03 0.00000000e+00 0.00000000e+00
 0.00000000e+00 0.00000000e+00 0.00000000e+00 0.00000000e+00
 0.00000000e+00 0.00000000e+00 0.00000000e+00 0.00000000e+00
 3.02939824e-03 0.00000000e+00 0.00000000e+00 2.27136874e-03
 0.00000000e+00 0.00000000e+00 0.00000000e+00 0.00000000e+00
 1.32839722e-03 0.00000000e+00 0.00000000e+00 0.00000000e+00
 0.00000000e+00 0.00000000e+00 0.00000000e+00 9.25977806e-05
 0.00000000e+00 0.00000000e+00 0.00000000e+00 0.00000000e+00
 0.00000000e+00 4.52862182e-03 0.00000000e+00 0.00000000e+00
 0.00000000e+00 0.00000000e+00 0.00000000e+00 0.00000000e+00
 0.00000000e+00 0.00000000e+00 0.00000000e+00 0.00000000e+00
 0.00000000e+00 0.00000000e+00 0.00000000e+00 1.90870020e-03
 0.00000000e+00 0.00000000e+00 0.00000000e+00 0.00000000e+00
 0.00000000e+00 0.00000000e+00 0.00000000e+00 0.00000000e+00
 0.00000000e+00 0.00000000e+00 0.00000000e+00 0.00000000e+00
 0.00000000e+00 0.00000000e+00 0.00000000e+00 0.00000000e+00
 0.00000000e+00 0.00000000e+00 1.30107791e-03 0.00000000e+00
 0.00000000e+00 0.00000000e+00 0.00000000e+00 0.00000000e+00
 0.00000000e+00 9.98294353e-04 0.00000000e+00 0.00000000e+00
 1.84213548e-03 0.00000000e+00 1.78474230e-03 0.00000000e+00
 0.00000000e+00 0.00000000e+00 0.00000000e+00 0.00000000e+00
 0.00000000e+00 0.00000000e+00 0.00000000e+00 0.00000000e+00
 0.00000000e+00 0.00000000e+00 0.00000000e+00 0.00000000e+00
 0.00000000e+00 0.00000000e+00 0.00000000e+00 0.00000000e+00
 0.00000000e+00 1.81101025e-03 0.00000000e+00 0.00000000e+00
 2.46827826e-02 0.00000000e+00 0.00000000e+00 0.00000000e+00
 2.04188851e-03 0.00000000e+00 0.00000000e+00 0.00000000e+00
 2.78178720e-03 1.09006207e-02 0.00000000e+00 1.42276835e-03
 0.00000000e+00 0.00000000e+00 0.00000000e+00 0.00000000e+00
 0.00000000e+00 0.00000000e+00 0.00000000e+00 0.00000000e+00
 0.00000000e+00 0.00000000e+00 1.18361517e-02 0.00000000e+00
 2.90824372e-02 0.00000000e+00 0.00000000e+00 0.00000000e+00
 3.53057858e-04 0.00000000e+00 0.00000000e+00 0.00000000e+00
 0.00000000e+00 0.00000000e+00 0.00000000e+00 0.00000000e+00
 0.00000000e+00 0.00000000e+00 0.00000000e+00 0.00000000e+00
 0.00000000e+00 0.00000000e+00 0.00000000e+00 0.00000000e+00
 0.00000000e+00 0.00000000e+00 1.74698632e-03 0.00000000e+00
 0.00000000e+00 0.00000000e+00 0.00000000e+00 0.00000000e+00
 0.00000000e+00 0.00000000e+00 0.00000000e+00 0.00000000e+00
 6.84017507e-04 0.00000000e+00 0.00000000e+00 0.00000000e+00
 0.00000000e+00 0.00000000e+00 0.00000000e+00 0.00000000e+00
 0.00000000e+00 0.00000000e+00 0.00000000e+00 0.00000000e+00
 0.00000000e+00 0.00000000e+00 0.00000000e+00 0.00000000e+00
 1.49062580e-04 0.00000000e+00 0.00000000e+00 0.00000000e+00
 0.00000000e+00 0.00000000e+00 0.00000000e+00 0.00000000e+00
 4.19468965e-04 0.00000000e+00 0.00000000e+00 0.00000000e+00
 4.85704135e-04]",-0.02334201302155724,-0.02334201302155724,0.0007913801137291316,-0.02489311804446634,-0.02179090799864814,141.39650360000087,True,0.0,5.0,1.0,BS,BS(γ=5.0)+AdvSAA(100)+Combo,1.0,0.0,-0.023376822170538363,0.0008014281943332566,0.0,0.0,400
primal1,NETLIB,325,85,0.1,Bertsimas-Sim(γ=3.0),"[0.02688336 0.         0.00181194 0.         0.         0.
 0.000959   0.         0.         0.         0.         0.00193023
 0.         0.00080311 0.         0.         0.         0.00776069
 0.         0.         0.         0.         0.         0.00267845
 0.         0.00061531 0.         0.         0.         0.
 0.         0.         0.         0.         0.         0.
 0.         0.         0.         0.0018502  0.         0.
 0.         0.         0.         0.         0.         0.
 0.         0.         0.         0.00961222 0.         0.
 0.         0.         0.         0.         0.         0.
 0.00198126 0.         0.         0.00073981 0.         0.
 0.         0.         0.00551177 0.         0.         0.
 0.         0.         0.         0.         0.         0.
 0.         0.         0.         0.         0.         0.
 0.00175261 0.         0.0032919  0.00014638 0.         0.
 0.         0.         0.00869638 0.         0.         0.
 0.         0.00284047 0.         0.         0.         0.
 0.         0.         0.         0.         0.00176273 0.
 0.         0.0001539  0.         0.         0.         0.
 0.         0.         0.         0.         0.         0.
 0.02371832 0.         0.         0.         0.         0.
 0.00416837 0.         0.         0.03264862 0.         0.
 0.         0.         0.         0.         0.         0.
 0.         0.         0.         0.00220718 0.         0.
 0.         0.         0.         0.         0.         0.00054981
 0.         0.         0.00251567 0.         0.         0.00456293
 0.         0.         0.0011359  0.         0.00166509 0.
 0.         0.00074471 0.         0.         0.         0.
 0.         0.         0.         0.         0.         0.00500137
 0.         0.         0.00043031 0.         0.         0.
 0.         0.         0.         0.         0.         0.
 0.         0.00427768 0.         0.         0.         0.
 0.         0.         0.00057827 0.         0.         0.00126532
 0.         0.         0.         0.         0.         0.00111987
 0.         0.         0.00129184 0.         0.         0.
 0.         0.         0.         0.00019154 0.         0.
 0.0004966  0.         0.01844909 0.         0.         0.
 0.         0.         0.         0.         0.         0.
 0.         0.         0.         0.00930557 0.         0.
 0.00198964 0.         0.         0.00167802 0.         0.
 0.01814078 0.         0.         0.         0.00300792 0.
 0.         0.         0.0053794  0.00367487 0.         0.00187761
 0.         0.         0.         0.         0.         0.
 0.         0.         0.         0.         0.01166996 0.
 0.         0.         0.         0.         0.         0.
 0.         0.         0.         0.         0.         0.
 0.         0.         0.         0.         0.         0.
 0.         0.         0.         0.         0.00308886 0.00376
 0.         0.         0.         0.         0.03894209 0.
 0.         0.         0.00085028 0.         0.         0.
 0.         0.         0.         0.         0.         0.
 0.         0.         0.         0.         0.         0.
 0.         0.         0.         0.         0.         0.
 0.         0.         0.         0.         0.         0.
 0.00154026]",-0.02414902378785502,,,,,0.10845520001021214,True,,3.0,1.0,,parametric robust (γ=3.0),1.0,0.0,-0.026923451893420144,0.0009230173919276526,0.0,0.0,400
primal1,NETLIB,325,85,0.1,HiGHS-SAA,"[0. 0. 0. 0. 0. 0. 0. 0. 0. 0. 0. 0. 0. 0. 0. 0. 0. 0. 0. 0. 0. 0. 0. 0.
 0. 0. 0. 0. 0. 0. 0. 0. 0. 0. 0. 0. 0. 0. 0. 0. 0. 0. 0. 0. 0. 0. 0. 0.
 0. 0. 0. 0. 0. 0. 0. 0. 0. 0. 0. 0. 0. 0. 0. 0. 0. 0. 0. 0. 0. 0. 0. 0.
 0. 0. 0. 0. 0. 0. 0. 0. 0. 0. 0. 0. 0. 0. 0. 0. 0. 0. 0. 0. 0. 0. 0. 0.
 0. 0. 0. 0. 0. 0. 0. 0. 0. 0. 0. 0. 0. 0. 0. 0. 0. 0. 0. 0. 0. 0. 0. 0.
 0. 0. 0. 0. 0. 0. 0. 0. 0. 0. 0. 0. 0. 0. 0. 0. 0. 0. 0. 0. 0. 0. 0. 0.
 0. 0. 0. 0. 0. 0. 0. 0. 0. 0. 0. 0. 0. 0. 0. 0. 0. 0. 0. 0. 0. 0. 0. 0.
 0. 0. 0. 0. 0. 0. 0. 0. 0. 0. 0. 0. 0. 0. 0. 0. 0. 0. 0. 0. 0. 0. 0. 0.
 0. 0. 0. 0. 0. 0. 0. 0. 0. 0. 0. 0. 0. 0. 0. 0. 0. 0. 0. 0. 0. 0. 0. 0.
 0. 0. 0. 0. 0. 0. 0. 0. 0. 0. 0. 0. 0. 0. 0. 0. 0. 0. 0. 0. 0. 0. 0. 0.
 0. 0. 0. 0. 0. 0. 0. 0. 0. 0. 0. 0. 0. 0. 0. 0. 0. 0. 0. 0. 0. 0. 0. 0.
 0. 0. 0. 0. 0. 0. 0. 0. 0. 0. 0. 0. 0. 0. 0. 0. 0. 0. 0. 0. 0. 0. 0. 0.
 0. 0. 0. 0. 0. 0. 0. 0. 0. 0. 0. 0. 0. 0. 0. 0. 0. 0. 0. 0. 0. 0. 0. 0.
 0. 0. 0. 0. 0. 0. 0. 0. 0. 0. 0. 0. 0.]",,,,,,121.08431460001157,False,,,,,100,1.0,0.0,0.0,0.0,1.5490651429990802e-09,9.760948171352554e-09,400
primal1,NETLIB,325,85,0.1,Nominal-LP,"[0. 0. 0. 0. 0. 0. 0. 0. 0. 0. 0. 0. 0. 0. 0. 0. 0. 0. 0. 0. 0. 0. 0. 0.
 0. 0. 0. 0. 0. 0. 0. 0. 0. 0. 0. 0. 0. 0. 0. 0. 0. 0. 0. 0. 0. 0. 0. 0.
 0. 0. 0. 0. 0. 0. 0. 0. 0. 0. 0. 0. 0. 0. 0. 0. 0. 0. 0. 0. 0. 0. 0. 0.
 0. 0. 0. 0. 0. 0. 0. 0. 0. 0. 0. 0. 0. 0. 0. 0. 0. 0. 0. 0. 0. 0. 0. 0.
 0. 0. 0. 0. 0. 0. 0. 0. 0. 0. 0. 0. 0. 0. 0. 0. 0. 0. 0. 0. 0. 0. 0. 0.
 0. 0. 0. 0. 0. 0. 0. 0. 0. 0. 0. 0. 0. 0. 0. 0. 0. 0. 0. 0. 0. 0. 0. 0.
 0. 0. 0. 0. 0. 0. 0. 0. 0. 0. 0. 0. 0. 0. 0. 0. 0. 0. 0. 0. 0. 0. 0. 0.
 0. 0. 0. 0. 0. 0. 0. 0. 0. 0. 0. 0. 0. 0. 0. 0. 0. 0. 0. 0. 0. 0. 0. 0.
 0. 0. 0. 0. 0. 0. 0. 0. 0. 0. 0. 0. 0. 0. 0. 0. 0. 0. 0. 0. 0. 0. 0. 0.
 0. 0. 0. 0. 0. 0. 0. 0. 0. 0. 0. 0. 0. 0. 0. 0. 0. 0. 0. 0. 0. 0. 0. 0.
 0. 0. 0. 0. 0. 0. 0. 0. 0. 0. 0. 0. 0. 0. 0. 0. 0. 0. 0. 0. 0. 0. 0. 0.
 0. 0. 0. 0. 0. 0. 0. 0. 0. 0. 0. 0. 0. 0. 0. 0. 0. 0. 0. 0. 0. 0. 0. 0.
 0. 0. 0. 0. 0. 0. 0. 0. 0. 0. 0. 0. 0. 0. 0. 0. 0. 0. 0. 0. 0. 0. 0. 0.
 0. 0. 0. 0. 0. 0. 0. 0. 0. 0. 0. 0. 0.]",,,,,,0.027631199976895005,False,,,,,deterministic (mean only),1.0,0.0,0.0,0.0,1.5490651429990802e-09,9.760948171352554e-09,400
primal1,NETLIB,325,85,0.1,TSAR-No-calib,"[0.02889945 0.         0.         0.         0.         0.
 0.         0.         0.         0.         0.         0.00016453
 0.         0.         0.         0.         0.         0.00801382
 0.         0.         0.         0.         0.         0.00175256
 0.00142341 0.00097961 0.         0.         0.         0.
 0.         0.         0.         0.         0.00079166 0.
 0.         0.         0.         0.00117479 0.         0.
 0.         0.         0.         0.         0.         0.
 0.         0.         0.         0.00825766 0.         0.
 0.         0.         0.         0.         0.         0.
 0.00168412 0.         0.         0.         0.         0.
 0.         0.         0.00331574 0.         0.         0.
 0.00279783 0.         0.         0.         0.         0.
 0.         0.         0.         0.         0.         0.
 0.00256923 0.         0.00352615 0.00021433 0.         0.
 0.         0.         0.00067977 0.         0.         0.
 0.00157061 0.00275844 0.         0.         0.         0.
 0.         0.         0.         0.         0.00476723 0.
 0.         0.         0.         0.         0.         0.
 0.         0.         0.         0.         0.         0.
 0.03406319 0.         0.         0.00081942 0.         0.
 0.00564521 0.         0.         0.02588324 0.         0.
 0.         0.         0.         0.         0.         0.
 0.00045621 0.         0.         0.00204806 0.         0.
 0.         0.         0.         0.         0.         0.00176771
 0.         0.         0.00514637 0.00135158 0.         0.00528169
 0.         0.         0.00087313 0.         0.001728   0.
 0.         0.00091223 0.         0.         0.         0.
 0.         0.         0.         0.         0.         0.00346956
 0.         0.         0.         0.         0.         0.
 0.         0.         0.         0.         0.         0.
 0.         0.00442258 0.         0.         0.         0.
 0.         0.         0.0001449  0.         0.         0.
 0.         0.         0.         0.         0.         0.00205478
 0.         0.         0.00056275 0.         0.         0.
 0.         0.         0.         0.         0.         0.
 0.00090623 0.         0.         0.         0.         0.00051258
 0.         0.         0.         0.         0.         0.
 0.         0.         0.         0.0053503  0.         0.
 0.0022884  0.         0.         0.0018968  0.         0.
 0.01699814 0.         0.         0.         0.00339704 0.
 0.         0.         0.00767235 0.01584958 0.         0.00279363
 0.         0.         0.         0.         0.         0.
 0.         0.         0.         0.         0.01238719 0.
 0.         0.         0.         0.         0.         0.
 0.         0.         0.         0.         0.         0.
 0.         0.         0.         0.         0.         0.
 0.         0.         0.         0.         0.00175589 0.00453154
 0.         0.         0.         0.         0.04629275 0.
 0.         0.         0.00250781 0.00125258 0.         0.
 0.         0.         0.         0.         0.         0.
 0.00031274 0.         0.         0.         0.         0.
 0.         0.         0.         0.         0.         0.
 0.         0.         0.         0.         0.         0.
 0.00013429]",-0.028899448364559557,-0.028899448364559557,0.0009797976169550083,-0.030819851693791374,-0.02697904503532774,0.10281250000116415,True,0.0,2.0,1.0,fixed_γ=2.0,No-calibration(fixed γ=2.0),1.0,0.0,-0.028942545147717495,0.0009922380228351612,0.0,0.0,400
primal1,NETLIB,325,85,0.2,FuzzyPD-LP,"[0.01594987 0.         0.         0.         0.         0.
 0.         0.         0.         0.         0.         0.00164122
 0.         0.00083471 0.         0.         0.         0.00793525
 0.         0.         0.         0.00053878 0.         0.00228782
 0.         0.         0.         0.         0.00168809 0.
 0.         0.         0.         0.         0.         0.
 0.         0.         0.         0.00222643 0.         0.
 0.         0.         0.         0.         0.         0.
 0.         0.         0.         0.00212726 0.         0.
 0.         0.         0.         0.         0.         0.
 0.00075615 0.00269137 0.         0.00104679 0.         0.
 0.         0.         0.00715266 0.0014854  0.         0.
 0.00056928 0.00308531 0.         0.         0.         0.
 0.         0.         0.         0.         0.         0.
 0.00211196 0.         0.00024661 0.00165083 0.         0.
 0.         0.         0.00687312 0.         0.         0.
 0.         0.00135312 0.         0.         0.         0.
 0.         0.         0.         0.         0.         0.
 0.         0.         0.         0.         0.         0.
 0.         0.         0.         0.         0.         0.
 0.00339695 0.         0.         0.00086817 0.         0.
 0.01766739 0.         0.         0.01412189 0.         0.0003541
 0.         0.         0.         0.         0.         0.
 0.         0.         0.         0.00192111 0.         0.
 0.         0.         0.         0.         0.         0.
 0.         0.         0.00139262 0.         0.         0.
 0.         0.         0.         0.         0.         0.
 0.         0.         0.         0.         0.         0.00016498
 0.         0.         0.00031498 0.         0.         0.00451348
 0.         0.         0.         0.         0.         0.
 0.         0.         0.         0.         0.         0.
 0.         0.0011553  0.         0.         0.         0.
 0.         0.         0.         0.         0.         0.
 0.         0.         0.         0.         0.         0.
 0.         0.         0.         0.         0.         0.
 0.         0.         0.         0.         0.         0.
 0.00078603 0.         0.         0.         0.         0.
 0.         0.         0.         0.         0.         0.
 0.         0.         0.         0.00062194 0.         0.
 0.         0.         0.         0.         0.         0.
 0.01984686 0.         0.         0.         0.00066762 0.
 0.         0.         0.0020688  0.01203048 0.         0.0022751
 0.         0.         0.         0.         0.         0.
 0.         0.         0.         0.         0.00488399 0.
 0.0093857  0.         0.         0.         0.         0.
 0.         0.         0.         0.         0.         0.
 0.         0.         0.         0.         0.         0.
 0.         0.00060502 0.         0.00118802 0.00403329 0.
 0.         0.         0.         0.         0.         0.
 0.         0.         0.         0.         0.         0.
 0.         0.         0.         0.         0.         0.
 0.         0.         0.         0.         0.         0.
 0.         0.         0.         0.         0.         0.
 0.         0.         0.00498639 0.         0.         0.
 0.        ]",-0.015949865151072093,-0.015949865151072093,0.001081518147179853,-0.018069640719544606,-0.013830089582599582,142.2804367999779,True,0.0,5.0,1.0,BS,BS(γ=5.0)+AdvSAA(100)+Combo,1.0,0.0,-0.01599743613108395,0.001095250081553231,0.0,0.0,400
primal1,NETLIB,325,85,0.2,Bertsimas-Sim(γ=3.0),"[2.17638155e-02 0.00000000e+00 8.99877402e-04 0.00000000e+00
 0.00000000e+00 0.00000000e+00 0.00000000e+00 0.00000000e+00
 0.00000000e+00 0.00000000e+00 0.00000000e+00 1.34956687e-03
 0.00000000e+00 4.26491240e-04 0.00000000e+00 0.00000000e+00
 0.00000000e+00 7.63772279e-03 0.00000000e+00 0.00000000e+00
 0.00000000e+00 0.00000000e+00 0.00000000e+00 3.11959608e-03
 0.00000000e+00 0.00000000e+00 0.00000000e+00 0.00000000e+00
 2.47298034e-03 0.00000000e+00 0.00000000e+00 0.00000000e+00
 0.00000000e+00 0.00000000e+00 0.00000000e+00 0.00000000e+00
 0.00000000e+00 0.00000000e+00 0.00000000e+00 1.65354931e-03
 0.00000000e+00 0.00000000e+00 0.00000000e+00 0.00000000e+00
 0.00000000e+00 0.00000000e+00 0.00000000e+00 0.00000000e+00
 0.00000000e+00 0.00000000e+00 0.00000000e+00 1.03853240e-03
 0.00000000e+00 0.00000000e+00 0.00000000e+00 0.00000000e+00
 0.00000000e+00 0.00000000e+00 0.00000000e+00 0.00000000e+00
 1.56816111e-04 0.00000000e+00 0.00000000e+00 3.81268986e-04
 0.00000000e+00 0.00000000e+00 0.00000000e+00 0.00000000e+00
 6.87950484e-03 0.00000000e+00 0.00000000e+00 0.00000000e+00
 0.00000000e+00 4.28546292e-03 0.00000000e+00 0.00000000e+00
 0.00000000e+00 0.00000000e+00 0.00000000e+00 0.00000000e+00
 0.00000000e+00 0.00000000e+00 0.00000000e+00 0.00000000e+00
 9.40210677e-04 0.00000000e+00 0.00000000e+00 1.29207825e-03
 0.00000000e+00 0.00000000e+00 0.00000000e+00 0.00000000e+00
 3.70701517e-03 0.00000000e+00 0.00000000e+00 0.00000000e+00
 0.00000000e+00 1.47928240e-03 0.00000000e+00 0.00000000e+00
 0.00000000e+00 0.00000000e+00 0.00000000e+00 0.00000000e+00
 0.00000000e+00 0.00000000e+00 4.85644956e-04 0.00000000e+00
 0.00000000e+00 2.12907042e-03 0.00000000e+00 0.00000000e+00
 0.00000000e+00 0.00000000e+00 0.00000000e+00 0.00000000e+00
 0.00000000e+00 0.00000000e+00 0.00000000e+00 0.00000000e+00
 1.37524253e-02 0.00000000e+00 0.00000000e+00 4.46036086e-04
 0.00000000e+00 0.00000000e+00 1.28529026e-02 0.00000000e+00
 0.00000000e+00 8.54135751e-03 0.00000000e+00 0.00000000e+00
 4.96413222e-04 0.00000000e+00 0.00000000e+00 0.00000000e+00
 0.00000000e+00 0.00000000e+00 0.00000000e+00 0.00000000e+00
 0.00000000e+00 2.17103396e-03 0.00000000e+00 0.00000000e+00
 0.00000000e+00 0.00000000e+00 0.00000000e+00 0.00000000e+00
 0.00000000e+00 9.43310029e-05 0.00000000e+00 0.00000000e+00
 2.50875555e-03 0.00000000e+00 0.00000000e+00 2.79539570e-03
 0.00000000e+00 0.00000000e+00 0.00000000e+00 0.00000000e+00
 3.20853356e-04 0.00000000e+00 0.00000000e+00 0.00000000e+00
 0.00000000e+00 0.00000000e+00 0.00000000e+00 0.00000000e+00
 0.00000000e+00 0.00000000e+00 0.00000000e+00 0.00000000e+00
 0.00000000e+00 4.86162614e-03 0.00000000e+00 0.00000000e+00
 0.00000000e+00 0.00000000e+00 0.00000000e+00 0.00000000e+00
 0.00000000e+00 0.00000000e+00 0.00000000e+00 0.00000000e+00
 0.00000000e+00 0.00000000e+00 0.00000000e+00 2.64743265e-03
 0.00000000e+00 0.00000000e+00 0.00000000e+00 0.00000000e+00
 0.00000000e+00 0.00000000e+00 0.00000000e+00 0.00000000e+00
 0.00000000e+00 0.00000000e+00 0.00000000e+00 0.00000000e+00
 0.00000000e+00 0.00000000e+00 0.00000000e+00 0.00000000e+00
 0.00000000e+00 0.00000000e+00 1.17175844e-03 0.00000000e+00
 0.00000000e+00 1.00177657e-04 0.00000000e+00 0.00000000e+00
 0.00000000e+00 6.16537558e-04 0.00000000e+00 0.00000000e+00
 1.22217849e-03 0.00000000e+00 2.52877312e-03 0.00000000e+00
 0.00000000e+00 0.00000000e+00 0.00000000e+00 0.00000000e+00
 0.00000000e+00 0.00000000e+00 0.00000000e+00 0.00000000e+00
 0.00000000e+00 0.00000000e+00 0.00000000e+00 0.00000000e+00
 0.00000000e+00 0.00000000e+00 0.00000000e+00 0.00000000e+00
 0.00000000e+00 1.30991083e-03 0.00000000e+00 0.00000000e+00
 2.41329391e-02 0.00000000e+00 0.00000000e+00 0.00000000e+00
 1.39646419e-03 0.00000000e+00 0.00000000e+00 0.00000000e+00
 3.42127510e-03 1.03722255e-02 0.00000000e+00 1.46199751e-03
 0.00000000e+00 0.00000000e+00 0.00000000e+00 0.00000000e+00
 0.00000000e+00 0.00000000e+00 0.00000000e+00 0.00000000e+00
 0.00000000e+00 0.00000000e+00 1.02351806e-02 0.00000000e+00
 0.00000000e+00 0.00000000e+00 0.00000000e+00 0.00000000e+00
 3.08559719e-05 0.00000000e+00 0.00000000e+00 0.00000000e+00
 0.00000000e+00 0.00000000e+00 0.00000000e+00 0.00000000e+00
 0.00000000e+00 0.00000000e+00 0.00000000e+00 0.00000000e+00
 0.00000000e+00 0.00000000e+00 0.00000000e+00 0.00000000e+00
 0.00000000e+00 2.36813152e-04 2.88841573e-03 0.00000000e+00
 0.00000000e+00 0.00000000e+00 0.00000000e+00 0.00000000e+00
 2.33690647e-02 0.00000000e+00 0.00000000e+00 0.00000000e+00
 1.23706070e-04 0.00000000e+00 0.00000000e+00 0.00000000e+00
 0.00000000e+00 0.00000000e+00 0.00000000e+00 0.00000000e+00
 0.00000000e+00 0.00000000e+00 0.00000000e+00 0.00000000e+00
 0.00000000e+00 0.00000000e+00 0.00000000e+00 0.00000000e+00
 0.00000000e+00 0.00000000e+00 0.00000000e+00 0.00000000e+00
 0.00000000e+00 0.00000000e+00 0.00000000e+00 0.00000000e+00
 1.98389518e-03 0.00000000e+00 0.00000000e+00 0.00000000e+00
 0.00000000e+00]",-0.01733657309095229,,,,,0.08904599997913465,True,,3.0,1.0,,parametric robust (γ=3.0),1.0,0.0,-0.021828726752611317,0.0014944841613946998,0.0,0.0,400
primal1,NETLIB,325,85,0.2,HiGHS-SAA,"[0. 0. 0. 0. 0. 0. 0. 0. 0. 0. 0. 0. 0. 0. 0. 0. 0. 0. 0. 0. 0. 0. 0. 0.
 0. 0. 0. 0. 0. 0. 0. 0. 0. 0. 0. 0. 0. 0. 0. 0. 0. 0. 0. 0. 0. 0. 0. 0.
 0. 0. 0. 0. 0. 0. 0. 0. 0. 0. 0. 0. 0. 0. 0. 0. 0. 0. 0. 0. 0. 0. 0. 0.
 0. 0. 0. 0. 0. 0. 0. 0. 0. 0. 0. 0. 0. 0. 0. 0. 0. 0. 0. 0. 0. 0. 0. 0.
 0. 0. 0. 0. 0. 0. 0. 0. 0. 0. 0. 0. 0. 0. 0. 0. 0. 0. 0. 0. 0. 0. 0. 0.
 0. 0. 0. 0. 0. 0. 0. 0. 0. 0. 0. 0. 0. 0. 0. 0. 0. 0. 0. 0. 0. 0. 0. 0.
 0. 0. 0. 0. 0. 0. 0. 0. 0. 0. 0. 0. 0. 0. 0. 0. 0. 0. 0. 0. 0. 0. 0. 0.
 0. 0. 0. 0. 0. 0. 0. 0. 0. 0. 0. 0. 0. 0. 0. 0. 0. 0. 0. 0. 0. 0. 0. 0.
 0. 0. 0. 0. 0. 0. 0. 0. 0. 0. 0. 0. 0. 0. 0. 0. 0. 0. 0. 0. 0. 0. 0. 0.
 0. 0. 0. 0. 0. 0. 0. 0. 0. 0. 0. 0. 0. 0. 0. 0. 0. 0. 0. 0. 0. 0. 0. 0.
 0. 0. 0. 0. 0. 0. 0. 0. 0. 0. 0. 0. 0. 0. 0. 0. 0. 0. 0. 0. 0. 0. 0. 0.
 0. 0. 0. 0. 0. 0. 0. 0. 0. 0. 0. 0. 0. 0. 0. 0. 0. 0. 0. 0. 0. 0. 0. 0.
 0. 0. 0. 0. 0. 0. 0. 0. 0. 0. 0. 0. 0. 0. 0. 0. 0. 0. 0. 0. 0. 0. 0. 0.
 0. 0. 0. 0. 0. 0. 0. 0. 0. 0. 0. 0. 0.]",,,,,,120.93354559998261,False,,,,,100,1.0,0.0,0.0,0.0,1.5490651429990802e-09,9.760948171352554e-09,400
primal1,NETLIB,325,85,0.2,Nominal-LP,"[0. 0. 0. 0. 0. 0. 0. 0. 0. 0. 0. 0. 0. 0. 0. 0. 0. 0. 0. 0. 0. 0. 0. 0.
 0. 0. 0. 0. 0. 0. 0. 0. 0. 0. 0. 0. 0. 0. 0. 0. 0. 0. 0. 0. 0. 0. 0. 0.
 0. 0. 0. 0. 0. 0. 0. 0. 0. 0. 0. 0. 0. 0. 0. 0. 0. 0. 0. 0. 0. 0. 0. 0.
 0. 0. 0. 0. 0. 0. 0. 0. 0. 0. 0. 0. 0. 0. 0. 0. 0. 0. 0. 0. 0. 0. 0. 0.
 0. 0. 0. 0. 0. 0. 0. 0. 0. 0. 0. 0. 0. 0. 0. 0. 0. 0. 0. 0. 0. 0. 0. 0.
 0. 0. 0. 0. 0. 0. 0. 0. 0. 0. 0. 0. 0. 0. 0. 0. 0. 0. 0. 0. 0. 0. 0. 0.
 0. 0. 0. 0. 0. 0. 0. 0. 0. 0. 0. 0. 0. 0. 0. 0. 0. 0. 0. 0. 0. 0. 0. 0.
 0. 0. 0. 0. 0. 0. 0. 0. 0. 0. 0. 0. 0. 0. 0. 0. 0. 0. 0. 0. 0. 0. 0. 0.
 0. 0. 0. 0. 0. 0. 0. 0. 0. 0. 0. 0. 0. 0. 0. 0. 0. 0. 0. 0. 0. 0. 0. 0.
 0. 0. 0. 0. 0. 0. 0. 0. 0. 0. 0. 0. 0. 0. 0. 0. 0. 0. 0. 0. 0. 0. 0. 0.
 0. 0. 0. 0. 0. 0. 0. 0. 0. 0. 0. 0. 0. 0. 0. 0. 0. 0. 0. 0. 0. 0. 0. 0.
 0. 0. 0. 0. 0. 0. 0. 0. 0. 0. 0. 0. 0. 0. 0. 0. 0. 0. 0. 0. 0. 0. 0. 0.
 0. 0. 0. 0. 0. 0. 0. 0. 0. 0. 0. 0. 0. 0. 0. 0. 0. 0. 0. 0. 0. 0. 0. 0.
 0. 0. 0. 0. 0. 0. 0. 0. 0. 0. 0. 0. 0.]",,,,,,0.015359300014097244,False,,,,,deterministic (mean only),1.0,0.0,0.0,0.0,1.5490651429990802e-09,9.760948171352554e-09,400
primal1,NETLIB,325,85,0.2,TSAR-No-calib,"[2.50231645e-02 0.00000000e+00 2.39220831e-03 0.00000000e+00
 0.00000000e+00 0.00000000e+00 1.09669119e-03 0.00000000e+00
 0.00000000e+00 0.00000000e+00 0.00000000e+00 1.01840699e-03
 0.00000000e+00 3.85415020e-04 0.00000000e+00 0.00000000e+00
 0.00000000e+00 9.05528236e-03 0.00000000e+00 0.00000000e+00
 0.00000000e+00 0.00000000e+00 0.00000000e+00 3.15362793e-03
 0.00000000e+00 0.00000000e+00 0.00000000e+00 0.00000000e+00
 0.00000000e+00 0.00000000e+00 0.00000000e+00 0.00000000e+00
 0.00000000e+00 0.00000000e+00 0.00000000e+00 0.00000000e+00
 0.00000000e+00 0.00000000e+00 0.00000000e+00 1.38111328e-03
 0.00000000e+00 0.00000000e+00 0.00000000e+00 0.00000000e+00
 0.00000000e+00 0.00000000e+00 0.00000000e+00 0.00000000e+00
 0.00000000e+00 0.00000000e+00 0.00000000e+00 0.00000000e+00
 0.00000000e+00 0.00000000e+00 0.00000000e+00 0.00000000e+00
 0.00000000e+00 0.00000000e+00 0.00000000e+00 0.00000000e+00
 5.66613038e-04 0.00000000e+00 0.00000000e+00 1.52225207e-03
 0.00000000e+00 0.00000000e+00 0.00000000e+00 0.00000000e+00
 7.67497802e-03 0.00000000e+00 0.00000000e+00 0.00000000e+00
 0.00000000e+00 2.11250161e-03 0.00000000e+00 0.00000000e+00
 0.00000000e+00 0.00000000e+00 0.00000000e+00 0.00000000e+00
 0.00000000e+00 0.00000000e+00 0.00000000e+00 0.00000000e+00
 0.00000000e+00 0.00000000e+00 2.79930903e-05 0.00000000e+00
 0.00000000e+00 0.00000000e+00 0.00000000e+00 0.00000000e+00
 5.97838662e-03 0.00000000e+00 0.00000000e+00 0.00000000e+00
 6.13452748e-05 0.00000000e+00 0.00000000e+00 0.00000000e+00
 0.00000000e+00 0.00000000e+00 0.00000000e+00 0.00000000e+00
 0.00000000e+00 0.00000000e+00 5.99280526e-04 0.00000000e+00
 0.00000000e+00 1.35015907e-03 0.00000000e+00 0.00000000e+00
 0.00000000e+00 0.00000000e+00 0.00000000e+00 0.00000000e+00
 0.00000000e+00 0.00000000e+00 0.00000000e+00 0.00000000e+00
 1.83552871e-02 0.00000000e+00 0.00000000e+00 0.00000000e+00
 0.00000000e+00 0.00000000e+00 7.77575992e-03 0.00000000e+00
 0.00000000e+00 1.84062982e-02 0.00000000e+00 0.00000000e+00
 2.16285947e-04 0.00000000e+00 0.00000000e+00 0.00000000e+00
 0.00000000e+00 0.00000000e+00 0.00000000e+00 0.00000000e+00
 0.00000000e+00 1.56850148e-03 0.00000000e+00 0.00000000e+00
 0.00000000e+00 0.00000000e+00 0.00000000e+00 0.00000000e+00
 0.00000000e+00 0.00000000e+00 0.00000000e+00 0.00000000e+00
 2.39025088e-03 0.00000000e+00 0.00000000e+00 4.73415673e-03
 0.00000000e+00 0.00000000e+00 0.00000000e+00 0.00000000e+00
 7.56513207e-04 0.00000000e+00 0.00000000e+00 0.00000000e+00
 0.00000000e+00 0.00000000e+00 0.00000000e+00 1.19297158e-04
 0.00000000e+00 0.00000000e+00 0.00000000e+00 0.00000000e+00
 0.00000000e+00 3.86489613e-03 0.00000000e+00 0.00000000e+00
 5.50130979e-04 0.00000000e+00 0.00000000e+00 0.00000000e+00
 0.00000000e+00 0.00000000e+00 0.00000000e+00 0.00000000e+00
 0.00000000e+00 0.00000000e+00 0.00000000e+00 2.49219861e-03
 0.00000000e+00 0.00000000e+00 0.00000000e+00 0.00000000e+00
 0.00000000e+00 0.00000000e+00 1.10248833e-04 0.00000000e+00
 0.00000000e+00 0.00000000e+00 0.00000000e+00 0.00000000e+00
 0.00000000e+00 0.00000000e+00 0.00000000e+00 6.83514021e-06
 0.00000000e+00 0.00000000e+00 2.13205771e-03 0.00000000e+00
 0.00000000e+00 0.00000000e+00 0.00000000e+00 0.00000000e+00
 0.00000000e+00 1.60605883e-03 0.00000000e+00 0.00000000e+00
 1.09932981e-03 0.00000000e+00 1.49665105e-02 0.00000000e+00
 0.00000000e+00 0.00000000e+00 0.00000000e+00 0.00000000e+00
 0.00000000e+00 0.00000000e+00 0.00000000e+00 0.00000000e+00
 0.00000000e+00 0.00000000e+00 0.00000000e+00 4.86976257e-03
 0.00000000e+00 0.00000000e+00 0.00000000e+00 0.00000000e+00
 0.00000000e+00 1.98966909e-03 0.00000000e+00 0.00000000e+00
 2.27444002e-02 0.00000000e+00 0.00000000e+00 0.00000000e+00
 2.56900828e-03 0.00000000e+00 0.00000000e+00 0.00000000e+00
 3.32335122e-03 6.14427454e-03 0.00000000e+00 4.11533252e-04
 0.00000000e+00 0.00000000e+00 0.00000000e+00 0.00000000e+00
 0.00000000e+00 0.00000000e+00 0.00000000e+00 0.00000000e+00
 0.00000000e+00 0.00000000e+00 1.32983561e-02 0.00000000e+00
 0.00000000e+00 0.00000000e+00 0.00000000e+00 0.00000000e+00
 0.00000000e+00 0.00000000e+00 0.00000000e+00 0.00000000e+00
 0.00000000e+00 0.00000000e+00 0.00000000e+00 0.00000000e+00
 0.00000000e+00 0.00000000e+00 0.00000000e+00 0.00000000e+00
 0.00000000e+00 0.00000000e+00 0.00000000e+00 0.00000000e+00
 0.00000000e+00 0.00000000e+00 3.36277425e-03 1.63834447e-03
 0.00000000e+00 0.00000000e+00 0.00000000e+00 0.00000000e+00
 3.24999167e-02 0.00000000e+00 0.00000000e+00 0.00000000e+00
 1.05970460e-03 2.58621003e-04 0.00000000e+00 0.00000000e+00
 0.00000000e+00 0.00000000e+00 0.00000000e+00 0.00000000e+00
 0.00000000e+00 0.00000000e+00 0.00000000e+00 0.00000000e+00
 0.00000000e+00 0.00000000e+00 0.00000000e+00 0.00000000e+00
 1.38216100e-03 0.00000000e+00 0.00000000e+00 0.00000000e+00
 0.00000000e+00 0.00000000e+00 0.00000000e+00 0.00000000e+00
 0.00000000e+00 0.00000000e+00 0.00000000e+00 0.00000000e+00
 1.34845782e-03]",-0.025023164500446823,-0.025023164500446823,0.0016967545650554167,-0.02834880344795544,-0.021697525552938208,0.0896377999742981,True,0.0,2.0,1.0,fixed_γ=2.0,No-calibration(fixed γ=2.0),1.0,0.0,-0.02509779689426372,0.0017182981119625207,0.0,0.0,400
primal1,NETLIB,325,85,0.3,FuzzyPD-LP,"[9.90985890e-03 0.00000000e+00 6.38826427e-04 0.00000000e+00
 0.00000000e+00 0.00000000e+00 0.00000000e+00 0.00000000e+00
 0.00000000e+00 0.00000000e+00 0.00000000e+00 4.85881045e-04
 0.00000000e+00 0.00000000e+00 0.00000000e+00 0.00000000e+00
 0.00000000e+00 6.38297278e-03 0.00000000e+00 0.00000000e+00
 0.00000000e+00 0.00000000e+00 0.00000000e+00 0.00000000e+00
 0.00000000e+00 0.00000000e+00 0.00000000e+00 0.00000000e+00
 0.00000000e+00 0.00000000e+00 0.00000000e+00 0.00000000e+00
 0.00000000e+00 0.00000000e+00 0.00000000e+00 0.00000000e+00
 0.00000000e+00 0.00000000e+00 0.00000000e+00 2.75393698e-03
 0.00000000e+00 0.00000000e+00 0.00000000e+00 0.00000000e+00
 0.00000000e+00 0.00000000e+00 0.00000000e+00 0.00000000e+00
 0.00000000e+00 0.00000000e+00 0.00000000e+00 7.34545548e-03
 0.00000000e+00 0.00000000e+00 0.00000000e+00 0.00000000e+00
 0.00000000e+00 0.00000000e+00 0.00000000e+00 0.00000000e+00
 1.42723427e-05 2.76186200e-03 0.00000000e+00 7.32874961e-04
 0.00000000e+00 0.00000000e+00 0.00000000e+00 0.00000000e+00
 4.49164039e-03 2.56262130e-03 0.00000000e+00 0.00000000e+00
 2.42761720e-03 0.00000000e+00 0.00000000e+00 3.43473337e-05
 0.00000000e+00 0.00000000e+00 0.00000000e+00 0.00000000e+00
 0.00000000e+00 0.00000000e+00 0.00000000e+00 0.00000000e+00
 0.00000000e+00 0.00000000e+00 0.00000000e+00 2.55255951e-03
 0.00000000e+00 0.00000000e+00 0.00000000e+00 0.00000000e+00
 2.46018779e-03 0.00000000e+00 0.00000000e+00 0.00000000e+00
 0.00000000e+00 0.00000000e+00 0.00000000e+00 0.00000000e+00
 0.00000000e+00 0.00000000e+00 0.00000000e+00 0.00000000e+00
 0.00000000e+00 0.00000000e+00 0.00000000e+00 0.00000000e+00
 0.00000000e+00 0.00000000e+00 0.00000000e+00 0.00000000e+00
 0.00000000e+00 0.00000000e+00 0.00000000e+00 0.00000000e+00
 0.00000000e+00 0.00000000e+00 0.00000000e+00 0.00000000e+00
 4.06940851e-03 0.00000000e+00 0.00000000e+00 2.49408058e-04
 0.00000000e+00 0.00000000e+00 1.44567675e-02 0.00000000e+00
 0.00000000e+00 1.17333731e-02 0.00000000e+00 4.47363417e-03
 0.00000000e+00 0.00000000e+00 0.00000000e+00 0.00000000e+00
 0.00000000e+00 0.00000000e+00 0.00000000e+00 0.00000000e+00
 0.00000000e+00 6.91826984e-04 0.00000000e+00 0.00000000e+00
 0.00000000e+00 0.00000000e+00 0.00000000e+00 0.00000000e+00
 0.00000000e+00 0.00000000e+00 0.00000000e+00 0.00000000e+00
 0.00000000e+00 0.00000000e+00 0.00000000e+00 0.00000000e+00
 0.00000000e+00 0.00000000e+00 0.00000000e+00 0.00000000e+00
 0.00000000e+00 0.00000000e+00 0.00000000e+00 0.00000000e+00
 0.00000000e+00 0.00000000e+00 0.00000000e+00 6.22920184e-04
 0.00000000e+00 0.00000000e+00 1.01610258e-03 0.00000000e+00
 0.00000000e+00 2.27262185e-03 0.00000000e+00 0.00000000e+00
 0.00000000e+00 0.00000000e+00 0.00000000e+00 0.00000000e+00
 0.00000000e+00 0.00000000e+00 0.00000000e+00 0.00000000e+00
 0.00000000e+00 0.00000000e+00 9.92016021e-04 5.44829445e-05
 0.00000000e+00 0.00000000e+00 0.00000000e+00 0.00000000e+00
 0.00000000e+00 0.00000000e+00 0.00000000e+00 0.00000000e+00
 0.00000000e+00 0.00000000e+00 0.00000000e+00 0.00000000e+00
 0.00000000e+00 0.00000000e+00 0.00000000e+00 0.00000000e+00
 0.00000000e+00 0.00000000e+00 0.00000000e+00 0.00000000e+00
 0.00000000e+00 0.00000000e+00 0.00000000e+00 0.00000000e+00
 0.00000000e+00 0.00000000e+00 0.00000000e+00 0.00000000e+00
 0.00000000e+00 0.00000000e+00 0.00000000e+00 0.00000000e+00
 0.00000000e+00 0.00000000e+00 0.00000000e+00 0.00000000e+00
 0.00000000e+00 0.00000000e+00 0.00000000e+00 0.00000000e+00
 0.00000000e+00 0.00000000e+00 0.00000000e+00 3.09245178e-03
 0.00000000e+00 0.00000000e+00 0.00000000e+00 0.00000000e+00
 0.00000000e+00 8.47922780e-04 0.00000000e+00 0.00000000e+00
 1.58430989e-02 0.00000000e+00 0.00000000e+00 0.00000000e+00
 1.81678374e-03 0.00000000e+00 0.00000000e+00 0.00000000e+00
 4.76811913e-05 1.05466323e-02 0.00000000e+00 0.00000000e+00
 5.73572429e-03 0.00000000e+00 0.00000000e+00 0.00000000e+00
 0.00000000e+00 0.00000000e+00 0.00000000e+00 0.00000000e+00
 0.00000000e+00 0.00000000e+00 6.77465872e-03 0.00000000e+00
 8.29379968e-03 0.00000000e+00 0.00000000e+00 0.00000000e+00
 4.02355076e-04 0.00000000e+00 0.00000000e+00 0.00000000e+00
 0.00000000e+00 0.00000000e+00 0.00000000e+00 0.00000000e+00
 0.00000000e+00 0.00000000e+00 0.00000000e+00 0.00000000e+00
 0.00000000e+00 0.00000000e+00 0.00000000e+00 3.95794305e-03
 0.00000000e+00 1.66017895e-03 2.94452573e-03 0.00000000e+00
 0.00000000e+00 0.00000000e+00 8.77745707e-04 0.00000000e+00
 0.00000000e+00 0.00000000e+00 0.00000000e+00 0.00000000e+00
 0.00000000e+00 3.07259337e-04 0.00000000e+00 0.00000000e+00
 0.00000000e+00 0.00000000e+00 0.00000000e+00 0.00000000e+00
 0.00000000e+00 0.00000000e+00 0.00000000e+00 0.00000000e+00
 0.00000000e+00 0.00000000e+00 0.00000000e+00 0.00000000e+00
 0.00000000e+00 0.00000000e+00 0.00000000e+00 0.00000000e+00
 0.00000000e+00 0.00000000e+00 0.00000000e+00 0.00000000e+00
 4.16248756e-03 0.00000000e+00 0.00000000e+00 0.00000000e+00
 0.00000000e+00]",-0.009909858898002088,-0.009909858898002088,0.0010079419403461467,-0.011885425101080536,-0.00793429269492364,139.1668037000054,True,0.0,5.0,1.0,BS,BS(γ=5.0)+AdvSAA(100)+Combo,1.0,0.0,-0.00995419360118515,0.0010207396876204425,0.0,0.0,400
primal1,NETLIB,325,85,0.3,Bertsimas-Sim(γ=3.0),"[1.73470509e-02 0.00000000e+00 4.74964456e-04 0.00000000e+00
 0.00000000e+00 0.00000000e+00 0.00000000e+00 0.00000000e+00
 0.00000000e+00 0.00000000e+00 0.00000000e+00 1.98435026e-03
 0.00000000e+00 3.14634702e-04 0.00000000e+00 0.00000000e+00
 0.00000000e+00 7.78650305e-03 0.00000000e+00 0.00000000e+00
 0.00000000e+00 5.10141065e-04 0.00000000e+00 3.03136587e-03
 0.00000000e+00 0.00000000e+00 0.00000000e+00 0.00000000e+00
 0.00000000e+00 0.00000000e+00 0.00000000e+00 0.00000000e+00
 0.00000000e+00 0.00000000e+00 0.00000000e+00 0.00000000e+00
 0.00000000e+00 0.00000000e+00 0.00000000e+00 2.19522815e-03
 0.00000000e+00 0.00000000e+00 0.00000000e+00 0.00000000e+00
 0.00000000e+00 0.00000000e+00 0.00000000e+00 0.00000000e+00
 0.00000000e+00 0.00000000e+00 0.00000000e+00 1.98713023e-03
 0.00000000e+00 0.00000000e+00 0.00000000e+00 0.00000000e+00
 0.00000000e+00 0.00000000e+00 0.00000000e+00 0.00000000e+00
 6.80897686e-04 9.73255922e-04 0.00000000e+00 2.35675356e-05
 0.00000000e+00 0.00000000e+00 0.00000000e+00 0.00000000e+00
 8.27591064e-03 1.90208766e-03 0.00000000e+00 0.00000000e+00
 4.84359548e-06 4.55661536e-03 0.00000000e+00 1.63441498e-03
 0.00000000e+00 0.00000000e+00 0.00000000e+00 0.00000000e+00
 0.00000000e+00 0.00000000e+00 0.00000000e+00 0.00000000e+00
 2.12531896e-03 0.00000000e+00 4.83941205e-04 1.24867426e-03
 0.00000000e+00 0.00000000e+00 0.00000000e+00 0.00000000e+00
 7.15275630e-03 0.00000000e+00 0.00000000e+00 0.00000000e+00
 0.00000000e+00 7.52990243e-04 0.00000000e+00 0.00000000e+00
 0.00000000e+00 0.00000000e+00 0.00000000e+00 0.00000000e+00
 0.00000000e+00 0.00000000e+00 0.00000000e+00 0.00000000e+00
 0.00000000e+00 2.37182021e-04 0.00000000e+00 0.00000000e+00
 0.00000000e+00 0.00000000e+00 0.00000000e+00 0.00000000e+00
 0.00000000e+00 0.00000000e+00 0.00000000e+00 0.00000000e+00
 4.55882963e-03 0.00000000e+00 0.00000000e+00 1.18618729e-03
 0.00000000e+00 0.00000000e+00 1.69023401e-02 0.00000000e+00
 0.00000000e+00 1.44679015e-02 0.00000000e+00 0.00000000e+00
 0.00000000e+00 0.00000000e+00 0.00000000e+00 0.00000000e+00
 0.00000000e+00 0.00000000e+00 0.00000000e+00 0.00000000e+00
 0.00000000e+00 2.16448723e-03 0.00000000e+00 0.00000000e+00
 0.00000000e+00 0.00000000e+00 0.00000000e+00 0.00000000e+00
 0.00000000e+00 0.00000000e+00 0.00000000e+00 0.00000000e+00
 1.63253633e-03 0.00000000e+00 0.00000000e+00 0.00000000e+00
 0.00000000e+00 0.00000000e+00 0.00000000e+00 0.00000000e+00
 0.00000000e+00 0.00000000e+00 0.00000000e+00 0.00000000e+00
 0.00000000e+00 0.00000000e+00 0.00000000e+00 4.94056330e-04
 0.00000000e+00 0.00000000e+00 9.56244369e-05 0.00000000e+00
 0.00000000e+00 4.31987731e-03 0.00000000e+00 0.00000000e+00
 0.00000000e+00 0.00000000e+00 0.00000000e+00 0.00000000e+00
 0.00000000e+00 0.00000000e+00 0.00000000e+00 0.00000000e+00
 0.00000000e+00 0.00000000e+00 0.00000000e+00 1.60335481e-03
 0.00000000e+00 0.00000000e+00 0.00000000e+00 0.00000000e+00
 0.00000000e+00 0.00000000e+00 0.00000000e+00 0.00000000e+00
 0.00000000e+00 0.00000000e+00 0.00000000e+00 0.00000000e+00
 0.00000000e+00 0.00000000e+00 0.00000000e+00 0.00000000e+00
 0.00000000e+00 0.00000000e+00 0.00000000e+00 0.00000000e+00
 0.00000000e+00 0.00000000e+00 0.00000000e+00 0.00000000e+00
 0.00000000e+00 0.00000000e+00 0.00000000e+00 0.00000000e+00
 3.90005227e-04 0.00000000e+00 0.00000000e+00 0.00000000e+00
 0.00000000e+00 0.00000000e+00 0.00000000e+00 0.00000000e+00
 0.00000000e+00 0.00000000e+00 0.00000000e+00 0.00000000e+00
 0.00000000e+00 0.00000000e+00 0.00000000e+00 0.00000000e+00
 0.00000000e+00 0.00000000e+00 0.00000000e+00 0.00000000e+00
 0.00000000e+00 0.00000000e+00 0.00000000e+00 0.00000000e+00
 2.12680814e-02 0.00000000e+00 0.00000000e+00 0.00000000e+00
 6.91964118e-04 0.00000000e+00 0.00000000e+00 0.00000000e+00
 1.75377555e-03 1.19372975e-02 0.00000000e+00 2.19259312e-03
 0.00000000e+00 0.00000000e+00 0.00000000e+00 0.00000000e+00
 0.00000000e+00 0.00000000e+00 6.96542830e-05 0.00000000e+00
 0.00000000e+00 0.00000000e+00 6.45668520e-03 0.00000000e+00
 0.00000000e+00 0.00000000e+00 0.00000000e+00 0.00000000e+00
 0.00000000e+00 0.00000000e+00 0.00000000e+00 0.00000000e+00
 0.00000000e+00 0.00000000e+00 0.00000000e+00 0.00000000e+00
 0.00000000e+00 0.00000000e+00 0.00000000e+00 0.00000000e+00
 0.00000000e+00 0.00000000e+00 0.00000000e+00 2.74639351e-04
 0.00000000e+00 1.09017819e-03 2.67377784e-03 0.00000000e+00
 0.00000000e+00 0.00000000e+00 0.00000000e+00 0.00000000e+00
 1.14272841e-02 0.00000000e+00 0.00000000e+00 0.00000000e+00
 0.00000000e+00 0.00000000e+00 0.00000000e+00 0.00000000e+00
 0.00000000e+00 0.00000000e+00 0.00000000e+00 0.00000000e+00
 0.00000000e+00 0.00000000e+00 0.00000000e+00 0.00000000e+00
 0.00000000e+00 0.00000000e+00 0.00000000e+00 0.00000000e+00
 0.00000000e+00 0.00000000e+00 0.00000000e+00 0.00000000e+00
 0.00000000e+00 0.00000000e+00 0.00000000e+00 0.00000000e+00
 5.66740318e-03 0.00000000e+00 0.00000000e+00 0.00000000e+00
 0.00000000e+00]",-0.012053889744984322,,,,,0.10580389999086037,True,,3.0,1.0,,parametric robust (γ=3.0),1.0,0.0,-0.017424658080861587,0.0017867886413280162,0.0,0.0,400
primal1,NETLIB,325,85,0.3,HiGHS-SAA,"[0. 0. 0. 0. 0. 0. 0. 0. 0. 0. 0. 0. 0. 0. 0. 0. 0. 0. 0. 0. 0. 0. 0. 0.
 0. 0. 0. 0. 0. 0. 0. 0. 0. 0. 0. 0. 0. 0. 0. 0. 0. 0. 0. 0. 0. 0. 0. 0.
 0. 0. 0. 0. 0. 0. 0. 0. 0. 0. 0. 0. 0. 0. 0. 0. 0. 0. 0. 0. 0. 0. 0. 0.
 0. 0. 0. 0. 0. 0. 0. 0. 0. 0. 0. 0. 0. 0. 0. 0. 0. 0. 0. 0. 0. 0. 0. 0.
 0. 0. 0. 0. 0. 0. 0. 0. 0. 0. 0. 0. 0. 0. 0. 0. 0. 0. 0. 0. 0. 0. 0. 0.
 0. 0. 0. 0. 0. 0. 0. 0. 0. 0. 0. 0. 0. 0. 0. 0. 0. 0. 0. 0. 0. 0. 0. 0.
 0. 0. 0. 0. 0. 0. 0. 0. 0. 0. 0. 0. 0. 0. 0. 0. 0. 0. 0. 0. 0. 0. 0. 0.
 0. 0. 0. 0. 0. 0. 0. 0. 0. 0. 0. 0. 0. 0. 0. 0. 0. 0. 0. 0. 0. 0. 0. 0.
 0. 0. 0. 0. 0. 0. 0. 0. 0. 0. 0. 0. 0. 0. 0. 0. 0. 0. 0. 0. 0. 0. 0. 0.
 0. 0. 0. 0. 0. 0. 0. 0. 0. 0. 0. 0. 0. 0. 0. 0. 0. 0. 0. 0. 0. 0. 0. 0.
 0. 0. 0. 0. 0. 0. 0. 0. 0. 0. 0. 0. 0. 0. 0. 0. 0. 0. 0. 0. 0. 0. 0. 0.
 0. 0. 0. 0. 0. 0. 0. 0. 0. 0. 0. 0. 0. 0. 0. 0. 0. 0. 0. 0. 0. 0. 0. 0.
 0. 0. 0. 0. 0. 0. 0. 0. 0. 0. 0. 0. 0. 0. 0. 0. 0. 0. 0. 0. 0. 0. 0. 0.
 0. 0. 0. 0. 0. 0. 0. 0. 0. 0. 0. 0. 0.]",,,,,,120.98448050001753,False,,,,,100,1.0,0.0,0.0,0.0,1.5490651429990802e-09,9.760948171352554e-09,400
primal1,NETLIB,325,85,0.3,Nominal-LP,"[0. 0. 0. 0. 0. 0. 0. 0. 0. 0. 0. 0. 0. 0. 0. 0. 0. 0. 0. 0. 0. 0. 0. 0.
 0. 0. 0. 0. 0. 0. 0. 0. 0. 0. 0. 0. 0. 0. 0. 0. 0. 0. 0. 0. 0. 0. 0. 0.
 0. 0. 0. 0. 0. 0. 0. 0. 0. 0. 0. 0. 0. 0. 0. 0. 0. 0. 0. 0. 0. 0. 0. 0.
 0. 0. 0. 0. 0. 0. 0. 0. 0. 0. 0. 0. 0. 0. 0. 0. 0. 0. 0. 0. 0. 0. 0. 0.
 0. 0. 0. 0. 0. 0. 0. 0. 0. 0. 0. 0. 0. 0. 0. 0. 0. 0. 0. 0. 0. 0. 0. 0.
 0. 0. 0. 0. 0. 0. 0. 0. 0. 0. 0. 0. 0. 0. 0. 0. 0. 0. 0. 0. 0. 0. 0. 0.
 0. 0. 0. 0. 0. 0. 0. 0. 0. 0. 0. 0. 0. 0. 0. 0. 0. 0. 0. 0. 0. 0. 0. 0.
 0. 0. 0. 0. 0. 0. 0. 0. 0. 0. 0. 0. 0. 0. 0. 0. 0. 0. 0. 0. 0. 0. 0. 0.
 0. 0. 0. 0. 0. 0. 0. 0. 0. 0. 0. 0. 0. 0. 0. 0. 0. 0. 0. 0. 0. 0. 0. 0.
 0. 0. 0. 0. 0. 0. 0. 0. 0. 0. 0. 0. 0. 0. 0. 0. 0. 0. 0. 0. 0. 0. 0. 0.
 0. 0. 0. 0. 0. 0. 0. 0. 0. 0. 0. 0. 0. 0. 0. 0. 0. 0. 0. 0. 0. 0. 0. 0.
 0. 0. 0. 0. 0. 0. 0. 0. 0. 0. 0. 0. 0. 0. 0. 0. 0. 0. 0. 0. 0. 0. 0. 0.
 0. 0. 0. 0. 0. 0. 0. 0. 0. 0. 0. 0. 0. 0. 0. 0. 0. 0. 0. 0. 0. 0. 0. 0.
 0. 0. 0. 0. 0. 0. 0. 0. 0. 0. 0. 0. 0.]",,,,,,0.015917799988528714,False,,,,,deterministic (mean only),1.0,0.0,0.0,0.0,1.5490651429990802e-09,9.760948171352554e-09,400
primal1,NETLIB,325,85,0.3,TSAR-No-calib,"[2.17638197e-02 0.00000000e+00 8.99877110e-04 0.00000000e+00
 0.00000000e+00 0.00000000e+00 0.00000000e+00 0.00000000e+00
 0.00000000e+00 0.00000000e+00 0.00000000e+00 1.34956708e-03
 0.00000000e+00 4.26491857e-04 0.00000000e+00 0.00000000e+00
 0.00000000e+00 7.63772186e-03 0.00000000e+00 0.00000000e+00
 0.00000000e+00 0.00000000e+00 0.00000000e+00 3.11959643e-03
 0.00000000e+00 0.00000000e+00 0.00000000e+00 0.00000000e+00
 2.47297989e-03 0.00000000e+00 0.00000000e+00 0.00000000e+00
 0.00000000e+00 0.00000000e+00 0.00000000e+00 0.00000000e+00
 0.00000000e+00 0.00000000e+00 0.00000000e+00 1.65354957e-03
 0.00000000e+00 0.00000000e+00 0.00000000e+00 0.00000000e+00
 0.00000000e+00 0.00000000e+00 0.00000000e+00 0.00000000e+00
 0.00000000e+00 0.00000000e+00 0.00000000e+00 1.03853418e-03
 0.00000000e+00 0.00000000e+00 0.00000000e+00 0.00000000e+00
 0.00000000e+00 0.00000000e+00 0.00000000e+00 0.00000000e+00
 1.56816362e-04 0.00000000e+00 0.00000000e+00 3.81268361e-04
 0.00000000e+00 0.00000000e+00 0.00000000e+00 0.00000000e+00
 6.87950171e-03 0.00000000e+00 0.00000000e+00 0.00000000e+00
 0.00000000e+00 4.28546363e-03 0.00000000e+00 0.00000000e+00
 0.00000000e+00 0.00000000e+00 0.00000000e+00 0.00000000e+00
 0.00000000e+00 0.00000000e+00 0.00000000e+00 0.00000000e+00
 9.40210827e-04 0.00000000e+00 0.00000000e+00 1.29207866e-03
 0.00000000e+00 0.00000000e+00 0.00000000e+00 0.00000000e+00
 3.70701397e-03 0.00000000e+00 0.00000000e+00 0.00000000e+00
 0.00000000e+00 1.47928240e-03 0.00000000e+00 0.00000000e+00
 0.00000000e+00 0.00000000e+00 0.00000000e+00 0.00000000e+00
 0.00000000e+00 0.00000000e+00 4.85644233e-04 0.00000000e+00
 0.00000000e+00 2.12907139e-03 0.00000000e+00 0.00000000e+00
 0.00000000e+00 0.00000000e+00 0.00000000e+00 0.00000000e+00
 0.00000000e+00 0.00000000e+00 0.00000000e+00 0.00000000e+00
 1.37524250e-02 0.00000000e+00 0.00000000e+00 4.46036005e-04
 0.00000000e+00 0.00000000e+00 1.28529034e-02 0.00000000e+00
 0.00000000e+00 8.54135417e-03 0.00000000e+00 0.00000000e+00
 4.96412015e-04 0.00000000e+00 0.00000000e+00 0.00000000e+00
 0.00000000e+00 0.00000000e+00 0.00000000e+00 0.00000000e+00
 0.00000000e+00 2.17103407e-03 0.00000000e+00 0.00000000e+00
 0.00000000e+00 0.00000000e+00 0.00000000e+00 0.00000000e+00
 0.00000000e+00 9.43310020e-05 0.00000000e+00 0.00000000e+00
 2.50875555e-03 0.00000000e+00 0.00000000e+00 2.79539605e-03
 0.00000000e+00 0.00000000e+00 0.00000000e+00 0.00000000e+00
 3.20852929e-04 0.00000000e+00 0.00000000e+00 0.00000000e+00
 0.00000000e+00 0.00000000e+00 0.00000000e+00 0.00000000e+00
 0.00000000e+00 0.00000000e+00 0.00000000e+00 0.00000000e+00
 0.00000000e+00 4.86162687e-03 0.00000000e+00 0.00000000e+00
 0.00000000e+00 0.00000000e+00 0.00000000e+00 0.00000000e+00
 0.00000000e+00 0.00000000e+00 0.00000000e+00 0.00000000e+00
 0.00000000e+00 0.00000000e+00 0.00000000e+00 2.64743221e-03
 0.00000000e+00 0.00000000e+00 0.00000000e+00 0.00000000e+00
 0.00000000e+00 0.00000000e+00 0.00000000e+00 0.00000000e+00
 0.00000000e+00 0.00000000e+00 0.00000000e+00 0.00000000e+00
 0.00000000e+00 0.00000000e+00 0.00000000e+00 0.00000000e+00
 0.00000000e+00 0.00000000e+00 1.17175829e-03 0.00000000e+00
 0.00000000e+00 1.00177700e-04 0.00000000e+00 0.00000000e+00
 0.00000000e+00 6.16537233e-04 0.00000000e+00 0.00000000e+00
 1.22217814e-03 0.00000000e+00 2.52877545e-03 0.00000000e+00
 0.00000000e+00 0.00000000e+00 0.00000000e+00 0.00000000e+00
 0.00000000e+00 0.00000000e+00 0.00000000e+00 0.00000000e+00
 0.00000000e+00 0.00000000e+00 0.00000000e+00 0.00000000e+00
 0.00000000e+00 0.00000000e+00 0.00000000e+00 0.00000000e+00
 0.00000000e+00 1.30991087e-03 0.00000000e+00 0.00000000e+00
 2.41329398e-02 0.00000000e+00 0.00000000e+00 0.00000000e+00
 1.39646387e-03 0.00000000e+00 0.00000000e+00 0.00000000e+00
 3.42127454e-03 1.03722235e-02 0.00000000e+00 1.46199720e-03
 0.00000000e+00 0.00000000e+00 0.00000000e+00 0.00000000e+00
 0.00000000e+00 0.00000000e+00 0.00000000e+00 0.00000000e+00
 0.00000000e+00 0.00000000e+00 1.02351805e-02 0.00000000e+00
 0.00000000e+00 0.00000000e+00 0.00000000e+00 0.00000000e+00
 3.08562300e-05 0.00000000e+00 0.00000000e+00 0.00000000e+00
 0.00000000e+00 0.00000000e+00 0.00000000e+00 0.00000000e+00
 0.00000000e+00 0.00000000e+00 0.00000000e+00 0.00000000e+00
 0.00000000e+00 0.00000000e+00 0.00000000e+00 0.00000000e+00
 0.00000000e+00 2.36813534e-04 2.88841652e-03 0.00000000e+00
 0.00000000e+00 0.00000000e+00 0.00000000e+00 0.00000000e+00
 2.33690671e-02 0.00000000e+00 0.00000000e+00 0.00000000e+00
 1.23705858e-04 0.00000000e+00 0.00000000e+00 0.00000000e+00
 0.00000000e+00 0.00000000e+00 0.00000000e+00 0.00000000e+00
 0.00000000e+00 0.00000000e+00 0.00000000e+00 0.00000000e+00
 0.00000000e+00 0.00000000e+00 0.00000000e+00 0.00000000e+00
 0.00000000e+00 0.00000000e+00 0.00000000e+00 0.00000000e+00
 0.00000000e+00 0.00000000e+00 0.00000000e+00 0.00000000e+00
 1.98389529e-03 0.00000000e+00 0.00000000e+00 0.00000000e+00
 0.00000000e+00]",-0.021763819703888892,-0.021763819703888892,0.002213620485161899,-0.02610251585480621,-0.017425123552971572,0.09431600000243634,True,0.0,2.0,1.0,fixed_γ=2.0,No-calibration(fixed γ=2.0),1.0,0.0,-0.021861186632273818,0.002241726633153577,0.0,0.0,400
semi-integer,NETLIB,4,4,0.05,FuzzyPD-LP,[1.53053230e+00 1.21174122e+00 0.00000000e+00 8.17397791e+07],-245219333.28930354,-245219333.28930354,3869396.5884680357,-252803350.6027009,-237635315.9759062,0.0750168000231497,True,0.0,5.0,1.0,BS,BS(γ=5.0)+AdvSAA(100)+Combo,1.0,0.0,-245101187.2486729,3866524.1204762724,0.0,0.0,400
semi-integer,NETLIB,4,4,0.05,Bertsimas-Sim(γ=3.0),[1.58527216e+00 1.22778808e+00 0.00000000e+00 1.49530581e+08],-427356309.7275306,,,,,0.0034548999974504113,True,,3.0,1.0,,parametric robust (γ=3.0),1.0,0.0,-448375609.6436856,7073221.950571448,0.0,0.0,400
semi-integer,NETLIB,4,4,0.05,HiGHS-SAA,[1.62710846e+00 1.27194719e+00 0.00000000e+00 2.27183056e+08],-681963622.3742753,,,,,0.008186499995645136,True,,,,,100,0.9925,0.007499999999999951,-681220794.0136968,10746404.925416987,0.0004832607079532013,0.1266571060341911,400
semi-integer,NETLIB,4,4,0.05,Nominal-LP,[0. 0. 0. 0.],,,,,,0.002560400025686249,False,,,,,deterministic (mean only),0.0,1.0,0.0,0.0,0.50057373172575,0.519847606410914,400
semi-integer,NETLIB,4,4,0.05,TSAR-No-calib,[1.61250034e+00 1.23543298e+00 0.00000000e+00 2.34459783e+08],-703379343.7832264,-703379343.7832264,11098854.110079056,-725133097.8389813,-681625589.7274715,0.005499199993209913,True,0.0,2.0,0.99,fixed_γ=2.0,No-calibration(fixed γ=2.0),0.985,0.015000000000000013,-703040457.4401337,11090614.817823552,0.0009520266990062008,0.1863347617894321,400
semi-integer,NETLIB,4,4,0.1,FuzzyPD-LP,[1.39210134e+00 1.16686097e+00 0.00000000e+00 6.27388352e+07],-188216501.97532183,-188216501.97532183,5939860.060274747,-199858627.69346035,-176574376.2571833,0.0854094999958761,True,0.0,5.0,1.0,BS,BS(γ=5.0)+AdvSAA(100)+Combo,1.0,0.0,-188035137.5342594,5935450.571577669,0.0,0.0,400
semi-integer,NETLIB,4,4,0.1,Bertsimas-Sim(γ=3.0),[1.50302352e+00 1.20332488e+00 0.00000000e+00 1.29715143e+08],-352302703.4830629,,,,,0.0035900000075343996,True,,3.0,1.0,,parametric robust (γ=3.0),1.0,0.0,-388770446.0843893,12271790.128454104,0.0,0.0,400
semi-integer,NETLIB,4,4,0.1,HiGHS-SAA,[1.57165654e+00 1.25302614e+00 9.09686437e+06 2.20224159e+08],-662388916.1179459,,,,,0.005282500002067536,True,,,,,100,0.9875,0.012499999999999956,-660944413.7318795,20831311.017692626,0.0012264488180080454,0.21199197119049817,400
semi-integer,NETLIB,4,4,0.1,Nominal-LP,[0. 0. 0. 0.],,,,,,0.003997899999376386,False,,,,,deterministic (mean only),0.0,1.0,0.0,0.0,0.5011474632020085,0.5396952041909445,400
semi-integer,NETLIB,4,4,0.1,TSAR-No-calib,[1.55794901e+00 1.21989318e+00 0.00000000e+00 2.14258149e+08],-642774443.4727565,-642774443.4727565,20285098.02619247,-682533235.6040938,-603015651.3414192,0.0036476999812293798,True,0.0,2.0,1.0,fixed_γ=2.0,No-calibration(fixed γ=2.0),0.995,0.0050000000000000044,-642155069.3803636,20270039.277577337,0.0002684572809603584,0.10155449046689358,400
semi-integer,NETLIB,4,4,0.2,FuzzyPD-LP,[1.10934324e+00 1.05300531e+00 0.00000000e+00 2.93704782e+07],-88111431.35442238,-88111431.35442238,5561356.883349533,-99011690.84578747,-77211171.86305729,0.07115989999147132,True,0.0,5.0,1.0,BS,BS(γ=5.0)+AdvSAA(100)+Combo,1.0,0.0,-87941623.92088486,5557228.37573887,0.0,0.0,400
semi-integer,NETLIB,4,4,0.2,Bertsimas-Sim(γ=3.0),[1.33613462e+00 1.14683410e+00 0.00000000e+00 9.25726571e+07],-225131531.65286097,,,,,0.002928400004748255,True,,3.0,1.0,,parametric robust (γ=3.0),1.0,0.0,-277182752.37587315,17515799.152044483,0.0,0.0,400
semi-integer,NETLIB,4,4,0.2,HiGHS-SAA,[1.45948668e+00 1.22037981e+00 2.17263269e+07 2.05115125e+08],-619030223.526454,,,,,0.005198700004257262,True,,,,,100,0.98,0.020000000000000018,-616326741.5323335,38795276.42896984,0.0034742734767721065,0.3655255559121794,400
semi-integer,NETLIB,4,4,0.2,Nominal-LP,[0. 0. 0. 0.],,,,,,0.002594699995825067,False,,,,,deterministic (mean only),0.0,1.0,0.0,0.0,0.5022949261545253,0.5793903997510056,400
semi-integer,NETLIB,4,4,0.2,TSAR-No-calib,[1.44773628e+00 1.18566863e+00 0.00000000e+00 1.75427279e+08],-526281833.2762334,-526281833.2762334,33217494.773553267,-591388123.0323977,-461175543.520069,0.0068042000057175756,True,0.0,2.0,1.0,fixed_γ=2.0,No-calibration(fixed γ=2.0),1.0,0.0,-525267588.4516449,33192835.591501825,0.0,0.0,400
semi-integer,NETLIB,4,4,0.3,FuzzyPD-LP,[8.21312243e-01 8.97864123e-01 0.00000000e+00 3.59836096e+06],-10795080.267395623,-10795080.267395623,1022034.9101231477,-12798268.691236991,-8791891.843554255,0.07139129997813143,True,0.0,5.0,1.0,BS,BS(γ=5.0)+AdvSAA(100)+Combo,1.0,0.0,-10763874.007984733,1021276.1896564113,0.0,0.0,400
semi-integer,NETLIB,4,4,0.3,Bertsimas-Sim(γ=3.0),[1.16643440e+00 1.07868721e+00 0.00000000e+00 5.91611235e+07],-127073137.2398871,,,,,0.003549599990947172,True,,3.0,1.0,,parametric robust (γ=3.0),1.0,0.0,-176970301.08132476,16790935.612858064,0.0,0.0,400
semi-integer,NETLIB,4,4,0.3,HiGHS-SAA,[1.35390968e+00 1.17820153e+00 1.23108849e+07 1.87725644e+08],-566475978.1611999,,,,,0.008856599975842983,True,,,,,100,0.9775,0.022499999999999964,-562775426.1386551,53267025.166461535,0.0038909677542630426,0.41326382556665126,400
semi-integer,NETLIB,4,4,0.3,Nominal-LP,[0. 0. 0. 0.],,,,,,0.0032149000035133213,False,,,,,deterministic (mean only),0.0,1.0,0.0,0.0,0.5034423891070422,0.6190855953110667,400
semi-integer,NETLIB,4,4,0.3,TSAR-No-calib,[1.33613462e+00 1.14683410e+00 0.00000000e+00 1.38858987e+08],-416576958.3383708,-416576958.3383708,39439826.673155844,-493879018.61775625,-339274898.05898535,0.007420399982947856,True,0.0,2.0,1.0,fixed_γ=2.0,No-calibration(fixed γ=2.0),1.0,0.0,-415372724.2324474,39410548.30848747,0.0,0.0,400
egout-ac,NETLIB,141,55,0.05,FuzzyPD-LP,"[0. 0. 0. 0. 0. 0. 0. 0. 0. 0. 0. 0. 0. 0. 0. 0. 0. 0. 0. 0. 0. 0. 0. 0.
 0. 0. 0. 0. 0. 0. 0. 0. 0. 0. 0. 0. 0. 0. 0. 0. 0. 0. 0. 0. 0. 0. 0. 0.
 0. 0. 0. 0. 0. 0. 0. 0. 0. 0. 0. 0. 0. 0. 0. 0. 0. 0. 0. 0. 0. 0. 0. 0.
 0. 0. 0. 0. 0. 0. 0. 0. 0. 0. 0. 0. 0. 0. 0. 0. 0. 0. 0. 0. 0. 0. 0. 0.
 0. 0. 0. 0. 0. 0. 0. 0. 0. 0. 0. 0. 0. 0. 0. 0. 0. 0. 0. 0. 0. 0. 0. 0.
 0. 0. 0. 0. 0. 0. 0. 0. 0. 0. 0. 0. 0. 0. 0. 0. 0. 0. 0. 0. 0.]",0.0,0.0,0.0,0.0,0.0,4.050991399999475,True,0.0,5.0,1.0,BS,BS(γ=5.0)+AdvSAA(100)+Combo,1.0,0.0,0.0,0.0,8.245004696025058e-09,9.863585011217252e-09,400
egout-ac,NETLIB,141,55,0.05,Bertsimas-Sim(γ=3.0),"[0. 0. 0. 0. 0. 0. 0. 0. 0. 0. 0. 0. 0. 0. 0. 0. 0. 0. 0. 0. 0. 0. 0. 0.
 0. 0. 0. 0. 0. 0. 0. 0. 0. 0. 0. 0. 0. 0. 0. 0. 0. 0. 0. 0. 0. 0. 0. 0.
 0. 0. 0. 0. 0. 0. 0. 0. 0. 0. 0. 0. 0. 0. 0. 0. 0. 0. 0. 0. 0. 0. 0. 0.
 0. 0. 0. 0. 0. 0. 0. 0. 0. 0. 0. 0. 0. 0. 0. 0. 0. 0. 0. 0. 0. 0. 0. 0.
 0. 0. 0. 0. 0. 0. 0. 0. 0. 0. 0. 0. 0. 0. 0. 0. 0. 0. 0. 0. 0. 0. 0. 0.
 0. 0. 0. 0. 0. 0. 0. 0. 0. 0. 0. 0. 0. 0. 0. 0. 0. 0. 0. 0. 0.]",0.0,,,,,0.00870880001457408,True,,3.0,1.0,,parametric robust (γ=3.0),1.0,0.0,0.0,0.0,8.245004696025058e-09,9.863585011217252e-09,400
egout-ac,NETLIB,141,55,0.05,HiGHS-SAA,"[0. 0. 0. 0. 0. 0. 0. 0. 0. 0. 0. 0. 0. 0. 0. 0. 0. 0. 0. 0. 0. 0. 0. 0.
 0. 0. 0. 0. 0. 0. 0. 0. 0. 0. 0. 0. 0. 0. 0. 0. 0. 0. 0. 0. 0. 0. 0. 0.
 0. 0. 0. 0. 0. 0. 0. 0. 0. 0. 0. 0. 0. 0. 0. 0. 0. 0. 0. 0. 0. 0. 0. 0.
 0. 0. 0. 0. 0. 0. 0. 0. 0. 0. 0. 0. 0. 0. 0. 0. 0. 0. 0. 0. 0. 0. 0. 0.
 0. 0. 0. 0. 0. 0. 0. 0. 0. 0. 0. 0. 0. 0. 0. 0. 0. 0. 0. 0. 0. 0. 0. 0.
 0. 0. 0. 0. 0. 0. 0. 0. 0. 0. 0. 0. 0. 0. 0. 0. 0. 0. 0. 0. 0.]",,,,,,1.1337311000097543,False,,,,,100,1.0,0.0,0.0,0.0,8.245004696025058e-09,9.863585011217252e-09,400
egout-ac,NETLIB,141,55,0.05,Nominal-LP,"[0. 0. 0. 0. 0. 0. 0. 0. 0. 0. 0. 0. 0. 0. 0. 0. 0. 0. 0. 0. 0. 0. 0. 0.
 0. 0. 0. 0. 0. 0. 0. 0. 0. 0. 0. 0. 0. 0. 0. 0. 0. 0. 0. 0. 0. 0. 0. 0.
 0. 0. 0. 0. 0. 0. 0. 0. 0. 0. 0. 0. 0. 0. 0. 0. 0. 0. 0. 0. 0. 0. 0. 0.
 0. 0. 0. 0. 0. 0. 0. 0. 0. 0. 0. 0. 0. 0. 0. 0. 0. 0. 0. 0. 0. 0. 0. 0.
 0. 0. 0. 0. 0. 0. 0. 0. 0. 0. 0. 0. 0. 0. 0. 0. 0. 0. 0. 0. 0. 0. 0. 0.
 0. 0. 0. 0. 0. 0. 0. 0. 0. 0. 0. 0. 0. 0. 0. 0. 0. 0. 0. 0. 0.]",0.0,,,,,0.0034192999883089215,True,,,,,deterministic (mean only),1.0,0.0,0.0,0.0,8.245004696025058e-09,9.863585011217252e-09,400
egout-ac,NETLIB,141,55,0.05,TSAR-No-calib,"[0. 0. 0. 0. 0. 0. 0. 0. 0. 0. 0. 0. 0. 0. 0. 0. 0. 0. 0. 0. 0. 0. 0. 0.
 0. 0. 0. 0. 0. 0. 0. 0. 0. 0. 0. 0. 0. 0. 0. 0. 0. 0. 0. 0. 0. 0. 0. 0.
 0. 0. 0. 0. 0. 0. 0. 0. 0. 0. 0. 0. 0. 0. 0. 0. 0. 0. 0. 0. 0. 0. 0. 0.
 0. 0. 0. 0. 0. 0. 0. 0. 0. 0. 0. 0. 0. 0. 0. 0. 0. 0. 0. 0. 0. 0. 0. 0.
 0. 0. 0. 0. 0. 0. 0. 0. 0. 0. 0. 0. 0. 0. 0. 0. 0. 0. 0. 0. 0. 0. 0. 0.
 0. 0. 0. 0. 0. 0. 0. 0. 0. 0. 0. 0. 0. 0. 0. 0. 0. 0. 0. 0. 0.]",0.0,0.0,0.0,0.0,0.0,0.016703000001143664,True,0.0,2.0,1.0,fixed_γ=2.0,No-calibration(fixed γ=2.0),1.0,0.0,0.0,0.0,8.245004696025058e-09,9.863585011217252e-09,400
egout-ac,NETLIB,141,55,0.1,FuzzyPD-LP,"[0. 0. 0. 0. 0. 0. 0. 0. 0. 0. 0. 0. 0. 0. 0. 0. 0. 0. 0. 0. 0. 0. 0. 0.
 0. 0. 0. 0. 0. 0. 0. 0. 0. 0. 0. 0. 0. 0. 0. 0. 0. 0. 0. 0. 0. 0. 0. 0.
 0. 0. 0. 0. 0. 0. 0. 0. 0. 0. 0. 0. 0. 0. 0. 0. 0. 0. 0. 0. 0. 0. 0. 0.
 0. 0. 0. 0. 0. 0. 0. 0. 0. 0. 0. 0. 0. 0. 0. 0. 0. 0. 0. 0. 0. 0. 0. 0.
 0. 0. 0. 0. 0. 0. 0. 0. 0. 0. 0. 0. 0. 0. 0. 0. 0. 0. 0. 0. 0. 0. 0. 0.
 0. 0. 0. 0. 0. 0. 0. 0. 0. 0. 0. 0. 0. 0. 0. 0. 0. 0. 0. 0. 0.]",0.0,0.0,0.0,0.0,0.0,4.033757800003514,True,0.0,5.0,1.0,BS,BS(γ=5.0)+AdvSAA(100)+Combo,1.0,0.0,0.0,0.0,8.245004696025058e-09,9.863585011217252e-09,400
egout-ac,NETLIB,141,55,0.1,Bertsimas-Sim(γ=3.0),"[0. 0. 0. 0. 0. 0. 0. 0. 0. 0. 0. 0. 0. 0. 0. 0. 0. 0. 0. 0. 0. 0. 0. 0.
 0. 0. 0. 0. 0. 0. 0. 0. 0. 0. 0. 0. 0. 0. 0. 0. 0. 0. 0. 0. 0. 0. 0. 0.
 0. 0. 0. 0. 0. 0. 0. 0. 0. 0. 0. 0. 0. 0. 0. 0. 0. 0. 0. 0. 0. 0. 0. 0.
 0. 0. 0. 0. 0. 0. 0. 0. 0. 0. 0. 0. 0. 0. 0. 0. 0. 0. 0. 0. 0. 0. 0. 0.
 0. 0. 0. 0. 0. 0. 0. 0. 0. 0. 0. 0. 0. 0. 0. 0. 0. 0. 0. 0. 0. 0. 0. 0.
 0. 0. 0. 0. 0. 0. 0. 0. 0. 0. 0. 0. 0. 0. 0. 0. 0. 0. 0. 0. 0.]",0.0,,,,,0.009860299993306398,True,,3.0,1.0,,parametric robust (γ=3.0),1.0,0.0,0.0,0.0,8.245004696025058e-09,9.863585011217252e-09,400
egout-ac,NETLIB,141,55,0.1,HiGHS-SAA,"[-2.67309959e-11  3.81700078e-11  9.51025279e-10  6.35543283e-11
 -1.32713799e-10  6.24542559e-11  5.22888143e-11  6.21119673e-10
  1.10874468e-12  4.41695289e-11  7.49524231e-11 -7.69668406e-11
 -5.32910942e-11  2.33111963e-11  4.72156524e-09  1.20528108e-09
 -2.33624064e-10 -8.00192667e-12  5.93808645e-12  2.27051712e-10
  3.62128256e-11  3.64162383e-11  1.49122114e-09  3.39218682e-11
  9.90404646e-10  3.56965665e-11  4.83779256e-11  1.83610557e-10
  4.10743370e-10 -1.16878172e-11 -1.93391209e-11 -5.50267308e-12
  2.09848715e-11 -2.82009390e-10 -2.74202516e-11 -8.65835843e-12
 -1.27607250e-10 -5.76551141e-11  1.58443434e-10 -7.85856718e-10
  2.03052613e-11 -2.35799070e-10  7.42780036e-11  5.30004594e-10
  4.32894970e-11  6.04294499e-11 -2.31750064e-11  2.90684981e-11
 -1.62979781e-10  3.44860236e-10 -8.01898723e-10 -9.09915979e-10
  8.94934107e-10 -6.63868868e-11 -5.01874264e-11  0.00000000e+00
  0.00000000e+00  0.00000000e+00  0.00000000e+00  0.00000000e+00
  0.00000000e+00  0.00000000e+00  0.00000000e+00  0.00000000e+00
  0.00000000e+00  0.00000000e+00  0.00000000e+00  0.00000000e+00
  0.00000000e+00  0.00000000e+00  0.00000000e+00  0.00000000e+00
  0.00000000e+00  0.00000000e+00  0.00000000e+00  0.00000000e+00
  0.00000000e+00  0.00000000e+00  0.00000000e+00  0.00000000e+00
  0.00000000e+00  0.00000000e+00  0.00000000e+00  0.00000000e+00
  0.00000000e+00  0.00000000e+00  0.00000000e+00  0.00000000e+00
  1.02679590e-07  0.00000000e+00 -1.82727377e-08  0.00000000e+00
  0.00000000e+00  6.85166567e-08  0.00000000e+00  0.00000000e+00
  1.57584253e-08  0.00000000e+00  0.00000000e+00  0.00000000e+00
  5.42638204e-07  1.34826383e-07 -2.90304930e-08  0.00000000e+00
  0.00000000e+00  2.69020697e-08  0.00000000e+00  0.00000000e+00
  1.68828019e-07  0.00000000e+00  1.10120672e-07  0.00000000e+00
  0.00000000e+00  2.27825058e-08  4.49249571e-08  0.00000000e+00
  0.00000000e+00  0.00000000e+00  0.00000000e+00 -3.55547882e-08
  0.00000000e+00  0.00000000e+00 -1.25107618e-08  0.00000000e+00
  1.62514853e-08 -9.25594296e-08  0.00000000e+00 -2.16386985e-08
  0.00000000e+00  5.73869590e-08  0.00000000e+00  0.00000000e+00
  0.00000000e+00  0.00000000e+00 -2.14777379e-08  4.32207015e-08
 -9.03530687e-08 -9.61321694e-08  9.72483054e-08  0.00000000e+00
  0.00000000e+00]",-3.020869296357434e-16,,,,,1.5202030999935232,True,,,,,100,1.0,0.0,-1.8323853001264146e-16,2.5971682747477407e-15,1.4266280764075388e-08,2.370521979497246e-08,400
egout-ac,NETLIB,141,55,0.1,Nominal-LP,"[0. 0. 0. 0. 0. 0. 0. 0. 0. 0. 0. 0. 0. 0. 0. 0. 0. 0. 0. 0. 0. 0. 0. 0.
 0. 0. 0. 0. 0. 0. 0. 0. 0. 0. 0. 0. 0. 0. 0. 0. 0. 0. 0. 0. 0. 0. 0. 0.
 0. 0. 0. 0. 0. 0. 0. 0. 0. 0. 0. 0. 0. 0. 0. 0. 0. 0. 0. 0. 0. 0. 0. 0.
 0. 0. 0. 0. 0. 0. 0. 0. 0. 0. 0. 0. 0. 0. 0. 0. 0. 0. 0. 0. 0. 0. 0. 0.
 0. 0. 0. 0. 0. 0. 0. 0. 0. 0. 0. 0. 0. 0. 0. 0. 0. 0. 0. 0. 0. 0. 0. 0.
 0. 0. 0. 0. 0. 0. 0. 0. 0. 0. 0. 0. 0. 0. 0. 0. 0. 0. 0. 0. 0.]",0.0,,,,,0.0037773000076413155,True,,,,,deterministic (mean only),1.0,0.0,0.0,0.0,8.245004696025058e-09,9.863585011217252e-09,400
egout-ac,NETLIB,141,55,0.1,TSAR-No-calib,"[0. 0. 0. 0. 0. 0. 0. 0. 0. 0. 0. 0. 0. 0. 0. 0. 0. 0. 0. 0. 0. 0. 0. 0.
 0. 0. 0. 0. 0. 0. 0. 0. 0. 0. 0. 0. 0. 0. 0. 0. 0. 0. 0. 0. 0. 0. 0. 0.
 0. 0. 0. 0. 0. 0. 0. 0. 0. 0. 0. 0. 0. 0. 0. 0. 0. 0. 0. 0. 0. 0. 0. 0.
 0. 0. 0. 0. 0. 0. 0. 0. 0. 0. 0. 0. 0. 0. 0. 0. 0. 0. 0. 0. 0. 0. 0. 0.
 0. 0. 0. 0. 0. 0. 0. 0. 0. 0. 0. 0. 0. 0. 0. 0. 0. 0. 0. 0. 0. 0. 0. 0.
 0. 0. 0. 0. 0. 0. 0. 0. 0. 0. 0. 0. 0. 0. 0. 0. 0. 0. 0. 0. 0.]",0.0,0.0,0.0,0.0,0.0,0.021180499985348433,True,0.0,2.0,1.0,fixed_γ=2.0,No-calibration(fixed γ=2.0),1.0,0.0,0.0,0.0,8.245004696025058e-09,9.863585011217252e-09,400
egout-ac,NETLIB,141,55,0.2,FuzzyPD-LP,"[0. 0. 0. 0. 0. 0. 0. 0. 0. 0. 0. 0. 0. 0. 0. 0. 0. 0. 0. 0. 0. 0. 0. 0.
 0. 0. 0. 0. 0. 0. 0. 0. 0. 0. 0. 0. 0. 0. 0. 0. 0. 0. 0. 0. 0. 0. 0. 0.
 0. 0. 0. 0. 0. 0. 0. 0. 0. 0. 0. 0. 0. 0. 0. 0. 0. 0. 0. 0. 0. 0. 0. 0.
 0. 0. 0. 0. 0. 0. 0. 0. 0. 0. 0. 0. 0. 0. 0. 0. 0. 0. 0. 0. 0. 0. 0. 0.
 0. 0. 0. 0. 0. 0. 0. 0. 0. 0. 0. 0. 0. 0. 0. 0. 0. 0. 0. 0. 0. 0. 0. 0.
 0. 0. 0. 0. 0. 0. 0. 0. 0. 0. 0. 0. 0. 0. 0. 0. 0. 0. 0. 0. 0.]",0.0,0.0,0.0,0.0,0.0,2.7887641999986954,True,0.0,5.0,1.0,BS,BS(γ=5.0)+AdvSAA(100)+Combo,1.0,0.0,0.0,0.0,8.245004696025058e-09,9.863585011217252e-09,400
egout-ac,NETLIB,141,55,0.2,Bertsimas-Sim(γ=3.0),"[0. 0. 0. 0. 0. 0. 0. 0. 0. 0. 0. 0. 0. 0. 0. 0. 0. 0. 0. 0. 0. 0. 0. 0.
 0. 0. 0. 0. 0. 0. 0. 0. 0. 0. 0. 0. 0. 0. 0. 0. 0. 0. 0. 0. 0. 0. 0. 0.
 0. 0. 0. 0. 0. 0. 0. 0. 0. 0. 0. 0. 0. 0. 0. 0. 0. 0. 0. 0. 0. 0. 0. 0.
 0. 0. 0. 0. 0. 0. 0. 0. 0. 0. 0. 0. 0. 0. 0. 0. 0. 0. 0. 0. 0. 0. 0. 0.
 0. 0. 0. 0. 0. 0. 0. 0. 0. 0. 0. 0. 0. 0. 0. 0. 0. 0. 0. 0. 0. 0. 0. 0.
 0. 0. 0. 0. 0. 0. 0. 0. 0. 0. 0. 0. 0. 0. 0. 0. 0. 0. 0. 0. 0.]",0.0,,,,,0.007771900010993704,True,,3.0,1.0,,parametric robust (γ=3.0),1.0,0.0,0.0,0.0,8.245004696025058e-09,9.863585011217252e-09,400
egout-ac,NETLIB,141,55,0.2,HiGHS-SAA,"[0. 0. 0. 0. 0. 0. 0. 0. 0. 0. 0. 0. 0. 0. 0. 0. 0. 0. 0. 0. 0. 0. 0. 0.
 0. 0. 0. 0. 0. 0. 0. 0. 0. 0. 0. 0. 0. 0. 0. 0. 0. 0. 0. 0. 0. 0. 0. 0.
 0. 0. 0. 0. 0. 0. 0. 0. 0. 0. 0. 0. 0. 0. 0. 0. 0. 0. 0. 0. 0. 0. 0. 0.
 0. 0. 0. 0. 0. 0. 0. 0. 0. 0. 0. 0. 0. 0. 0. 0. 0. 0. 0. 0. 0. 0. 0. 0.
 0. 0. 0. 0. 0. 0. 0. 0. 0. 0. 0. 0. 0. 0. 0. 0. 0. 0. 0. 0. 0. 0. 0. 0.
 0. 0. 0. 0. 0. 0. 0. 0. 0. 0. 0. 0. 0. 0. 0. 0. 0. 0. 0. 0. 0.]",,,,,,0.8855826999933925,False,,,,,100,1.0,0.0,0.0,0.0,8.245004696025058e-09,9.863585011217252e-09,400
egout-ac,NETLIB,141,55,0.2,Nominal-LP,"[0. 0. 0. 0. 0. 0. 0. 0. 0. 0. 0. 0. 0. 0. 0. 0. 0. 0. 0. 0. 0. 0. 0. 0.
 0. 0. 0. 0. 0. 0. 0. 0. 0. 0. 0. 0. 0. 0. 0. 0. 0. 0. 0. 0. 0. 0. 0. 0.
 0. 0. 0. 0. 0. 0. 0. 0. 0. 0. 0. 0. 0. 0. 0. 0. 0. 0. 0. 0. 0. 0. 0. 0.
 0. 0. 0. 0. 0. 0. 0. 0. 0. 0. 0. 0. 0. 0. 0. 0. 0. 0. 0. 0. 0. 0. 0. 0.
 0. 0. 0. 0. 0. 0. 0. 0. 0. 0. 0. 0. 0. 0. 0. 0. 0. 0. 0. 0. 0. 0. 0. 0.
 0. 0. 0. 0. 0. 0. 0. 0. 0. 0. 0. 0. 0. 0. 0. 0. 0. 0. 0. 0. 0.]",0.0,,,,,0.002726900012930855,True,,,,,deterministic (mean only),1.0,0.0,0.0,0.0,8.245004696025058e-09,9.863585011217252e-09,400
egout-ac,NETLIB,141,55,0.2,TSAR-No-calib,"[0. 0. 0. 0. 0. 0. 0. 0. 0. 0. 0. 0. 0. 0. 0. 0. 0. 0. 0. 0. 0. 0. 0. 0.
 0. 0. 0. 0. 0. 0. 0. 0. 0. 0. 0. 0. 0. 0. 0. 0. 0. 0. 0. 0. 0. 0. 0. 0.
 0. 0. 0. 0. 0. 0. 0. 0. 0. 0. 0. 0. 0. 0. 0. 0. 0. 0. 0. 0. 0. 0. 0. 0.
 0. 0. 0. 0. 0. 0. 0. 0. 0. 0. 0. 0. 0. 0. 0. 0. 0. 0. 0. 0. 0. 0. 0. 0.
 0. 0. 0. 0. 0. 0. 0. 0. 0. 0. 0. 0. 0. 0. 0. 0. 0. 0. 0. 0. 0. 0. 0. 0.
 0. 0. 0. 0. 0. 0. 0. 0. 0. 0. 0. 0. 0. 0. 0. 0. 0. 0. 0. 0. 0.]",0.0,0.0,0.0,0.0,0.0,0.012490300025092438,True,0.0,2.0,1.0,fixed_γ=2.0,No-calibration(fixed γ=2.0),1.0,0.0,0.0,0.0,8.245004696025058e-09,9.863585011217252e-09,400
egout-ac,NETLIB,141,55,0.3,FuzzyPD-LP,"[0. 0. 0. 0. 0. 0. 0. 0. 0. 0. 0. 0. 0. 0. 0. 0. 0. 0. 0. 0. 0. 0. 0. 0.
 0. 0. 0. 0. 0. 0. 0. 0. 0. 0. 0. 0. 0. 0. 0. 0. 0. 0. 0. 0. 0. 0. 0. 0.
 0. 0. 0. 0. 0. 0. 0. 0. 0. 0. 0. 0. 0. 0. 0. 0. 0. 0. 0. 0. 0. 0. 0. 0.
 0. 0. 0. 0. 0. 0. 0. 0. 0. 0. 0. 0. 0. 0. 0. 0. 0. 0. 0. 0. 0. 0. 0. 0.
 0. 0. 0. 0. 0. 0. 0. 0. 0. 0. 0. 0. 0. 0. 0. 0. 0. 0. 0. 0. 0. 0. 0. 0.
 0. 0. 0. 0. 0. 0. 0. 0. 0. 0. 0. 0. 0. 0. 0. 0. 0. 0. 0. 0. 0.]",0.0,0.0,0.0,0.0,0.0,2.7872130000032485,True,0.0,5.0,1.0,BS,BS(γ=5.0)+AdvSAA(100)+Combo,1.0,0.0,0.0,0.0,8.245004696025058e-09,9.863585011217252e-09,400
egout-ac,NETLIB,141,55,0.3,Bertsimas-Sim(γ=3.0),"[0. 0. 0. 0. 0. 0. 0. 0. 0. 0. 0. 0. 0. 0. 0. 0. 0. 0. 0. 0. 0. 0. 0. 0.
 0. 0. 0. 0. 0. 0. 0. 0. 0. 0. 0. 0. 0. 0. 0. 0. 0. 0. 0. 0. 0. 0. 0. 0.
 0. 0. 0. 0. 0. 0. 0. 0. 0. 0. 0. 0. 0. 0. 0. 0. 0. 0. 0. 0. 0. 0. 0. 0.
 0. 0. 0. 0. 0. 0. 0. 0. 0. 0. 0. 0. 0. 0. 0. 0. 0. 0. 0. 0. 0. 0. 0. 0.
 0. 0. 0. 0. 0. 0. 0. 0. 0. 0. 0. 0. 0. 0. 0. 0. 0. 0. 0. 0. 0. 0. 0. 0.
 0. 0. 0. 0. 0. 0. 0. 0. 0. 0. 0. 0. 0. 0. 0. 0. 0. 0. 0. 0. 0.]",0.0,,,,,0.0073561999888625,True,,3.0,1.0,,parametric robust (γ=3.0),1.0,0.0,0.0,0.0,8.245004696025058e-09,9.863585011217252e-09,400
egout-ac,NETLIB,141,55,0.3,HiGHS-SAA,"[0. 0. 0. 0. 0. 0. 0. 0. 0. 0. 0. 0. 0. 0. 0. 0. 0. 0. 0. 0. 0. 0. 0. 0.
 0. 0. 0. 0. 0. 0. 0. 0. 0. 0. 0. 0. 0. 0. 0. 0. 0. 0. 0. 0. 0. 0. 0. 0.
 0. 0. 0. 0. 0. 0. 0. 0. 0. 0. 0. 0. 0. 0. 0. 0. 0. 0. 0. 0. 0. 0. 0. 0.
 0. 0. 0. 0. 0. 0. 0. 0. 0. 0. 0. 0. 0. 0. 0. 0. 0. 0. 0. 0. 0. 0. 0. 0.
 0. 0. 0. 0. 0. 0. 0. 0. 0. 0. 0. 0. 0. 0. 0. 0. 0. 0. 0. 0. 0. 0. 0. 0.
 0. 0. 0. 0. 0. 0. 0. 0. 0. 0. 0. 0. 0. 0. 0. 0. 0. 0. 0. 0. 0.]",,,,,,0.8696468000125606,False,,,,,100,1.0,0.0,0.0,0.0,8.245004696025058e-09,9.863585011217252e-09,400
egout-ac,NETLIB,141,55,0.3,Nominal-LP,"[0. 0. 0. 0. 0. 0. 0. 0. 0. 0. 0. 0. 0. 0. 0. 0. 0. 0. 0. 0. 0. 0. 0. 0.
 0. 0. 0. 0. 0. 0. 0. 0. 0. 0. 0. 0. 0. 0. 0. 0. 0. 0. 0. 0. 0. 0. 0. 0.
 0. 0. 0. 0. 0. 0. 0. 0. 0. 0. 0. 0. 0. 0. 0. 0. 0. 0. 0. 0. 0. 0. 0. 0.
 0. 0. 0. 0. 0. 0. 0. 0. 0. 0. 0. 0. 0. 0. 0. 0. 0. 0. 0. 0. 0. 0. 0. 0.
 0. 0. 0. 0. 0. 0. 0. 0. 0. 0. 0. 0. 0. 0. 0. 0. 0. 0. 0. 0. 0. 0. 0. 0.
 0. 0. 0. 0. 0. 0. 0. 0. 0. 0. 0. 0. 0. 0. 0. 0. 0. 0. 0. 0. 0.]",0.0,,,,,0.0028645999846048653,True,,,,,deterministic (mean only),1.0,0.0,0.0,0.0,8.245004696025058e-09,9.863585011217252e-09,400
egout-ac,NETLIB,141,55,0.3,TSAR-No-calib,"[0. 0. 0. 0. 0. 0. 0. 0. 0. 0. 0. 0. 0. 0. 0. 0. 0. 0. 0. 0. 0. 0. 0. 0.
 0. 0. 0. 0. 0. 0. 0. 0. 0. 0. 0. 0. 0. 0. 0. 0. 0. 0. 0. 0. 0. 0. 0. 0.
 0. 0. 0. 0. 0. 0. 0. 0. 0. 0. 0. 0. 0. 0. 0. 0. 0. 0. 0. 0. 0. 0. 0. 0.
 0. 0. 0. 0. 0. 0. 0. 0. 0. 0. 0. 0. 0. 0. 0. 0. 0. 0. 0. 0. 0. 0. 0. 0.
 0. 0. 0. 0. 0. 0. 0. 0. 0. 0. 0. 0. 0. 0. 0. 0. 0. 0. 0. 0. 0. 0. 0. 0.
 0. 0. 0. 0. 0. 0. 0. 0. 0. 0. 0. 0. 0. 0. 0. 0. 0. 0. 0. 0. 0.]",0.0,0.0,0.0,0.0,0.0,0.012106900016078725,True,0.0,2.0,1.0,fixed_γ=2.0,No-calibration(fixed γ=2.0),1.0,0.0,0.0,0.0,8.245004696025058e-09,9.863585011217252e-09,400
test,NETLIB,7,6,0.05,FuzzyPD-LP,"[0.         1.02292971 0.         0.1173464  1.14683243 0.
 9.46594104]",-7.413525302219391,-7.413525302219391,0.15925593440666583,-7.725666933656456,-7.101383670782326,0.06911309997667558,True,0.0,5.0,1.0,BS,BS(γ=5.0)+AdvSAA(100)+Combo,1.0,0.0,-7.414647725552738,0.15282778243797143,0.0,0.0,400
test,NETLIB,7,6,0.05,Bertsimas-Sim(γ=3.0),"[0.         0.96161762 0.         0.12091641 1.08449156 0.
 9.67592742]",-7.203233386139235,,,,,0.0028449000092223287,True,,3.0,1.0,,parametric robust (γ=3.0),1.0,0.0,-7.751739777164505,0.15628372367940085,0.0,0.0,400
test,NETLIB,7,6,0.05,HiGHS-SAA,"[0.         0.92177844 0.         0.12566882 1.05195278 0.
 9.79667677]",-7.969473224863544,,,,,0.0064999999885912985,True,,,,,100,0.9925,0.007499999999999951,-7.9495442336437305,0.15827545969198728,7.128872267844421e-05,0.020092831343881068,400
test,NETLIB,7,6,0.05,Nominal-LP,[ 0.     0.875  0.     0.125  1.     0.    10.   ],-8.25,,,,,0.0025167999847326428,True,,,,,deterministic (mean only),0.0675,0.9325,-8.250838392639553,0.1616238693757185,0.048225125187706,0.21125033775957291,400
test,NETLIB,7,6,0.05,TSAR-No-calib,"[0.         0.93204966 0.         0.1224416  1.05519747 0.
 9.78271846]",-7.917912926056197,-7.917912926056197,0.16444200841627138,-8.24021926255209,-7.5956065895603055,0.004884499998297542,True,0.0,2.0,1.0,fixed_γ=2.0,No-calibration(fixed γ=2.0),1.0,0.0,-7.918861281403292,0.15804273253028087,0.0,0.0,400
test,NETLIB,7,6,0.1,FuzzyPD-LP,"[0.         1.18980591 0.         0.10511015 1.32876084 0.
 8.96103421]",-6.547577602263335,-6.547577602263335,0.3021296797449332,-7.139751774563404,-5.955403429963265,0.07182389998342842,True,0.0,5.0,1.0,BS,BS(γ=5.0)+AdvSAA(100)+Combo,1.0,0.0,-6.550456847887607,0.28908561197320837,0.0,0.0,400
test,NETLIB,7,6,0.1,Bertsimas-Sim(γ=3.0),"[0.         1.05471126 0.         0.11528994 1.18004277 0.
 9.36270571]",-6.169905717213334,,,,,0.003442799992626533,True,,3.0,1.0,,parametric robust (γ=3.0),1.0,0.0,-7.24560770236463,0.30226095712272594,0.0,0.0,400
test,NETLIB,7,6,0.1,HiGHS-SAA,"[0.         0.97082026 0.         0.12634143 1.10775605 0.
 9.59813985]",-7.6866275317221735,,,,,0.006611600023461506,True,,,,,100,0.9925,0.007499999999999951,-7.647955012826535,0.31001554591211844,0.00014653590141601891,0.04209308460501582,400
test,NETLIB,7,6,0.1,Nominal-LP,[ 0.     0.875  0.     0.125  1.     0.    10.   ],-8.25,,,,,0.0024195000005420297,True,,,,,deterministic (mean only),0.0675,0.9325,-8.251676784897116,0.32324769958728167,0.09645023206623198,0.4225005772777646,400
test,NETLIB,7,6,0.1,TSAR-No-calib,"[0.         0.99190472 0.         0.11921989 1.11501029 0.
 9.57034182]",-7.582646704291244,-7.582646704291244,0.32192361032605676,-8.213616980530315,-6.951676428052173,0.004873999976553023,True,0.0,2.0,1.0,fixed_γ=2.0,No-calibration(fixed γ=2.0),1.0,0.0,-7.584772967893842,0.30909090566935066,0.0,0.0,400
test,NETLIB,7,6,0.2,FuzzyPD-LP,"[0.         1.50285657 0.         0.0739091  1.73167975 0.
 8.2081107 ]",-5.047483476459261,-5.047483476459261,0.5565686108875337,-6.1383579537988275,-3.956608999119695,0.06769489997532219,True,0.0,4.5,1.0,BS,BS(γ=4.5)+AdvSAA(100)+Combo,1.0,0.0,-5.055609358410855,0.5293224318532819,0.0,0.0,400
test,NETLIB,7,6,0.2,Bertsimas-Sim(γ=3.0),"[0.         1.26243088 0.         0.09875432 1.41431916 0.
 8.76670519]",-4.117137427226558,,,,,0.00336169998627156,True,,3.0,1.0,,parametric robust (γ=3.0),1.0,0.0,-6.195017758573288,0.5654753885877304,0.0,0.0,400
test,NETLIB,7,6,0.2,HiGHS-SAA,"[0.         1.07638082 0.         0.12770857 1.23276335 0.
 9.21476423]",-7.1108769364605,,,,,0.006262999988393858,True,,,,,100,0.9875,0.012499999999999956,-7.038239254030259,0.5948278592046442,0.00033055509318280827,0.09240339602737047,400
test,NETLIB,7,6,0.2,Nominal-LP,[ 0.     0.875  0.     0.125  1.     0.    10.   ],-8.25,,,,,0.002323299995623529,True,,,,,deterministic (mean only),0.0675,0.9325,-8.253353569412242,0.6464953600104084,0.192900445823284,0.8450010563141515,400
test,NETLIB,7,6,0.2,TSAR-No-calib,"[0.         1.12062369 0.         0.11060375 1.25100916 0.
 9.15965331]",-6.898624219098965,-6.898624219098965,0.6170951579290597,-8.108130728639921,-5.689117709558007,0.0038447999977506697,True,0.0,2.0,1.0,fixed_γ=2.0,No-calibration(fixed γ=2.0),1.0,0.0,-6.903857865053538,0.591186161201443,0.0,0.0,400
test,NETLIB,7,6,0.3,FuzzyPD-LP,"[0.         1.50285649 0.         0.07390908 1.73167963 0.
 8.20811077]",-5.047483729582936,-5.047483729582936,0.8348529048684612,-6.68379542312512,-3.4111720360407523,0.06176640000194311,True,0.0,3.0,1.0,BS,BS(γ=3.0)+AdvSAA(100)+Combo,1.0,0.0,-5.059672551272317,0.7939836383050063,0.0,0.0,400
test,NETLIB,7,6,0.3,Bertsimas-Sim(γ=3.0),"[0.         1.50285649 0.         0.07390908 1.73167963 0.
 8.20811077]",-2.027105904141817,,,,,0.0025458000018261373,True,,3.0,1.0,,parametric robust (γ=3.0),1.0,0.0,-5.059672551272317,0.7939836383050063,0.0,0.0,400
test,NETLIB,7,6,0.3,HiGHS-SAA,"[0.         1.19323914 0.         0.12912282 1.37952509 0.
 8.84862636]",-6.51560019429124,,,,,0.006552799983182922,True,,,,,100,0.985,0.015000000000000013,-6.413680658407449,0.8562544360035428,0.0005764452632664102,0.15226100569744938,400
test,NETLIB,7,6,0.3,Nominal-LP,[ 0.     0.875  0.     0.125  1.     0.    10.   ],-8.25,,,,,0.00227730002370663,True,,,,,deterministic (mean only),0.0675,0.9325,-8.25503035392737,0.9697430204335343,0.2893506595803363,1.2675015353505419,400
test,NETLIB,7,6,0.3,TSAR-No-calib,"[0.         1.26243083 0.         0.09875431 1.41431909 0.
 8.76670524]",-6.188709626086275,-6.188709626086275,0.887675857738628,-7.928554307253986,-4.448864944918563,0.003548999986378476,True,0.0,2.0,1.0,fixed_γ=2.0,No-calibration(fixed γ=2.0),1.0,0.0,-6.198172051622796,0.8482130704886358,0.0,0.0,400
sctest,NETLIB,6,5,0.05,FuzzyPD-LP,[0. 0. 0. 0. 0. 0.],0.0,0.0,0.0,0.0,0.0,0.055196300003444776,True,0.0,5.0,0.0,BS,BS(γ=5.0)+AdvSAA(100)+Combo,0.0,1.0,0.0,0.0,2.999780888991463,3.0509363027319134,400
sctest,NETLIB,6,5,0.05,Bertsimas-Sim(γ=3.0),[0. 0. 0. 0. 0. 0.],,,,,,0.0028470999968703836,False,,3.0,0.0,,parametric robust (γ=3.0),0.0,1.0,0.0,0.0,2.999780888991463,3.0509363027319134,400
sctest,NETLIB,6,5,0.05,HiGHS-SAA,[0. 0. 0. 0. 0. 0.],,,,,,0.0029879000212531537,False,,,,,100,0.0,1.0,0.0,0.0,2.999780888991463,3.0509363027319134,400
sctest,NETLIB,6,5,0.05,Nominal-LP,[0. 0. 0. 0. 0. 0.],,,,,,0.002403599995886907,False,,,,,deterministic (mean only),0.0,1.0,0.0,0.0,2.999780888991463,3.0509363027319134,400
sctest,NETLIB,6,5,0.05,TSAR-No-calib,[0. 0. 0. 0. 0. 0.],0.0,0.0,0.0,0.0,0.0,0.0029867999837733805,True,0.0,2.0,0.0,fixed_γ=2.0,No-calibration(fixed γ=2.0),0.0,1.0,0.0,0.0,2.999780888991463,3.0509363027319134,400
sctest,NETLIB,6,5,0.1,FuzzyPD-LP,[0. 0. 0. 0. 0. 0.],0.0,0.0,0.0,0.0,0.0,0.0523391000169795,True,0.0,5.0,0.0,BS,BS(γ=5.0)+AdvSAA(100)+Combo,0.0,1.0,0.0,0.0,2.9995617780249693,3.10187259569022,400
sctest,NETLIB,6,5,0.1,Bertsimas-Sim(γ=3.0),[0. 0. 0. 0. 0. 0.],,,,,,0.0025511999847367406,False,,3.0,0.0,,parametric robust (γ=3.0),0.0,1.0,0.0,0.0,2.9995617780249693,3.10187259569022,400
sctest,NETLIB,6,5,0.1,HiGHS-SAA,[0. 0. 0. 0. 0. 0.],,,,,,0.0028922999917995185,False,,,,,100,0.0,1.0,0.0,0.0,2.9995617780249693,3.10187259569022,400
sctest,NETLIB,6,5,0.1,Nominal-LP,[0. 0. 0. 0. 0. 0.],,,,,,0.002318099985131994,False,,,,,deterministic (mean only),0.0,1.0,0.0,0.0,2.9995617780249693,3.10187259569022,400
sctest,NETLIB,6,5,0.1,TSAR-No-calib,[0. 0. 0. 0. 0. 0.],0.0,0.0,0.0,0.0,0.0,0.0030205000075511634,True,0.0,2.0,0.0,fixed_γ=2.0,No-calibration(fixed γ=2.0),0.0,1.0,0.0,0.0,2.9995617780249693,3.10187259569022,400
sctest,NETLIB,6,5,0.2,FuzzyPD-LP,[0. 0. 0. 0. 0. 0.],0.0,0.0,0.0,0.0,0.0,0.0504994000075385,True,0.0,5.0,0.0,BS,BS(γ=5.0)+AdvSAA(100)+Combo,0.0,1.0,0.0,0.0,2.9991235560919813,3.2037451816068336,400
sctest,NETLIB,6,5,0.2,Bertsimas-Sim(γ=3.0),[0. 0. 0. 0. 0. 0.],,,,,,0.002241499983938411,False,,3.0,0.0,,parametric robust (γ=3.0),0.0,1.0,0.0,0.0,2.9991235560919813,3.2037451816068336,400
sctest,NETLIB,6,5,0.2,HiGHS-SAA,[0. 0. 0. 0. 0. 0.],,,,,,0.0028541999927256256,False,,,,,100,0.0,1.0,0.0,0.0,2.9991235560919813,3.2037451816068336,400
sctest,NETLIB,6,5,0.2,Nominal-LP,[0. 0. 0. 0. 0. 0.],,,,,,0.002198600006522611,False,,,,,deterministic (mean only),0.0,1.0,0.0,0.0,2.9991235560919813,3.2037451816068336,400
sctest,NETLIB,6,5,0.2,TSAR-No-calib,[0. 0. 0. 0. 0. 0.],0.0,0.0,0.0,0.0,0.0,0.002825900010066107,True,0.0,2.0,0.0,fixed_γ=2.0,No-calibration(fixed γ=2.0),0.0,1.0,0.0,0.0,2.9991235560919813,3.2037451816068336,400
sctest,NETLIB,6,5,0.3,FuzzyPD-LP,[0. 0. 0. 0. 0. 0.],0.0,0.0,0.0,0.0,0.0,0.048483100021258,True,0.0,5.0,0.0,BS,BS(γ=5.0)+AdvSAA(100)+Combo,0.0,1.0,0.0,0.0,2.9986853341589934,3.305617767523447,400
sctest,NETLIB,6,5,0.3,Bertsimas-Sim(γ=3.0),[0. 0. 0. 0. 0. 0.],,,,,,0.0025855999847408384,False,,3.0,0.0,,parametric robust (γ=3.0),0.0,1.0,0.0,0.0,2.9986853341589934,3.305617767523447,400
sctest,NETLIB,6,5,0.3,HiGHS-SAA,[0. 0. 0. 0. 0. 0.],,,,,,0.002830299985362217,False,,,,,100,0.0,1.0,0.0,0.0,2.9986853341589934,3.305617767523447,400
sctest,NETLIB,6,5,0.3,Nominal-LP,[0. 0. 0. 0. 0. 0.],,,,,,0.0021287999988999218,False,,,,,deterministic (mean only),0.0,1.0,0.0,0.0,2.9986853341589934,3.305617767523447,400
sctest,NETLIB,6,5,0.3,TSAR-No-calib,[0. 0. 0. 0. 0. 0.],0.0,0.0,0.0,0.0,0.0,0.0031789999920874834,True,0.0,2.0,0.0,fixed_γ=2.0,No-calibration(fixed γ=2.0),0.0,1.0,0.0,0.0,2.9986853341589934,3.305617767523447,400
klein1,NETLIB,54,54,0.05,FuzzyPD-LP,"[0. 0. 0. 0. 0. 0. 0. 0. 0. 0. 0. 0. 0. 0. 0. 0. 0. 0. 0. 0. 0. 0. 0. 0.
 0. 0. 0. 0. 0. 0. 0. 0. 0. 0. 0. 0. 0. 0. 0. 0. 0. 0. 0. 0. 0. 0. 0. 0.
 0. 0. 0. 0. 0. 0.]",0.0,0.0,0.0,0.0,0.0,28.064446100004716,True,0.0,5.0,0.0,BS,BS(γ=5.0)+AdvSAA(100)+Combo,0.0,1.0,0.0,0.0,48.02087944377662,49.56038441844873,400
klein1,NETLIB,54,54,0.05,Bertsimas-Sim(γ=3.0),"[0. 0. 0. 0. 0. 0. 0. 0. 0. 0. 0. 0. 0. 0. 0. 0. 0. 0. 0. 0. 0. 0. 0. 0.
 0. 0. 0. 0. 0. 0. 0. 0. 0. 0. 0. 0. 0. 0. 0. 0. 0. 0. 0. 0. 0. 0. 0. 0.
 0. 0. 0. 0. 0. 0.]",,,,,,0.004598500003339723,False,,3.0,0.0,,parametric robust (γ=3.0),0.0,1.0,0.0,0.0,48.02087944377662,49.56038441844873,400
klein1,NETLIB,54,54,0.05,HiGHS-SAA,"[0. 0. 0. 0. 0. 0. 0. 0. 0. 0. 0. 0. 0. 0. 0. 0. 0. 0. 0. 0. 0. 0. 0. 0.
 0. 0. 0. 0. 0. 0. 0. 0. 0. 0. 0. 0. 0. 0. 0. 0. 0. 0. 0. 0. 0. 0. 0. 0.
 0. 0. 0. 0. 0. 0.]",,,,,,11.799374499998521,False,,,,,100,0.0,1.0,0.0,0.0,48.02087944377662,49.56038441844873,400
klein1,NETLIB,54,54,0.05,Nominal-LP,"[0. 0. 0. 0. 0. 0. 0. 0. 0. 0. 0. 0. 0. 0. 0. 0. 0. 0. 0. 0. 0. 0. 0. 0.
 0. 0. 0. 0. 0. 0. 0. 0. 0. 0. 0. 0. 0. 0. 0. 0. 0. 0. 0. 0. 0. 0. 0. 0.
 0. 0. 0. 0. 0. 0.]",,,,,,0.003783899999689311,False,,,,,deterministic (mean only),0.0,1.0,0.0,0.0,48.02087944377662,49.56038441844873,400
klein1,NETLIB,54,54,0.05,TSAR-No-calib,"[0. 0. 0. 0. 0. 0. 0. 0. 0. 0. 0. 0. 0. 0. 0. 0. 0. 0. 0. 0. 0. 0. 0. 0.
 0. 0. 0. 0. 0. 0. 0. 0. 0. 0. 0. 0. 0. 0. 0. 0. 0. 0. 0. 0. 0. 0. 0. 0.
 0. 0. 0. 0. 0. 0.]",0.0,0.0,0.0,0.0,0.0,0.014562199998181313,True,0.0,2.0,0.0,fixed_γ=2.0,No-calibration(fixed γ=2.0),0.0,1.0,0.0,0.0,48.02087944377662,49.56038441844873,400
klein1,NETLIB,54,54,0.1,FuzzyPD-LP,"[0. 0. 0. 0. 0. 0. 0. 0. 0. 0. 0. 0. 0. 0. 0. 0. 0. 0. 0. 0. 0. 0. 0. 0.
 0. 0. 0. 0. 0. 0. 0. 0. 0. 0. 0. 0. 0. 0. 0. 0. 0. 0. 0. 0. 0. 0. 0. 0.
 0. 0. 0. 0. 0. 0.]",0.0,0.0,0.0,0.0,0.0,3.9988890000095125,True,0.0,5.0,0.0,BS,BS(γ=5.0)+AdvSAA(100)+Combo,0.0,1.0,0.0,0.0,48.04175888742493,51.12076882730875,400
klein1,NETLIB,54,54,0.1,Bertsimas-Sim(γ=3.0),"[0. 0. 0. 0. 0. 0. 0. 0. 0. 0. 0. 0. 0. 0. 0. 0. 0. 0. 0. 0. 0. 0. 0. 0.
 0. 0. 0. 0. 0. 0. 0. 0. 0. 0. 0. 0. 0. 0. 0. 0. 0. 0. 0. 0. 0. 0. 0. 0.
 0. 0. 0. 0. 0. 0.]",,,,,,0.004581299988785759,False,,3.0,0.0,,parametric robust (γ=3.0),0.0,1.0,0.0,0.0,48.04175888742493,51.12076882730875,400
klein1,NETLIB,54,54,0.1,HiGHS-SAA,"[0. 0. 0. 0. 0. 0. 0. 0. 0. 0. 0. 0. 0. 0. 0. 0. 0. 0. 0. 0. 0. 0. 0. 0.
 0. 0. 0. 0. 0. 0. 0. 0. 0. 0. 0. 0. 0. 0. 0. 0. 0. 0. 0. 0. 0. 0. 0. 0.
 0. 0. 0. 0. 0. 0.]",,,,,,0.38557090001995675,False,,,,,100,0.0,1.0,0.0,0.0,48.04175888742493,51.12076882730875,400
klein1,NETLIB,54,54,0.1,Nominal-LP,"[0. 0. 0. 0. 0. 0. 0. 0. 0. 0. 0. 0. 0. 0. 0. 0. 0. 0. 0. 0. 0. 0. 0. 0.
 0. 0. 0. 0. 0. 0. 0. 0. 0. 0. 0. 0. 0. 0. 0. 0. 0. 0. 0. 0. 0. 0. 0. 0.
 0. 0. 0. 0. 0. 0.]",,,,,,0.004412100010085851,False,,,,,deterministic (mean only),0.0,1.0,0.0,0.0,48.04175888742493,51.12076882730875,400
klein1,NETLIB,54,54,0.1,TSAR-No-calib,"[0. 0. 0. 0. 0. 0. 0. 0. 0. 0. 0. 0. 0. 0. 0. 0. 0. 0. 0. 0. 0. 0. 0. 0.
 0. 0. 0. 0. 0. 0. 0. 0. 0. 0. 0. 0. 0. 0. 0. 0. 0. 0. 0. 0. 0. 0. 0. 0.
 0. 0. 0. 0. 0. 0.]",0.0,0.0,0.0,0.0,0.0,0.0068962999794166535,True,0.0,2.0,0.0,fixed_γ=2.0,No-calibration(fixed γ=2.0),0.0,1.0,0.0,0.0,48.04175888742493,51.12076882730875,400
klein1,NETLIB,54,54,0.2,FuzzyPD-LP,"[0. 0. 0. 0. 0. 0. 0. 0. 0. 0. 0. 0. 0. 0. 0. 0. 0. 0. 0. 0. 0. 0. 0. 0.
 0. 0. 0. 0. 0. 0. 0. 0. 0. 0. 0. 0. 0. 0. 0. 0. 0. 0. 0. 0. 0. 0. 0. 0.
 0. 0. 0. 0. 0. 0.]",0.0,0.0,0.0,0.0,0.0,11.324047100002645,True,0.0,5.0,0.0,BS,BS(γ=5.0)+AdvSAA(100)+Combo,0.0,1.0,0.0,0.0,48.08351777472154,54.24153764502881,400
klein1,NETLIB,54,54,0.2,Bertsimas-Sim(γ=3.0),"[0. 0. 0. 0. 0. 0. 0. 0. 0. 0. 0. 0. 0. 0. 0. 0. 0. 0. 0. 0. 0. 0. 0. 0.
 0. 0. 0. 0. 0. 0. 0. 0. 0. 0. 0. 0. 0. 0. 0. 0. 0. 0. 0. 0. 0. 0. 0. 0.
 0. 0. 0. 0. 0. 0.]",,,,,,0.0050700999854598194,False,,3.0,0.0,,parametric robust (γ=3.0),0.0,1.0,0.0,0.0,48.08351777472154,54.24153764502881,400
klein1,NETLIB,54,54,0.2,HiGHS-SAA,"[0. 0. 0. 0. 0. 0. 0. 0. 0. 0. 0. 0. 0. 0. 0. 0. 0. 0. 0. 0. 0. 0. 0. 0.
 0. 0. 0. 0. 0. 0. 0. 0. 0. 0. 0. 0. 0. 0. 0. 0. 0. 0. 0. 0. 0. 0. 0. 0.
 0. 0. 0. 0. 0. 0.]",,,,,,6.708374799985904,False,,,,,100,0.0,1.0,0.0,0.0,48.08351777472154,54.24153764502881,400
klein1,NETLIB,54,54,0.2,Nominal-LP,"[0. 0. 0. 0. 0. 0. 0. 0. 0. 0. 0. 0. 0. 0. 0. 0. 0. 0. 0. 0. 0. 0. 0. 0.
 0. 0. 0. 0. 0. 0. 0. 0. 0. 0. 0. 0. 0. 0. 0. 0. 0. 0. 0. 0. 0. 0. 0. 0.
 0. 0. 0. 0. 0. 0.]",,,,,,0.004516899993177503,False,,,,,deterministic (mean only),0.0,1.0,0.0,0.0,48.08351777472154,54.24153764502881,400
klein1,NETLIB,54,54,0.2,TSAR-No-calib,"[0. 0. 0. 0. 0. 0. 0. 0. 0. 0. 0. 0. 0. 0. 0. 0. 0. 0. 0. 0. 0. 0. 0. 0.
 0. 0. 0. 0. 0. 0. 0. 0. 0. 0. 0. 0. 0. 0. 0. 0. 0. 0. 0. 0. 0. 0. 0. 0.
 0. 0. 0. 0. 0. 0.]",0.0,0.0,0.0,0.0,0.0,0.007063600001856685,True,0.0,2.0,0.0,fixed_γ=2.0,No-calibration(fixed γ=2.0),0.0,1.0,0.0,0.0,48.08351777472154,54.24153764502881,400
klein1,NETLIB,54,54,0.3,FuzzyPD-LP,"[0. 0. 0. 0. 0. 0. 0. 0. 0. 0. 0. 0. 0. 0. 0. 0. 0. 0. 0. 0. 0. 0. 0. 0.
 0. 0. 0. 0. 0. 0. 0. 0. 0. 0. 0. 0. 0. 0. 0. 0. 0. 0. 0. 0. 0. 0. 0. 0.
 0. 0. 0. 0. 0. 0.]",0.0,0.0,0.0,0.0,0.0,15.489708499982953,True,0.0,5.0,0.0,BS,BS(γ=5.0)+AdvSAA(100)+Combo,0.0,1.0,0.0,0.0,48.12527666201815,57.362306462748855,400
klein1,NETLIB,54,54,0.3,Bertsimas-Sim(γ=3.0),"[0. 0. 0. 0. 0. 0. 0. 0. 0. 0. 0. 0. 0. 0. 0. 0. 0. 0. 0. 0. 0. 0. 0. 0.
 0. 0. 0. 0. 0. 0. 0. 0. 0. 0. 0. 0. 0. 0. 0. 0. 0. 0. 0. 0. 0. 0. 0. 0.
 0. 0. 0. 0. 0. 0.]",,,,,,0.004907800001092255,False,,3.0,0.0,,parametric robust (γ=3.0),0.0,1.0,0.0,0.0,48.12527666201815,57.362306462748855,400
klein1,NETLIB,54,54,0.3,HiGHS-SAA,"[0. 0. 0. 0. 0. 0. 0. 0. 0. 0. 0. 0. 0. 0. 0. 0. 0. 0. 0. 0. 0. 0. 0. 0.
 0. 0. 0. 0. 0. 0. 0. 0. 0. 0. 0. 0. 0. 0. 0. 0. 0. 0. 0. 0. 0. 0. 0. 0.
 0. 0. 0. 0. 0. 0.]",,,,,,12.32889149998664,False,,,,,100,0.0,1.0,0.0,0.0,48.12527666201815,57.362306462748855,400
klein1,NETLIB,54,54,0.3,Nominal-LP,"[0. 0. 0. 0. 0. 0. 0. 0. 0. 0. 0. 0. 0. 0. 0. 0. 0. 0. 0. 0. 0. 0. 0. 0.
 0. 0. 0. 0. 0. 0. 0. 0. 0. 0. 0. 0. 0. 0. 0. 0. 0. 0. 0. 0. 0. 0. 0. 0.
 0. 0. 0. 0. 0. 0.]",,,,,,0.004214699991280213,False,,,,,deterministic (mean only),0.0,1.0,0.0,0.0,48.12527666201815,57.362306462748855,400
klein1,NETLIB,54,54,0.3,TSAR-No-calib,"[0. 0. 0. 0. 0. 0. 0. 0. 0. 0. 0. 0. 0. 0. 0. 0. 0. 0. 0. 0. 0. 0. 0. 0.
 0. 0. 0. 0. 0. 0. 0. 0. 0. 0. 0. 0. 0. 0. 0. 0. 0. 0. 0. 0. 0. 0. 0. 0.
 0. 0. 0. 0. 0. 0.]",0.0,0.0,0.0,0.0,0.0,0.00808369999867864,True,0.0,2.0,0.0,fixed_γ=2.0,No-calibration(fixed γ=2.0),0.0,1.0,0.0,0.0,48.12527666201815,57.362306462748855,400
forest6,NETLIB,95,36,0.05,FuzzyPD-LP,"[0.00000000e+00 0.00000000e+00 0.00000000e+00 0.00000000e+00
 0.00000000e+00 0.00000000e+00 0.00000000e+00 4.41841383e-04
 0.00000000e+00 0.00000000e+00 4.42890745e-04 0.00000000e+00
 0.00000000e+00 4.34927702e-04 0.00000000e+00 3.02657573e+03
 4.33554531e-04 0.00000000e+00 0.00000000e+00 4.12291874e-04
 0.00000000e+00 3.18679556e+03 4.26721045e-04 0.00000000e+00
 0.00000000e+00 4.25151597e-04 0.00000000e+00 0.00000000e+00
 4.29429561e-04 0.00000000e+00 0.00000000e+00 4.29875773e-04
 0.00000000e+00 0.00000000e+00 4.28456390e-04 0.00000000e+00
 3.15457189e+03 4.16051017e-04 0.00000000e+00 0.00000000e+00
 4.34450024e-04 0.00000000e+00 0.00000000e+00 4.43113843e-04
 0.00000000e+00 0.00000000e+00 4.33242645e-04 0.00000000e+00
 0.00000000e+00 4.43612513e-04 0.00000000e+00 3.25306394e+03
 4.37723245e-04 0.00000000e+00 0.00000000e+00 4.46096340e-04
 0.00000000e+00 0.00000000e+00 4.37982040e-04 0.00000000e+00
 0.00000000e+00 4.20130963e-04 0.00000000e+00 0.00000000e+00
 4.36291469e-04 0.00000000e+00 3.40608164e+03 4.24055169e-04
 0.00000000e+00 0.00000000e+00 4.25823881e-04 0.00000000e+00
 0.00000000e+00 4.22577812e-04 0.00000000e+00 0.00000000e+00
 4.26608378e-04 0.00000000e+00 0.00000000e+00 4.35332002e-04
 0.00000000e+00 3.61624891e+03 4.22480927e-04 0.00000000e+00
 0.00000000e+00 4.20547479e-04 0.00000000e+00 0.00000000e+00
 4.14272123e-04 0.00000000e+00 0.00000000e+00 4.32555114e-04
 0.00000000e+00 0.00000000e+00 4.43500301e-04]",136723.2273307062,136723.22733070617,538.9099121279958,135666.9639029353,137779.49075847704,1.5322523999784607,True,0.0,5.0,1.0,BS,BS(γ=5.0)+AdvSAA(100)+Combo,1.0,0.0,136712.26829878378,528.2121845981696,0.0,0.0,400
forest6,NETLIB,95,36,0.05,Bertsimas-Sim(γ=3.0),"[0.00000000e+00 0.00000000e+00 0.00000000e+00 0.00000000e+00
 0.00000000e+00 0.00000000e+00 0.00000000e+00 2.43924781e-04
 0.00000000e+00 0.00000000e+00 2.44258424e-04 0.00000000e+00
 0.00000000e+00 2.41709696e-04 0.00000000e+00 2.85990490e+03
 2.41266221e-04 0.00000000e+00 0.00000000e+00 2.34245979e-04
 0.00000000e+00 3.00581229e+03 2.39041687e-04 0.00000000e+00
 0.00000000e+00 2.38526596e-04 0.00000000e+00 0.00000000e+00
 2.39926930e-04 0.00000000e+00 0.00000000e+00 2.40072323e-04
 0.00000000e+00 0.00000000e+00 2.39609398e-04 0.00000000e+00
 3.03895126e+03 2.35508476e-04 0.00000000e+00 0.00000000e+00
 2.41555560e-04 0.00000000e+00 0.00000000e+00 2.44329271e-04
 0.00000000e+00 0.00000000e+00 2.41165332e-04 0.00000000e+00
 0.00000000e+00 2.44487520e-04 0.00000000e+00 3.14917945e+03
 2.42608914e-04 0.00000000e+00 0.00000000e+00 2.45273499e-04
 0.00000000e+00 0.00000000e+00 2.42691913e-04 0.00000000e+00
 0.00000000e+00 2.36868201e-04 0.00000000e+00 0.00000000e+00
 2.42148972e-04 0.00000000e+00 3.29104032e+03 2.38165814e-04
 0.00000000e+00 0.00000000e+00 2.38747432e-04 0.00000000e+00
 0.00000000e+00 2.37678465e-04 0.00000000e+00 0.00000000e+00
 2.39004762e-04 0.00000000e+00 0.00000000e+00 2.41840044e-04
 0.00000000e+00 3.46559597e+03 2.37646456e-04 0.00000000e+00
 0.00000000e+00 2.37006402e-04 0.00000000e+00 0.00000000e+00
 2.34912204e-04 0.00000000e+00 0.00000000e+00 2.40942713e-04
 0.00000000e+00 0.00000000e+00 2.44451924e-04]",134401.65749782728,,,,,0.006001900008413941,True,,3.0,1.0,,parametric robust (γ=3.0),1.0,0.0,130742.41066497726,503.9400751874265,0.0,0.0,400
forest6,NETLIB,95,36,0.05,HiGHS-SAA,"[0.00000000e+00 0.00000000e+00 0.00000000e+00 0.00000000e+00
 0.00000000e+00 0.00000000e+00 2.12886757e+03 6.82306966e-05
 0.00000000e+00 0.00000000e+00 6.22877371e-05 0.00000000e+00
 0.00000000e+00 6.92183655e-05 0.00000000e+00 6.16970872e+02
 5.86554858e-05 0.00000000e+00 0.00000000e+00 6.62502636e-05
 0.00000000e+00 2.86489314e+03 4.67447730e-05 0.00000000e+00
 0.00000000e+00 7.33126870e-05 0.00000000e+00 0.00000000e+00
 7.12118647e-05 0.00000000e+00 0.00000000e+00 8.32008612e-05
 0.00000000e+00 0.00000000e+00 4.47789114e-05 0.00000000e+00
 2.08987227e+03 5.96088977e-05 0.00000000e+00 0.00000000e+00
 6.61527076e-05 0.00000000e+00 0.00000000e+00 5.12983160e-05
 0.00000000e+00 8.48800636e+02 7.09349120e-05 0.00000000e+00
 0.00000000e+00 7.28057924e-05 0.00000000e+00 3.08960923e+03
 5.97851250e-05 0.00000000e+00 0.00000000e+00 5.35897265e-05
 0.00000000e+00 0.00000000e+00 7.42980424e-05 0.00000000e+00
 0.00000000e+00 6.19898382e-05 0.00000000e+00 0.00000000e+00
 5.79072838e-05 0.00000000e+00 1.91110390e+03 4.47745351e-05
 0.00000000e+00 0.00000000e+00 7.16628796e-05 0.00000000e+00
 0.00000000e+00 5.64394459e-05 0.00000000e+00 1.29004249e+03
 6.37175406e-05 0.00000000e+00 0.00000000e+00 5.91273292e-05
 0.00000000e+00 1.83360691e+03 5.17623578e-05 0.00000000e+00
 0.00000000e+00 6.27757313e-05 1.13128932e+03 0.00000000e+00
 5.00782305e-05 0.00000000e+00 1.53378385e+03 7.23482137e-05
 0.00000000e+00 0.00000000e+00 4.98551005e-05]",126417.5703676433,,,,,0.4514774999988731,True,,,,,100,0.63,0.37,126414.89702839978,497.89948681249376,0.7194634430942104,17.54211141393762,400
forest6,NETLIB,95,36,0.05,Nominal-LP,"[   0.    0.    0.    0.    0.    0. 2625.    0.    0.    0.    0.    0.
    0.    0.    0.    0.    0.    0.    0.    0.    0. 2750.    0.    0.
    0.    0.    0.    0.    0.    0.    0.    0.    0.    0.    0.    0.
 2875.    0.    0.    0.    0.    0.    0.    0.    0.    0.    0.    0.
    0.    0.    0. 3000.    0.    0.    0.    0.    0.    0.    0.    0.
    0.    0.    0.    0.    0.    0. 3125.    0.    0.    0.    0.    0.
    0.    0.    0.    0.    0.    0.    0.    0.    0. 3250.    0.    0.
    0.    0.    0.    0.    0.    0.    0.    0.    0.    0.    0.]",122266.386,,,,,0.002802300004987046,True,,,,,deterministic (mean only),0.0,1.0,122268.89044082449,596.8196578855831,25.61218112601101,70.67107179707602,400
forest6,NETLIB,95,36,0.05,TSAR-No-calib,"[0.00000000e+00 0.00000000e+00 0.00000000e+00 0.00000000e+00
 0.00000000e+00 0.00000000e+00 0.00000000e+00 1.56073706e-04
 0.00000000e+00 0.00000000e+00 1.56213227e-04 0.00000000e+00
 0.00000000e+00 1.55144056e-04 0.00000000e+00 2.77966454e+03
 1.54957229e-04 0.00000000e+00 0.00000000e+00 1.51967982e-04
 0.00000000e+00 2.91852718e+03 1.54016504e-04 0.00000000e+00
 0.00000000e+00 1.53797826e-04 0.00000000e+00 0.00000000e+00
 1.54391577e-04 0.00000000e+00 0.00000000e+00 1.54453088e-04
 0.00000000e+00 0.00000000e+00 1.54257149e-04 0.00000000e+00
 2.98307927e+03 1.52510003e-04 0.00000000e+00 0.00000000e+00
 1.55079148e-04 0.00000000e+00 0.00000000e+00 1.56242836e-04
 0.00000000e+00 0.00000000e+00 1.54914693e-04 0.00000000e+00
 0.00000000e+00 1.56308952e-04 0.00000000e+00 3.09858974e+03
 1.55522155e-04 0.00000000e+00 0.00000000e+00 1.56636893e-04
 0.00000000e+00 0.00000000e+00 1.55557005e-04 0.00000000e+00
 0.00000000e+00 1.53091573e-04 0.00000000e+00 0.00000000e+00
 1.55328881e-04 0.00000000e+00 3.23484402e+03 1.53644467e-04
 0.00000000e+00 0.00000000e+00 1.53891620e-04 0.00000000e+00
 0.00000000e+00 1.53437055e-04 0.00000000e+00 0.00000000e+00
 1.54000839e-04 0.00000000e+00 0.00000000e+00 1.55198924e-04
 0.00000000e+00 3.39238507e+03 1.53423422e-04 0.00000000e+00
 0.00000000e+00 1.53150556e-04 0.00000000e+00 0.00000000e+00
 1.52254254e-04 0.00000000e+00 0.00000000e+00 1.54820792e-04
 0.00000000e+00 0.00000000e+00 1.56294083e-04]",127863.50274686793,127863.50274686793,502.89746476540785,126877.82371592773,128849.18177780813,0.008185299986507744,True,0.0,2.0,1.0,fixed_γ=2.0,No-calibration(fixed γ=2.0),0.995,0.0050000000000000044,127853.36663654892,492.219415524171,0.011332127601349384,3.187575433973052,400
forest6,NETLIB,95,36,0.1,FuzzyPD-LP,"[0.00000000e+00 0.00000000e+00 0.00000000e+00 0.00000000e+00
 0.00000000e+00 0.00000000e+00 0.00000000e+00 5.48271616e-04
 0.00000000e+00 0.00000000e+00 5.51179773e-04 0.00000000e+00
 0.00000000e+00 5.29527022e-04 0.00000000e+00 3.48332978e+03
 5.25887775e-04 0.00000000e+00 0.00000000e+00 4.72809745e-04
 0.00000000e+00 3.68056567e+03 5.08173403e-04 0.00000000e+00
 0.00000000e+00 5.04195662e-04 0.00000000e+00 0.00000000e+00
 5.15116918e-04 0.00000000e+00 0.00000000e+00 5.16270520e-04
 0.00000000e+00 0.00000000e+00 5.12610518e-04 0.00000000e+00
 3.46845627e+03 4.81768098e-04 0.00000000e+00 0.00000000e+00
 5.28257970e-04 0.00000000e+00 0.00000000e+00 5.51800248e-04
 0.00000000e+00 0.00000000e+00 5.25064979e-04 0.00000000e+00
 0.00000000e+00 5.53189934e-04 0.00000000e+00 3.52973101e+03
 5.37020697e-04 0.00000000e+00 0.00000000e+00 5.60169835e-04
 0.00000000e+00 0.00000000e+00 5.37720240e-04 0.00000000e+00
 0.00000000e+00 4.91690559e-04 0.00000000e+00 0.00000000e+00
 5.33168394e-04 0.00000000e+00 3.71014521e+03 5.01436386e-04
 0.00000000e+00 0.00000000e+00 5.05895491e-04 0.00000000e+00
 0.00000000e+00 4.97743683e-04 0.00000000e+00 0.00000000e+00
 5.07886741e-04 0.00000000e+00 0.00000000e+00 5.30603712e-04
 0.00000000e+00 4.01955989e+03 4.97502522e-04 0.00000000e+00
 0.00000000e+00 4.92715468e-04 0.00000000e+00 0.00000000e+00
 4.77507190e-04 0.00000000e+00 0.00000000e+00 5.23256083e-04
 0.00000000e+00 0.00000000e+00 5.52876886e-04]",152875.81126694623,152875.81126694623,1209.6767864890032,150504.84476542778,155246.77776846467,1.4861537000106182,True,0.0,5.0,1.0,BS,BS(γ=5.0)+AdvSAA(100)+Combo,1.0,0.0,152850.80842234974,1188.429677194583,0.0,0.0,400
forest6,NETLIB,95,36,0.1,Bertsimas-Sim(γ=3.0),"[0.00000000e+00 0.00000000e+00 0.00000000e+00 0.00000000e+00
 0.00000000e+00 0.00000000e+00 0.00000000e+00 2.76543082e-04
 0.00000000e+00 0.00000000e+00 2.77348044e-04 0.00000000e+00
 0.00000000e+00 2.71261044e-04 0.00000000e+00 3.11316679e+03
 2.70216351e-04 0.00000000e+00 0.00000000e+00 2.54223643e-04
 0.00000000e+00 3.28065207e+03 2.65039074e-04 0.00000000e+00
 0.00000000e+00 2.63855052e-04 0.00000000e+00 0.00000000e+00
 2.67086853e-04 0.00000000e+00 0.00000000e+00 2.67424752e-04
 0.00000000e+00 0.00000000e+00 2.66350439e-04 0.00000000e+00
 3.21441056e+03 2.57026212e-04 0.00000000e+00 0.00000000e+00
 2.70897466e-04 0.00000000e+00 0.00000000e+00 2.77519293e-04
 0.00000000e+00 0.00000000e+00 2.69979275e-04 0.00000000e+00
 0.00000000e+00 2.77902210e-04 0.00000000e+00 3.30640672e+03
 2.73392364e-04 0.00000000e+00 0.00000000e+00 2.79812386e-04
 0.00000000e+00 0.00000000e+00 2.73589975e-04 0.00000000e+00
 0.00000000e+00 2.60079958e-04 0.00000000e+00 0.00000000e+00
 2.72300023e-04 0.00000000e+00 3.46496796e+03 2.63028998e-04
 0.00000000e+00 0.00000000e+00 2.64362006e-04 0.00000000e+00
 0.00000000e+00 2.61917394e-04 0.00000000e+00 0.00000000e+00
 2.64954013e-04 0.00000000e+00 0.00000000e+00 2.71568908e-04
 0.00000000e+00 3.69377261e+03 2.61844554e-04 0.00000000e+00
 0.00000000e+00 2.60392416e-04 0.00000000e+00 0.00000000e+00
 2.55698667e-04 0.00000000e+00 0.00000000e+00 2.69456921e-04
 0.00000000e+00 0.00000000e+00 2.77816028e-04]",147617.71403847774,,,,,0.006355899997288361,True,,3.0,1.0,,parametric robust (γ=3.0),1.0,0.0,139786.19087084098,1081.5657927809546,0.0,0.0,400
forest6,NETLIB,95,36,0.1,HiGHS-SAA,"[0.00000000e+00 0.00000000e+00 0.00000000e+00 0.00000000e+00
 0.00000000e+00 0.00000000e+00 2.21897378e+03 7.18629144e-05
 0.00000000e+00 0.00000000e+00 6.60002232e-05 0.00000000e+00
 0.00000000e+00 7.43845342e-05 0.00000000e+00 6.52715230e+02
 6.04554435e-05 0.00000000e+00 0.00000000e+00 6.88742907e-05
 0.00000000e+00 2.98125334e+03 5.08194168e-05 0.00000000e+00
 0.00000000e+00 7.59257899e-05 0.00000000e+00 0.00000000e+00
 7.54207426e-05 0.00000000e+00 0.00000000e+00 8.71989319e-05
 0.00000000e+00 0.00000000e+00 4.74534152e-05 0.00000000e+00
 2.14759561e+03 6.27674824e-05 0.00000000e+00 0.00000000e+00
 6.75309281e-05 0.00000000e+00 0.00000000e+00 5.35725632e-05
 0.00000000e+00 8.56637592e+02 7.39398593e-05 0.00000000e+00
 0.00000000e+00 7.73304337e-05 0.00000000e+00 3.18166480e+03
 6.16731561e-05 0.00000000e+00 0.00000000e+00 5.72897566e-05
 0.00000000e+00 0.00000000e+00 7.88755427e-05 0.00000000e+00
 0.00000000e+00 6.51433759e-05 0.00000000e+00 0.00000000e+00
 5.94886389e-05 0.00000000e+00 1.96488122e+03 4.80917014e-05
 0.00000000e+00 0.00000000e+00 7.59473945e-05 0.00000000e+00
 0.00000000e+00 5.98729060e-05 0.00000000e+00 1.31271229e+03
 6.58633300e-05 0.00000000e+00 0.00000000e+00 6.26013957e-05
 0.00000000e+00 1.89158563e+03 5.34119527e-05 0.00000000e+00
 0.00000000e+00 6.56192049e-05 1.41923661e+03 0.00000000e+00
 5.07934945e-05 0.00000000e+00 1.59642740e+03 7.71982778e-05
 0.00000000e+00 0.00000000e+00 5.45848176e-05]",130673.77204519633,,,,,0.3855541000084486,True,,,,,100,0.6325,0.36750000000000005,130669.14333986343,1033.1043216744995,1.474125698896732,35.59838024936971,400
forest6,NETLIB,95,36,0.1,Nominal-LP,"[   0.    0.    0.    0.    0.    0. 2625.    0.    0.    0.    0.    0.
    0.    0.    0.    0.    0.    0.    0.    0.    0. 2750.    0.    0.
    0.    0.    0.    0.    0.    0.    0.    0.    0.    0.    0.    0.
 2875.    0.    0.    0.    0.    0.    0.    0.    0.    0.    0.    0.
    0.    0.    0. 3000.    0.    0.    0.    0.    0.    0.    0.    0.
    0.    0.    0.    0.    0.    0. 3125.    0.    0.    0.    0.    0.
    0.    0.    0.    0.    0.    0.    0.    0.    0. 3250.    0.    0.
    0.    0.    0.    0.    0.    0.    0.    0.    0.    0.    0.]",122266.386,,,,,0.0028737999964505434,True,,,,,deterministic (mean only),0.0,1.0,122271.39488180798,1193.6392891747314,51.224352539744814,141.34211433428754,400
forest6,NETLIB,95,36,0.1,TSAR-No-calib,"[0.00000000e+00 0.00000000e+00 0.00000000e+00 0.00000000e+00
 0.00000000e+00 0.00000000e+00 0.00000000e+00 1.69496347e-04
 0.00000000e+00 0.00000000e+00 1.69811794e-04 0.00000000e+00
 0.00000000e+00 1.67409920e-04 0.00000000e+00 2.94218203e+03
 1.66993835e-04 0.00000000e+00 0.00000000e+00 1.60478711e-04
 0.00000000e+00 3.09520881e+03 1.64914854e-04 0.00000000e+00
 0.00000000e+00 1.64435397e-04 0.00000000e+00 0.00000000e+00
 1.65740549e-04 0.00000000e+00 0.00000000e+00 1.65876367e-04
 0.00000000e+00 0.00000000e+00 1.65444130e-04 0.00000000e+00
 3.09610029e+03 1.61640537e-04 0.00000000e+00 0.00000000e+00
 1.67265242e-04 0.00000000e+00 0.00000000e+00 1.69878817e-04
 0.00000000e+00 0.00000000e+00 1.66899253e-04 0.00000000e+00
 0.00000000e+00 1.70028575e-04 0.00000000e+00 3.20066248e+03
 1.68255267e-04 0.00000000e+00 0.00000000e+00 1.70773422e-04
 0.00000000e+00 0.00000000e+00 1.68333407e-04 0.00000000e+00
 0.00000000e+00 1.62896629e-04 0.00000000e+00 0.00000000e+00
 1.67822600e-04 0.00000000e+00 3.34811225e+03 1.64100004e-04
 0.00000000e+00 0.00000000e+00 1.64640867e-04 0.00000000e+00
 0.00000000e+00 1.63647513e-04 0.00000000e+00 0.00000000e+00
 1.64880460e-04 0.00000000e+00 0.00000000e+00 1.67532320e-04
 0.00000000e+00 3.54020338e+03 1.63617816e-04 0.00000000e+00
 0.00000000e+00 1.63024576e-04 0.00000000e+00 0.00000000e+00
 1.61091280e-04 0.00000000e+00 0.00000000e+00 1.66690649e-04
 0.00000000e+00 0.00000000e+00 1.69994883e-04]",133705.3091075753,133705.3091075753,1053.2607294158913,131640.91807792016,135769.70013723045,0.008782599994447082,True,0.0,2.0,1.0,fixed_γ=2.0,No-calibration(fixed γ=2.0),0.995,0.0050000000000000044,133683.95535818298,1031.8688669754679,0.022583819046377015,6.680517388511589,400
forest6,NETLIB,95,36,0.2,FuzzyPD-LP,"[0.00000000e+00 0.00000000e+00 0.00000000e+00 0.00000000e+00
 0.00000000e+00 0.00000000e+00 0.00000000e+00 8.83173592e-04
 0.00000000e+00 0.00000000e+00 8.95394933e-04 0.00000000e+00
 0.00000000e+00 8.09083357e-04 0.00000000e+00 4.61511424e+03
 7.95574031e-04 0.00000000e+00 0.00000000e+00 6.25088696e-04
 0.00000000e+00 4.89031244e+03 7.33457684e-04 0.00000000e+00
 0.00000000e+00 7.20286191e-04 0.00000000e+00 0.00000000e+00
 7.57112894e-04 0.00000000e+00 0.00000000e+00 7.61127291e-04
 0.00000000e+00 0.00000000e+00 7.48474675e-04 0.00000000e+00
 4.22796943e+03 6.50781412e-04 0.00000000e+00 0.00000000e+00
 8.04341933e-04 0.00000000e+00 0.00000000e+00 8.98029345e-04
 0.00000000e+00 0.00000000e+00 7.92556674e-04 0.00000000e+00
 0.00000000e+00 9.03964500e-04 0.00000000e+00 4.16844581e+03
 8.37768874e-04 0.00000000e+00 0.00000000e+00 9.34522569e-04
 0.00000000e+00 0.00000000e+00 8.40508317e-04 0.00000000e+00
 0.00000000e+00 6.80575521e-04 0.00000000e+00 0.00000000e+00
 8.22873484e-04 0.00000000e+00 4.39950009e+03 7.11306291e-04
 0.00000000e+00 0.00000000e+00 7.25881777e-04 0.00000000e+00
 0.00000000e+00 6.99484401e-04 0.00000000e+00 0.00000000e+00
 7.32499381e-04 0.00000000e+00 0.00000000e+00 8.13132059e-04
 0.00000000e+00 4.96240834e+03 6.98720007e-04 0.00000000e+00
 0.00000000e+00 6.83737014e-04 0.00000000e+00 0.00000000e+00
 6.38423148e-04 0.00000000e+00 0.00000000e+00 7.85970215e-04
 0.00000000e+00 0.00000000e+00 9.02623291e-04]",191669.54901647722,191669.5490164772,3057.844365128953,185676.17406082444,197662.92397212994,1.4938789999869186,True,0.0,5.0,1.0,BS,BS(γ=5.0)+AdvSAA(100)+Combo,1.0,0.0,191603.8516901465,3018.238609177568,0.0,0.0,400
forest6,NETLIB,95,36,0.2,Bertsimas-Sim(γ=3.0),"[0.00000000e+00 0.00000000e+00 0.00000000e+00 0.00000000e+00
 0.00000000e+00 0.00000000e+00 0.00000000e+00 3.59916294e-04
 0.00000000e+00 0.00000000e+00 3.62319353e-04 0.00000000e+00
 0.00000000e+00 3.44583181e-04 0.00000000e+00 3.68410058e+03
 3.41637185e-04 0.00000000e+00 0.00000000e+00 2.99773598e-04
 0.00000000e+00 3.89659030e+03 3.27438182e-04 0.00000000e+00
 0.00000000e+00 3.24281582e-04 0.00000000e+00 0.00000000e+00
 3.32976101e-04 0.00000000e+00 0.00000000e+00 3.33899618e-04
 0.00000000e+00 0.00000000e+00 3.30972989e-04 0.00000000e+00
 3.60506790e+03 3.06697485e-04 0.00000000e+00 0.00000000e+00
 3.43554743e-04 0.00000000e+00 0.00000000e+00 3.62832911e-04
 0.00000000e+00 0.00000000e+00 3.40972503e-04 0.00000000e+00
 0.00000000e+00 3.63984222e-04 0.00000000e+00 3.64776024e+03
 3.50680859e-04 0.00000000e+00 0.00000000e+00 3.69789663e-04
 0.00000000e+00 0.00000000e+00 3.51252259e-04 0.00000000e+00
 0.00000000e+00 3.14432656e-04 0.00000000e+00 0.00000000e+00
 3.47540887e-04 0.00000000e+00 3.83884722e+03 3.22098680e-04
 0.00000000e+00 0.00000000e+00 3.25629096e-04 0.00000000e+00
 0.00000000e+00 3.19185964e-04 0.00000000e+00 0.00000000e+00
 3.27210310e-04 0.00000000e+00 0.00000000e+00 3.45456680e-04
 0.00000000e+00 4.19254764e+03 3.18996085e-04 0.00000000e+00
 0.00000000e+00 3.15235632e-04 0.00000000e+00 0.00000000e+00
 3.03397221e-04 0.00000000e+00 0.00000000e+00 3.39513002e-04
 0.00000000e+00 0.00000000e+00 3.63724740e-04]",177764.5716437963,,,,,0.00531739997677505,True,,3.0,1.0,,parametric robust (γ=3.0),1.0,0.0,159829.37532144424,2491.9535291361212,0.0,0.0,400
forest6,NETLIB,95,36,0.2,HiGHS-SAA,"[0.00000000e+00 0.00000000e+00 0.00000000e+00 0.00000000e+00
 0.00000000e+00 0.00000000e+00 2.41088261e+03 9.43456924e-05
 0.00000000e+00 0.00000000e+00 6.59436958e-05 0.00000000e+00
 0.00000000e+00 7.66915609e-05 0.00000000e+00 7.28845335e+02
 6.41708297e-05 0.00000000e+00 0.00000000e+00 7.68405581e-05
 0.00000000e+00 3.21848887e+03 4.69062154e-05 0.00000000e+00
 0.00000000e+00 7.78254207e-05 0.00000000e+00 0.00000000e+00
 6.83868623e-05 0.00000000e+00 0.00000000e+00 8.90241343e-05
 0.00000000e+00 0.00000000e+00 5.65911633e-05 0.00000000e+00
 2.26727103e+03 6.10241364e-05 0.00000000e+00 0.00000000e+00
 7.05537978e-05 0.00000000e+00 0.00000000e+00 6.57917281e-05
 0.00000000e+00 8.74129941e+02 7.34968993e-05 0.00000000e+00
 0.00000000e+00 7.61294688e-05 0.00000000e+00 3.37352715e+03
 7.67471676e-05 0.00000000e+00 0.00000000e+00 6.56427444e-05
 0.00000000e+00 0.00000000e+00 7.46351795e-05 0.00000000e+00
 0.00000000e+00 6.16948811e-05 0.00000000e+00 0.00000000e+00
 7.06088886e-05 0.00000000e+00 2.07307605e+03 5.12360588e-05
 0.00000000e+00 0.00000000e+00 7.61654487e-05 0.00000000e+00
 0.00000000e+00 6.08358572e-05 0.00000000e+00 1.35832110e+03
 6.48715097e-05 0.00000000e+00 0.00000000e+00 7.42080114e-05
 0.00000000e+00 2.01246688e+03 5.68156988e-05 0.00000000e+00
 0.00000000e+00 7.16315161e-05 0.00000000e+00 0.00000000e+00
 5.94900723e-05 0.00000000e+00 1.72703412e+03 7.06869448e-05
 0.00000000e+00 0.00000000e+00 5.44436149e-05]",139521.80542797342,,,,,0.3662499000201933,True,,,,,100,0.6625,0.3375,139515.93461603415,2222.643842588887,3.093948434978872,76.11408471826871,400
forest6,NETLIB,95,36,0.2,Nominal-LP,"[   0.    0.    0.    0.    0.    0. 2625.    0.    0.    0.    0.    0.
    0.    0.    0.    0.    0.    0.    0.    0.    0. 2750.    0.    0.
    0.    0.    0.    0.    0.    0.    0.    0.    0.    0.    0.    0.
 2875.    0.    0.    0.    0.    0.    0.    0.    0.    0.    0.    0.
    0.    0.    0. 3000.    0.    0.    0.    0.    0.    0.    0.    0.
    0.    0.    0.    0.    0.    0. 3125.    0.    0.    0.    0.    0.
    0.    0.    0.    0.    0.    0.    0.    0.    0. 3250.    0.    0.
    0.    0.    0.    0.    0.    0.    0.    0.    0.    0.    0.]",122266.386,,,,,0.0027483000012580305,True,,,,,deterministic (mean only),0.0,1.0,122276.40376377496,2387.278551753027,102.44869536721255,282.68419940871024,400
forest6,NETLIB,95,36,0.2,TSAR-No-calib,"[0.00000000e+00 0.00000000e+00 0.00000000e+00 0.00000000e+00
 0.00000000e+00 0.00000000e+00 0.00000000e+00 2.00882054e-04
 0.00000000e+00 0.00000000e+00 2.01696459e-04 0.00000000e+00
 0.00000000e+00 1.95583729e-04 0.00000000e+00 3.29329754e+03
 1.94545111e-04 0.00000000e+00 0.00000000e+00 1.79016873e-04
 0.00000000e+00 3.47552455e+03 1.89442515e-04 0.00000000e+00
 0.00000000e+00 1.88285889e-04 0.00000000e+00 0.00000000e+00
 1.91451939e-04 0.00000000e+00 0.00000000e+00 1.91784613e-04
 0.00000000e+00 0.00000000e+00 1.90727997e-04 0.00000000e+00
 3.33838959e+03 1.81688637e-04 0.00000000e+00 0.00000000e+00
 1.95221920e-04 0.00000000e+00 0.00000000e+00 2.01869956e-04
 0.00000000e+00 0.00000000e+00 1.94309837e-04 0.00000000e+00
 0.00000000e+00 2.02258206e-04 0.00000000e+00 3.41602352e+03
 1.97712134e-04 0.00000000e+00 0.00000000e+00 2.04201294e-04
 0.00000000e+00 0.00000000e+00 1.97910123e-04 0.00000000e+00
 0.00000000e+00 1.84623424e-04 0.00000000e+00 0.00000000e+00
 1.96619693e-04 0.00000000e+00 3.58558366e+03 1.87481199e-04
 0.00000000e+00 0.00000000e+00 1.88780647e-04 0.00000000e+00
 0.00000000e+00 1.86401254e-04 0.00000000e+00 0.00000000e+00
 1.89359295e-04 0.00000000e+00 0.00000000e+00 1.95890384e-04
 0.00000000e+00 3.85343433e+03 1.86330604e-04 0.00000000e+00
 0.00000000e+00 1.84925108e-04 0.00000000e+00 0.00000000e+00
 1.80420487e-04 0.00000000e+00 0.00000000e+00 1.93792004e-04
 0.00000000e+00 0.00000000e+00 2.02170787e-04]",146192.06266018128,146192.06266018128,2310.069384176588,141664.3266671952,150719.79865316738,0.009385699988342822,True,0.0,2.0,1.0,fixed_γ=2.0,No-calibration(fixed γ=2.0),0.995,0.0050000000000000044,146144.63609780176,2267.3848625707637,0.04479215013950352,14.669936308472643,400
forest6,NETLIB,95,36,0.3,FuzzyPD-LP,"[0.00000000e+00 0.00000000e+00 0.00000000e+00 0.00000000e+00
 0.00000000e+00 0.00000000e+00 0.00000000e+00 1.57069466e-03
 0.00000000e+00 0.00000000e+00 1.61756683e-03 0.00000000e+00
 0.00000000e+00 1.31503922e-03 0.00000000e+00 6.17579603e+03
 1.27309592e-03 0.00000000e+00 0.00000000e+00 8.37018303e-04
 0.00000000e+00 6.52705128e+03 1.09581867e-03 0.00000000e+00
 0.00000000e+00 1.06120901e-03 0.00000000e+00 0.00000000e+00
 1.16048407e-03 0.00000000e+00 0.00000000e+00 1.17179231e-03
 0.00000000e+00 0.00000000e+00 1.13648511e-03 0.00000000e+00
 5.23457612e+03 8.93397079e-04 0.00000000e+00 0.00000000e+00
 1.30016904e-03 0.00000000e+00 0.00000000e+00 1.62786505e-03
 0.00000000e+00 0.00000000e+00 1.26390426e-03 0.00000000e+00
 0.00000000e+00 1.65132593e-03 0.00000000e+00 4.95363497e+03
 1.40861862e-03 0.00000000e+00 0.00000000e+00 1.77811453e-03
 0.00000000e+00 0.00000000e+00 1.41789410e-03 0.00000000e+00
 0.00000000e+00 9.62443581e-04 0.00000000e+00 0.00000000e+00
 1.35923472e-03 0.00000000e+00 5.22362574e+03 1.03815867e-03
 0.00000000e+00 0.00000000e+00 1.07579405e-03 0.00000000e+00
 0.00000000e+00 1.00846394e-03 0.00000000e+00 0.00000000e+00
 1.09326780e-03 0.00000000e+00 0.00000000e+00 1.32786719e-03
 0.00000000e+00 6.14450451e+03 1.00656880e-03 0.00000000e+00
 0.00000000e+00 9.70015108e-04 0.00000000e+00 0.00000000e+00
 8.65928070e-04 0.00000000e+00 0.00000000e+00 1.24405824e-03
 0.00000000e+00 0.00000000e+00 1.64599256e-03]",242611.60981659082,242611.60981659082,5859.972036669481,231126.06462471862,254097.155008463,1.4925137999816798,True,0.0,5.0,1.0,BS,BS(γ=5.0)+AdvSAA(100)+Combo,1.0,0.0,242479.42022867885,5812.6047220034225,0.0,0.0,400
forest6,NETLIB,95,36,0.3,Bertsimas-Sim(γ=3.0),"[0.00000000e+00 0.00000000e+00 0.00000000e+00 0.00000000e+00
 0.00000000e+00 0.00000000e+00 0.00000000e+00 4.78798571e-04
 0.00000000e+00 0.00000000e+00 4.84419388e-04 0.00000000e+00
 0.00000000e+00 4.44217604e-04 0.00000000e+00 4.36080123e+03
 4.37817086e-04 0.00000000e+00 0.00000000e+00 3.54405740e-04
 0.00000000e+00 4.62017291e+03 4.07999692e-04 0.00000000e+00
 0.00000000e+00 4.01593960e-04 0.00000000e+00 0.00000000e+00
 4.19430525e-04 0.00000000e+00 0.00000000e+00 4.21361086e-04
 0.00000000e+00 0.00000000e+00 4.15267193e-04 0.00000000e+00
 4.05952706e+03 3.67297704e-04 0.00000000e+00 0.00000000e+00
 4.41974576e-04 0.00000000e+00 0.00000000e+00 4.85627954e-04
 0.00000000e+00 0.00000000e+00 4.36383434e-04 0.00000000e+00
 0.00000000e+00 4.88346829e-04 0.00000000e+00 4.03040160e+03
 4.57710294e-04 0.00000000e+00 0.00000000e+00 5.02259422e-04
 0.00000000e+00 0.00000000e+00 4.58991912e-04 0.00000000e+00
 0.00000000e+00 3.82101844e-04 0.00000000e+00 0.00000000e+00
 4.50720578e-04 0.00000000e+00 4.25197877e+03 3.97209826e-04
 0.00000000e+00 0.00000000e+00 4.04318873e-04 0.00000000e+00
 0.00000000e+00 3.91417154e-04 0.00000000e+00 0.00000000e+00
 4.07534629e-04 0.00000000e+00 0.00000000e+00 4.46130034e-04
 0.00000000e+00 4.75722719e+03 3.91041778e-04 0.00000000e+00
 0.00000000e+00 3.83663637e-04 0.00000000e+00 0.00000000e+00
 3.61111277e-04 0.00000000e+00 0.00000000e+00 4.33248791e-04
 0.00000000e+00 0.00000000e+00 4.87732903e-04]",213843.21040227768,,,,,0.0063698999874759465,True,,3.0,1.0,,parametric robust (γ=3.0),1.0,0.0,183004.22283936493,4313.502169324415,0.0,0.0,400
forest6,NETLIB,95,36,0.3,HiGHS-SAA,"[0. 0. 0. 0. 0. 0. 0. 0. 0. 0. 0. 0. 0. 0. 0. 0. 0. 0. 0. 0. 0. 0. 0. 0.
 0. 0. 0. 0. 0. 0. 0. 0. 0. 0. 0. 0. 0. 0. 0. 0. 0. 0. 0. 0. 0. 0. 0. 0.
 0. 0. 0. 0. 0. 0. 0. 0. 0. 0. 0. 0. 0. 0. 0. 0. 0. 0. 0. 0. 0. 0. 0. 0.
 0. 0. 0. 0. 0. 0. 0. 0. 0. 0. 0. 0. 0. 0. 0. 0. 0. 0. 0. 0. 0. 0. 0.]",,,,,,0.33229709998704493,False,,,,,100,0.0,1.0,0.0,0.0,1330.8379154336994,1527.9132044513265,400
forest6,NETLIB,95,36,0.3,Nominal-LP,"[   0.    0.    0.    0.    0.    0. 2625.    0.    0.    0.    0.    0.
    0.    0.    0.    0.    0.    0.    0.    0.    0. 2750.    0.    0.
    0.    0.    0.    0.    0.    0.    0.    0.    0.    0.    0.    0.
 2875.    0.    0.    0.    0.    0.    0.    0.    0.    0.    0.    0.
    0.    0.    0. 3000.    0.    0.    0.    0.    0.    0.    0.    0.
    0.    0.    0.    0.    0.    0. 3125.    0.    0.    0.    0.    0.
    0.    0.    0.    0.    0.    0.    0.    0.    0. 3250.    0.    0.
    0.    0.    0.    0.    0.    0.    0.    0.    0.    0.    0.]",122266.386,,,,,0.0027562000032048672,True,,,,,deterministic (mean only),0.0,1.0,122281.41264574192,3580.91781433132,153.67303819468026,424.02628448313294,400
forest6,NETLIB,95,36,0.3,TSAR-No-calib,"[0.00000000e+00 0.00000000e+00 0.00000000e+00 0.00000000e+00
 0.00000000e+00 0.00000000e+00 0.00000000e+00 2.39944144e-04
 0.00000000e+00 0.00000000e+00 2.41546183e-04 0.00000000e+00
 0.00000000e+00 2.29722071e-04 0.00000000e+00 3.68410030e+03
 2.27758074e-04 0.00000000e+00 0.00000000e+00 1.99849022e-04
 0.00000000e+00 3.89659003e+03 2.18292074e-04 0.00000000e+00
 0.00000000e+00 2.16187674e-04 0.00000000e+00 0.00000000e+00
 2.21984020e-04 0.00000000e+00 0.00000000e+00 2.22599697e-04
 0.00000000e+00 0.00000000e+00 2.20648612e-04 0.00000000e+00
 3.60506763e+03 2.04464945e-04 0.00000000e+00 0.00000000e+00
 2.29036446e-04 0.00000000e+00 0.00000000e+00 2.41888555e-04
 0.00000000e+00 0.00000000e+00 2.27314953e-04 0.00000000e+00
 0.00000000e+00 2.42656095e-04 0.00000000e+00 3.64775998e+03
 2.33787188e-04 0.00000000e+00 0.00000000e+00 2.46526388e-04
 0.00000000e+00 0.00000000e+00 2.34168122e-04 0.00000000e+00
 0.00000000e+00 2.09621725e-04 0.00000000e+00 0.00000000e+00
 2.31693875e-04 0.00000000e+00 3.83884697e+03 2.14732407e-04
 0.00000000e+00 0.00000000e+00 2.17086017e-04 0.00000000e+00
 0.00000000e+00 2.12790597e-04 0.00000000e+00 0.00000000e+00
 2.18140160e-04 0.00000000e+00 0.00000000e+00 2.30304403e-04
 0.00000000e+00 4.19254738e+03 2.12664011e-04 0.00000000e+00
 0.00000000e+00 2.10157043e-04 0.00000000e+00 0.00000000e+00
 2.02264770e-04 0.00000000e+00 0.00000000e+00 2.26341952e-04
 0.00000000e+00 0.00000000e+00 2.42483108e-04]",159882.1054192619,159882.1054192619,3801.22214716958,152431.71001080953,167332.50082771428,0.008303400012664497,True,0.0,2.0,1.0,fixed_γ=2.0,No-calibration(fixed γ=2.0),0.995,0.0050000000000000044,159802.98211240565,3737.930019846134,0.06649976169186572,24.165760959080444,400
bgetam,NETLIB,688,128,0.05,FuzzyPD-LP,"[0.00000000e+00 0.00000000e+00 0.00000000e+00 0.00000000e+00
 0.00000000e+00 0.00000000e+00 0.00000000e+00 0.00000000e+00
 0.00000000e+00 0.00000000e+00 0.00000000e+00 0.00000000e+00
 0.00000000e+00 0.00000000e+00 0.00000000e+00 0.00000000e+00
 0.00000000e+00 0.00000000e+00 0.00000000e+00 0.00000000e+00
 0.00000000e+00 0.00000000e+00 0.00000000e+00 0.00000000e+00
 0.00000000e+00 0.00000000e+00 0.00000000e+00 0.00000000e+00
 0.00000000e+00 0.00000000e+00 0.00000000e+00 0.00000000e+00
 0.00000000e+00 0.00000000e+00 0.00000000e+00 0.00000000e+00
 0.00000000e+00 0.00000000e+00 0.00000000e+00 0.00000000e+00
 0.00000000e+00 0.00000000e+00 0.00000000e+00 0.00000000e+00
 0.00000000e+00 0.00000000e+00 0.00000000e+00 0.00000000e+00
 0.00000000e+00 0.00000000e+00 0.00000000e+00 0.00000000e+00
 0.00000000e+00 0.00000000e+00 0.00000000e+00 0.00000000e+00
 0.00000000e+00 0.00000000e+00 0.00000000e+00 0.00000000e+00
 0.00000000e+00 0.00000000e+00 0.00000000e+00 0.00000000e+00
 5.24929305e+07 0.00000000e+00 0.00000000e+00 0.00000000e+00
 0.00000000e+00 0.00000000e+00 0.00000000e+00 0.00000000e+00
 0.00000000e+00 0.00000000e+00 0.00000000e+00 0.00000000e+00
 0.00000000e+00 0.00000000e+00 0.00000000e+00 0.00000000e+00
 1.10920705e+00 1.13873221e+00 0.00000000e+00 0.00000000e+00
 0.00000000e+00 1.10945808e+00 0.00000000e+00 0.00000000e+00
 0.00000000e+00 0.00000000e+00 0.00000000e+00 1.11187161e+00
 0.00000000e+00 0.00000000e+00 0.00000000e+00 0.00000000e+00
 0.00000000e+00 0.00000000e+00 0.00000000e+00 0.00000000e+00
 0.00000000e+00 0.00000000e+00 0.00000000e+00 0.00000000e+00
 0.00000000e+00 0.00000000e+00 0.00000000e+00 0.00000000e+00
 0.00000000e+00 0.00000000e+00 0.00000000e+00 0.00000000e+00
 0.00000000e+00 0.00000000e+00 0.00000000e+00 0.00000000e+00
 0.00000000e+00 0.00000000e+00 0.00000000e+00 0.00000000e+00
 0.00000000e+00 0.00000000e+00 0.00000000e+00 0.00000000e+00
 0.00000000e+00 0.00000000e+00 0.00000000e+00 0.00000000e+00
 0.00000000e+00 0.00000000e+00 0.00000000e+00 0.00000000e+00
 0.00000000e+00 0.00000000e+00 0.00000000e+00 0.00000000e+00
 0.00000000e+00 0.00000000e+00 0.00000000e+00 0.00000000e+00
 0.00000000e+00 0.00000000e+00 0.00000000e+00 0.00000000e+00
 0.00000000e+00 0.00000000e+00 0.00000000e+00 0.00000000e+00
 0.00000000e+00 0.00000000e+00 0.00000000e+00 0.00000000e+00
 0.00000000e+00 0.00000000e+00 0.00000000e+00 0.00000000e+00
 0.00000000e+00 0.00000000e+00 0.00000000e+00 0.00000000e+00
 0.00000000e+00 0.00000000e+00 0.00000000e+00 0.00000000e+00
 0.00000000e+00 0.00000000e+00 0.00000000e+00 0.00000000e+00
 0.00000000e+00 0.00000000e+00 0.00000000e+00 0.00000000e+00
 0.00000000e+00 0.00000000e+00 0.00000000e+00 0.00000000e+00
 0.00000000e+00 0.00000000e+00 0.00000000e+00 0.00000000e+00
 0.00000000e+00 0.00000000e+00 0.00000000e+00 0.00000000e+00
 0.00000000e+00 0.00000000e+00 0.00000000e+00 0.00000000e+00
 0.00000000e+00 0.00000000e+00 0.00000000e+00 0.00000000e+00
 0.00000000e+00 0.00000000e+00 1.10466315e+00 0.00000000e+00
 0.00000000e+00 0.00000000e+00 0.00000000e+00 0.00000000e+00
 1.12781638e+00 0.00000000e+00 1.10409648e+00 0.00000000e+00
 1.13227642e+00 0.00000000e+00 0.00000000e+00 1.10753339e+00
 0.00000000e+00 0.00000000e+00 0.00000000e+00 1.15321091e+00
 1.12694351e+00 0.00000000e+00 1.10021241e+00 1.10830248e+00
 0.00000000e+00 1.12932430e+00 0.00000000e+00 0.00000000e+00
 0.00000000e+00 1.11341274e+00 1.11358772e+00 0.00000000e+00
 0.00000000e+00 0.00000000e+00 0.00000000e+00 0.00000000e+00
 0.00000000e+00 0.00000000e+00 0.00000000e+00 0.00000000e+00
 0.00000000e+00 0.00000000e+00 0.00000000e+00 0.00000000e+00
 0.00000000e+00 0.00000000e+00 0.00000000e+00 0.00000000e+00
 0.00000000e+00 0.00000000e+00 0.00000000e+00 0.00000000e+00
 0.00000000e+00 0.00000000e+00 0.00000000e+00 0.00000000e+00
 0.00000000e+00 0.00000000e+00 0.00000000e+00 0.00000000e+00
 0.00000000e+00 0.00000000e+00 0.00000000e+00 0.00000000e+00
 1.10676923e+00 1.14605702e+00 1.12252430e+00 0.00000000e+00
 0.00000000e+00 1.12296948e+00 0.00000000e+00 0.00000000e+00
 0.00000000e+00 0.00000000e+00 0.00000000e+00 0.00000000e+00
 1.10299713e+00 0.00000000e+00 0.00000000e+00 1.10390090e+00
 0.00000000e+00 0.00000000e+00 0.00000000e+00 1.16224035e+00
 1.11389018e+00 0.00000000e+00 1.12678222e+00 1.15008122e+00
 1.13541764e+00 0.00000000e+00 0.00000000e+00 0.00000000e+00
 0.00000000e+00 0.00000000e+00 1.14019231e+00 0.00000000e+00
 0.00000000e+00 0.00000000e+00 0.00000000e+00 0.00000000e+00
 0.00000000e+00 0.00000000e+00 0.00000000e+00 0.00000000e+00
 0.00000000e+00 0.00000000e+00 0.00000000e+00 0.00000000e+00
 0.00000000e+00 0.00000000e+00 0.00000000e+00 0.00000000e+00
 0.00000000e+00 0.00000000e+00 0.00000000e+00 0.00000000e+00
 0.00000000e+00 0.00000000e+00 0.00000000e+00 0.00000000e+00
 0.00000000e+00 1.12669518e+00 1.10528727e+00 1.12534362e+00
 0.00000000e+00 1.13999277e+00 0.00000000e+00 0.00000000e+00
 0.00000000e+00 0.00000000e+00 0.00000000e+00 0.00000000e+00
 0.00000000e+00 0.00000000e+00 0.00000000e+00 0.00000000e+00
 0.00000000e+00 1.11617466e+00 0.00000000e+00 0.00000000e+00
 0.00000000e+00 0.00000000e+00 0.00000000e+00 0.00000000e+00
 0.00000000e+00 0.00000000e+00 3.59224310e-01 3.80884710e-01
 0.00000000e+00 3.85569061e-01 2.42147609e-01 4.14218283e+01
 8.55597244e-02 0.00000000e+00 0.00000000e+00 0.00000000e+00
 0.00000000e+00 0.00000000e+00 0.00000000e+00 0.00000000e+00
 0.00000000e+00 1.85725146e+00 1.59861822e+00 1.58027032e+00
 1.85969276e+00 1.53570393e+00 1.37388894e+00 4.08783718e+01
 1.23169859e+00 0.00000000e+00 1.10097952e+00 0.00000000e+00
 1.11709867e+00 0.00000000e+00 0.00000000e+00 0.00000000e+00
 0.00000000e+00 0.00000000e+00 0.00000000e+00 0.00000000e+00
 0.00000000e+00 0.00000000e+00 0.00000000e+00 0.00000000e+00
 0.00000000e+00 0.00000000e+00 0.00000000e+00 0.00000000e+00
 0.00000000e+00 0.00000000e+00 0.00000000e+00 0.00000000e+00
 2.11168717e+01 0.00000000e+00 0.00000000e+00 0.00000000e+00
 0.00000000e+00 0.00000000e+00 0.00000000e+00 0.00000000e+00
 0.00000000e+00 0.00000000e+00 0.00000000e+00 0.00000000e+00
 0.00000000e+00 0.00000000e+00 0.00000000e+00 0.00000000e+00
 0.00000000e+00 0.00000000e+00 0.00000000e+00 0.00000000e+00
 0.00000000e+00 0.00000000e+00 0.00000000e+00 6.86898064e+00
 0.00000000e+00 0.00000000e+00 0.00000000e+00 0.00000000e+00
 0.00000000e+00 0.00000000e+00 0.00000000e+00 0.00000000e+00
 0.00000000e+00 0.00000000e+00 0.00000000e+00 0.00000000e+00
 0.00000000e+00 0.00000000e+00 0.00000000e+00 0.00000000e+00
 0.00000000e+00 0.00000000e+00 0.00000000e+00 0.00000000e+00
 0.00000000e+00 0.00000000e+00 1.11487915e+00 0.00000000e+00
 0.00000000e+00 0.00000000e+00 0.00000000e+00 0.00000000e+00
 0.00000000e+00 0.00000000e+00 0.00000000e+00 0.00000000e+00
 0.00000000e+00 0.00000000e+00 0.00000000e+00 1.12366920e+00
 0.00000000e+00 1.10298482e+00 0.00000000e+00 1.12475552e+00
 0.00000000e+00 0.00000000e+00 0.00000000e+00 0.00000000e+00
 0.00000000e+00 0.00000000e+00 0.00000000e+00 0.00000000e+00
 0.00000000e+00 0.00000000e+00 0.00000000e+00 0.00000000e+00
 0.00000000e+00 0.00000000e+00 0.00000000e+00 0.00000000e+00
 0.00000000e+00 0.00000000e+00 0.00000000e+00 0.00000000e+00
 0.00000000e+00 0.00000000e+00 0.00000000e+00 0.00000000e+00
 0.00000000e+00 0.00000000e+00 0.00000000e+00 0.00000000e+00
 0.00000000e+00 0.00000000e+00 0.00000000e+00 0.00000000e+00
 0.00000000e+00 0.00000000e+00 0.00000000e+00 0.00000000e+00
 0.00000000e+00 0.00000000e+00 0.00000000e+00 0.00000000e+00
 0.00000000e+00 0.00000000e+00 0.00000000e+00 0.00000000e+00
 0.00000000e+00 0.00000000e+00 0.00000000e+00 0.00000000e+00
 0.00000000e+00 0.00000000e+00 0.00000000e+00 0.00000000e+00
 0.00000000e+00 0.00000000e+00 0.00000000e+00 0.00000000e+00
 0.00000000e+00 0.00000000e+00 0.00000000e+00 0.00000000e+00
 0.00000000e+00 0.00000000e+00 0.00000000e+00 0.00000000e+00
 0.00000000e+00 0.00000000e+00 0.00000000e+00 0.00000000e+00
 0.00000000e+00 0.00000000e+00 0.00000000e+00 0.00000000e+00
 0.00000000e+00 0.00000000e+00 0.00000000e+00 0.00000000e+00
 0.00000000e+00 0.00000000e+00 0.00000000e+00 0.00000000e+00
 0.00000000e+00 0.00000000e+00 0.00000000e+00 0.00000000e+00
 0.00000000e+00 0.00000000e+00 0.00000000e+00 0.00000000e+00
 0.00000000e+00 0.00000000e+00 0.00000000e+00 0.00000000e+00
 0.00000000e+00 0.00000000e+00 0.00000000e+00 0.00000000e+00
 0.00000000e+00 0.00000000e+00 0.00000000e+00 0.00000000e+00
 0.00000000e+00 0.00000000e+00 0.00000000e+00 0.00000000e+00
 0.00000000e+00 0.00000000e+00 0.00000000e+00 0.00000000e+00
 0.00000000e+00 1.11986711e+00 0.00000000e+00 0.00000000e+00
 1.11803756e+00 0.00000000e+00 1.12168034e+00 0.00000000e+00
 0.00000000e+00 0.00000000e+00 0.00000000e+00 0.00000000e+00
 0.00000000e+00 0.00000000e+00 0.00000000e+00 1.12336139e+00
 0.00000000e+00 0.00000000e+00 0.00000000e+00 0.00000000e+00
 0.00000000e+00 1.12036650e+00 0.00000000e+00 0.00000000e+00
 1.12793463e+00 1.13154770e+00 0.00000000e+00 1.11639997e+00
 0.00000000e+00 0.00000000e+00 0.00000000e+00 0.00000000e+00
 1.11012162e+00 0.00000000e+00 0.00000000e+00 0.00000000e+00
 0.00000000e+00 0.00000000e+00 0.00000000e+00 1.13805641e+00
 0.00000000e+00 0.00000000e+00 1.13544200e+00 0.00000000e+00
 1.12553007e+00 1.13123632e+00 1.10164068e+00 0.00000000e+00
 0.00000000e+00 0.00000000e+00 1.12034773e+00 1.11046274e+00
 1.12643354e+00 1.10698224e+00 1.17246525e+00 1.14096267e+00
 1.18483252e+00 1.16653171e+00 1.10158346e+00 1.19135010e+00
 1.16366567e+00 1.13854011e+00 1.13030653e+00 1.16529458e+00
 1.13703295e+00 1.12704280e+00 1.13305835e+00 1.14199794e+00
 0.00000000e+00 0.00000000e+00 2.67021483e-01 0.00000000e+00
 0.00000000e+00 0.00000000e+00 0.00000000e+00 0.00000000e+00
 0.00000000e+00 0.00000000e+00 0.00000000e+00 0.00000000e+00
 0.00000000e+00 0.00000000e+00 0.00000000e+00 0.00000000e+00
 0.00000000e+00 0.00000000e+00 0.00000000e+00 0.00000000e+00
 0.00000000e+00 0.00000000e+00 0.00000000e+00 0.00000000e+00
 0.00000000e+00 0.00000000e+00 0.00000000e+00 0.00000000e+00
 0.00000000e+00 0.00000000e+00 0.00000000e+00 0.00000000e+00
 1.19238422e+00 1.12464062e+00 8.89494474e-01 1.12334458e+00
 1.12116982e+00 1.19141632e+00 0.00000000e+00 1.17015901e+00
 1.16770702e+00 1.10677711e+00 1.17191495e+00 1.11450367e+00
 1.14592521e+00 5.55119835e-01 1.16605689e+00 1.11411212e+00
 0.00000000e+00 0.00000000e+00 0.00000000e+00 0.00000000e+00
 0.00000000e+00 0.00000000e+00 0.00000000e+00 0.00000000e+00
 0.00000000e+00 0.00000000e+00 0.00000000e+00 0.00000000e+00
 0.00000000e+00 0.00000000e+00 0.00000000e+00 0.00000000e+00]",-40922942652.71347,-40922942652.71346,606486347.1815456,-42111655893.18929,-39734229412.23763,157.00460539999767,True,0.0,5.0,1.0,BS,BS(γ=5.0)+AdvSAA(100)+Combo,1.0,0.0,-40855675640.0407,614759535.3453478,0.0,0.0,400
bgetam,NETLIB,688,128,0.05,Bertsimas-Sim(γ=3.0),"[0. 0. 0. 0. 0. 0. 0. 0. 0. 0. 0. 0. 0. 0. 0. 0. 0. 0. 0. 0. 0. 0. 0. 0.
 0. 0. 0. 0. 0. 0. 0. 0. 0. 0. 0. 0. 0. 0. 0. 0. 0. 0. 0. 0. 0. 0. 0. 0.
 0. 0. 0. 0. 0. 0. 0. 0. 0. 0. 0. 0. 0. 0. 0. 0. 0. 0. 0. 0. 0. 0. 0. 0.
 0. 0. 0. 0. 0. 0. 0. 0. 0. 0. 0. 0. 0. 0. 0. 0. 0. 0. 0. 0. 0. 0. 0. 0.
 0. 0. 0. 0. 0. 0. 0. 0. 0. 0. 0. 0. 0. 0. 0. 0. 0. 0. 0. 0. 0. 0. 0. 0.
 0. 0. 0. 0. 0. 0. 0. 0. 0. 0. 0. 0. 0. 0. 0. 0. 0. 0. 0. 0. 0. 0. 0. 0.
 0. 0. 0. 0. 0. 0. 0. 0. 0. 0. 0. 0. 0. 0. 0. 0. 0. 0. 0. 0. 0. 0. 0. 0.
 0. 0. 0. 0. 0. 0. 0. 0. 0. 0. 0. 0. 0. 0. 0. 0. 0. 0. 0. 0. 0. 0. 0. 0.
 0. 0. 0. 0. 0. 0. 0. 0. 0. 0. 0. 0. 0. 0. 0. 0. 0. 0. 0. 0. 0. 0. 0. 0.
 0. 0. 0. 0. 0. 0. 0. 0. 0. 0. 0. 0. 0. 0. 0. 0. 0. 0. 0. 0. 0. 0. 0. 0.
 0. 0. 0. 0. 0. 0. 0. 0. 0. 0. 0. 0. 0. 0. 0. 0. 0. 0. 0. 0. 0. 0. 0. 0.
 0. 0. 0. 0. 0. 0. 0. 0. 0. 0. 0. 0. 0. 0. 0. 0. 0. 0. 0. 0. 0. 0. 0. 0.
 0. 0. 0. 0. 0. 0. 0. 0. 0. 0. 0. 0. 0. 0. 0. 0. 0. 0. 0. 0. 0. 0. 0. 0.
 0. 0. 0. 0. 0. 0. 0. 0. 0. 0. 0. 0. 0. 0. 0. 0. 0. 0. 0. 0. 0. 0. 0. 0.
 0. 0. 0. 0. 0. 0. 0. 0. 0. 0. 0. 0. 0. 0. 0. 0. 0. 0. 0. 0. 0. 0. 0. 0.
 0. 0. 0. 0. 0. 0. 0. 0. 0. 0. 0. 0. 0. 0. 0. 0. 0. 0. 0. 0. 0. 0. 0. 0.
 0. 0. 0. 0. 0. 0. 0. 0. 0. 0. 0. 0. 0. 0. 0. 0. 0. 0. 0. 0. 0. 0. 0. 0.
 0. 0. 0. 0. 0. 0. 0. 0. 0. 0. 0. 0. 0. 0. 0. 0. 0. 0. 0. 0. 0. 0. 0. 0.
 0. 0. 0. 0. 0. 0. 0. 0. 0. 0. 0. 0. 0. 0. 0. 0. 0. 0. 0. 0. 0. 0. 0. 0.
 0. 0. 0. 0. 0. 0. 0. 0. 0. 0. 0. 0. 0. 0. 0. 0. 0. 0. 0. 0. 0. 0. 0. 0.
 0. 0. 0. 0. 0. 0. 0. 0. 0. 0. 0. 0. 0. 0. 0. 0. 0. 0. 0. 0. 0. 0. 0. 0.
 0. 0. 0. 0. 0. 0. 0. 0. 0. 0. 0. 0. 0. 0. 0. 0. 0. 0. 0. 0. 0. 0. 0. 0.
 0. 0. 0. 0. 0. 0. 0. 0. 0. 0. 0. 0. 0. 0. 0. 0. 0. 0. 0. 0. 0. 0. 0. 0.
 0. 0. 0. 0. 0. 0. 0. 0. 0. 0. 0. 0. 0. 0. 0. 0. 0. 0. 0. 0. 0. 0. 0. 0.
 0. 0. 0. 0. 0. 0. 0. 0. 0. 0. 0. 0. 0. 0. 0. 0. 0. 0. 0. 0. 0. 0. 0. 0.
 0. 0. 0. 0. 0. 0. 0. 0. 0. 0. 0. 0. 0. 0. 0. 0. 0. 0. 0. 0. 0. 0. 0. 0.
 0. 0. 0. 0. 0. 0. 0. 0. 0. 0. 0. 0. 0. 0. 0. 0. 0. 0. 0. 0. 0. 0. 0. 0.
 0. 0. 0. 0. 0. 0. 0. 0. 0. 0. 0. 0. 0. 0. 0. 0. 0. 0. 0. 0. 0. 0. 0. 0.
 0. 0. 0. 0. 0. 0. 0. 0. 0. 0. 0. 0. 0. 0. 0. 0.]",,,,,,0.10269920001155697,False,,3.0,0.0,,parametric robust (γ=3.0),0.0,1.0,0.0,0.0,54.95903245944951,56.928443192402554,400
bgetam,NETLIB,688,128,0.05,HiGHS-SAA,"[0. 0. 0. 0. 0. 0. 0. 0. 0. 0. 0. 0. 0. 0. 0. 0. 0. 0. 0. 0. 0. 0. 0. 0.
 0. 0. 0. 0. 0. 0. 0. 0. 0. 0. 0. 0. 0. 0. 0. 0. 0. 0. 0. 0. 0. 0. 0. 0.
 0. 0. 0. 0. 0. 0. 0. 0. 0. 0. 0. 0. 0. 0. 0. 0. 0. 0. 0. 0. 0. 0. 0. 0.
 0. 0. 0. 0. 0. 0. 0. 0. 0. 0. 0. 0. 0. 0. 0. 0. 0. 0. 0. 0. 0. 0. 0. 0.
 0. 0. 0. 0. 0. 0. 0. 0. 0. 0. 0. 0. 0. 0. 0. 0. 0. 0. 0. 0. 0. 0. 0. 0.
 0. 0. 0. 0. 0. 0. 0. 0. 0. 0. 0. 0. 0. 0. 0. 0. 0. 0. 0. 0. 0. 0. 0. 0.
 0. 0. 0. 0. 0. 0. 0. 0. 0. 0. 0. 0. 0. 0. 0. 0. 0. 0. 0. 0. 0. 0. 0. 0.
 0. 0. 0. 0. 0. 0. 0. 0. 0. 0. 0. 0. 0. 0. 0. 0. 0. 0. 0. 0. 0. 0. 0. 0.
 0. 0. 0. 0. 0. 0. 0. 0. 0. 0. 0. 0. 0. 0. 0. 0. 0. 0. 0. 0. 0. 0. 0. 0.
 0. 0. 0. 0. 0. 0. 0. 0. 0. 0. 0. 0. 0. 0. 0. 0. 0. 0. 0. 0. 0. 0. 0. 0.
 0. 0. 0. 0. 0. 0. 0. 0. 0. 0. 0. 0. 0. 0. 0. 0. 0. 0. 0. 0. 0. 0. 0. 0.
 0. 0. 0. 0. 0. 0. 0. 0. 0. 0. 0. 0. 0. 0. 0. 0. 0. 0. 0. 0. 0. 0. 0. 0.
 0. 0. 0. 0. 0. 0. 0. 0. 0. 0. 0. 0. 0. 0. 0. 0. 0. 0. 0. 0. 0. 0. 0. 0.
 0. 0. 0. 0. 0. 0. 0. 0. 0. 0. 0. 0. 0. 0. 0. 0. 0. 0. 0. 0. 0. 0. 0. 0.
 0. 0. 0. 0. 0. 0. 0. 0. 0. 0. 0. 0. 0. 0. 0. 0. 0. 0. 0. 0. 0. 0. 0. 0.
 0. 0. 0. 0. 0. 0. 0. 0. 0. 0. 0. 0. 0. 0. 0. 0. 0. 0. 0. 0. 0. 0. 0. 0.
 0. 0. 0. 0. 0. 0. 0. 0. 0. 0. 0. 0. 0. 0. 0. 0. 0. 0. 0. 0. 0. 0. 0. 0.
 0. 0. 0. 0. 0. 0. 0. 0. 0. 0. 0. 0. 0. 0. 0. 0. 0. 0. 0. 0. 0. 0. 0. 0.
 0. 0. 0. 0. 0. 0. 0. 0. 0. 0. 0. 0. 0. 0. 0. 0. 0. 0. 0. 0. 0. 0. 0. 0.
 0. 0. 0. 0. 0. 0. 0. 0. 0. 0. 0. 0. 0. 0. 0. 0. 0. 0. 0. 0. 0. 0. 0. 0.
 0. 0. 0. 0. 0. 0. 0. 0. 0. 0. 0. 0. 0. 0. 0. 0. 0. 0. 0. 0. 0. 0. 0. 0.
 0. 0. 0. 0. 0. 0. 0. 0. 0. 0. 0. 0. 0. 0. 0. 0. 0. 0. 0. 0. 0. 0. 0. 0.
 0. 0. 0. 0. 0. 0. 0. 0. 0. 0. 0. 0. 0. 0. 0. 0. 0. 0. 0. 0. 0. 0. 0. 0.
 0. 0. 0. 0. 0. 0. 0. 0. 0. 0. 0. 0. 0. 0. 0. 0. 0. 0. 0. 0. 0. 0. 0. 0.
 0. 0. 0. 0. 0. 0. 0. 0. 0. 0. 0. 0. 0. 0. 0. 0. 0. 0. 0. 0. 0. 0. 0. 0.
 0. 0. 0. 0. 0. 0. 0. 0. 0. 0. 0. 0. 0. 0. 0. 0. 0. 0. 0. 0. 0. 0. 0. 0.
 0. 0. 0. 0. 0. 0. 0. 0. 0. 0. 0. 0. 0. 0. 0. 0. 0. 0. 0. 0. 0. 0. 0. 0.
 0. 0. 0. 0. 0. 0. 0. 0. 0. 0. 0. 0. 0. 0. 0. 0. 0. 0. 0. 0. 0. 0. 0. 0.
 0. 0. 0. 0. 0. 0. 0. 0. 0. 0. 0. 0. 0. 0. 0. 0.]",,,,,,123.4700557999895,False,,,,,100,0.0,1.0,0.0,0.0,54.95903245944951,56.928443192402554,400
bgetam,NETLIB,688,128,0.05,Nominal-LP,"[0. 0. 0. 0. 0. 0. 0. 0. 0. 0. 0. 0. 0. 0. 0. 0. 0. 0. 0. 0. 0. 0. 0. 0.
 0. 0. 0. 0. 0. 0. 0. 0. 0. 0. 0. 0. 0. 0. 0. 0. 0. 0. 0. 0. 0. 0. 0. 0.
 0. 0. 0. 0. 0. 0. 0. 0. 0. 0. 0. 0. 0. 0. 0. 0. 0. 0. 0. 0. 0. 0. 0. 0.
 0. 0. 0. 0. 0. 0. 0. 0. 0. 0. 0. 0. 0. 0. 0. 0. 0. 0. 0. 0. 0. 0. 0. 0.
 0. 0. 0. 0. 0. 0. 0. 0. 0. 0. 0. 0. 0. 0. 0. 0. 0. 0. 0. 0. 0. 0. 0. 0.
 0. 0. 0. 0. 0. 0. 0. 0. 0. 0. 0. 0. 0. 0. 0. 0. 0. 0. 0. 0. 0. 0. 0. 0.
 0. 0. 0. 0. 0. 0. 0. 0. 0. 0. 0. 0. 0. 0. 0. 0. 0. 0. 0. 0. 0. 0. 0. 0.
 0. 0. 0. 0. 0. 0. 0. 0. 0. 0. 0. 0. 0. 0. 0. 0. 0. 0. 0. 0. 0. 0. 0. 0.
 0. 0. 0. 0. 0. 0. 0. 0. 0. 0. 0. 0. 0. 0. 0. 0. 0. 0. 0. 0. 0. 0. 0. 0.
 0. 0. 0. 0. 0. 0. 0. 0. 0. 0. 0. 0. 0. 0. 0. 0. 0. 0. 0. 0. 0. 0. 0. 0.
 0. 0. 0. 0. 0. 0. 0. 0. 0. 0. 0. 0. 0. 0. 0. 0. 0. 0. 0. 0. 0. 0. 0. 0.
 0. 0. 0. 0. 0. 0. 0. 0. 0. 0. 0. 0. 0. 0. 0. 0. 0. 0. 0. 0. 0. 0. 0. 0.
 0. 0. 0. 0. 0. 0. 0. 0. 0. 0. 0. 0. 0. 0. 0. 0. 0. 0. 0. 0. 0. 0. 0. 0.
 0. 0. 0. 0. 0. 0. 0. 0. 0. 0. 0. 0. 0. 0. 0. 0. 0. 0. 0. 0. 0. 0. 0. 0.
 0. 0. 0. 0. 0. 0. 0. 0. 0. 0. 0. 0. 0. 0. 0. 0. 0. 0. 0. 0. 0. 0. 0. 0.
 0. 0. 0. 0. 0. 0. 0. 0. 0. 0. 0. 0. 0. 0. 0. 0. 0. 0. 0. 0. 0. 0. 0. 0.
 0. 0. 0. 0. 0. 0. 0. 0. 0. 0. 0. 0. 0. 0. 0. 0. 0. 0. 0. 0. 0. 0. 0. 0.
 0. 0. 0. 0. 0. 0. 0. 0. 0. 0. 0. 0. 0. 0. 0. 0. 0. 0. 0. 0. 0. 0. 0. 0.
 0. 0. 0. 0. 0. 0. 0. 0. 0. 0. 0. 0. 0. 0. 0. 0. 0. 0. 0. 0. 0. 0. 0. 0.
 0. 0. 0. 0. 0. 0. 0. 0. 0. 0. 0. 0. 0. 0. 0. 0. 0. 0. 0. 0. 0. 0. 0. 0.
 0. 0. 0. 0. 0. 0. 0. 0. 0. 0. 0. 0. 0. 0. 0. 0. 0. 0. 0. 0. 0. 0. 0. 0.
 0. 0. 0. 0. 0. 0. 0. 0. 0. 0. 0. 0. 0. 0. 0. 0. 0. 0. 0. 0. 0. 0. 0. 0.
 0. 0. 0. 0. 0. 0. 0. 0. 0. 0. 0. 0. 0. 0. 0. 0. 0. 0. 0. 0. 0. 0. 0. 0.
 0. 0. 0. 0. 0. 0. 0. 0. 0. 0. 0. 0. 0. 0. 0. 0. 0. 0. 0. 0. 0. 0. 0. 0.
 0. 0. 0. 0. 0. 0. 0. 0. 0. 0. 0. 0. 0. 0. 0. 0. 0. 0. 0. 0. 0. 0. 0. 0.
 0. 0. 0. 0. 0. 0. 0. 0. 0. 0. 0. 0. 0. 0. 0. 0. 0. 0. 0. 0. 0. 0. 0. 0.
 0. 0. 0. 0. 0. 0. 0. 0. 0. 0. 0. 0. 0. 0. 0. 0. 0. 0. 0. 0. 0. 0. 0. 0.
 0. 0. 0. 0. 0. 0. 0. 0. 0. 0. 0. 0. 0. 0. 0. 0. 0. 0. 0. 0. 0. 0. 0. 0.
 0. 0. 0. 0. 0. 0. 0. 0. 0. 0. 0. 0. 0. 0. 0. 0.]",,,,,,0.007225400011520833,False,,,,,deterministic (mean only),0.0,1.0,0.0,0.0,54.95903245944951,56.928443192402554,400
bgetam,NETLIB,688,128,0.05,TSAR-No-calib,"[0.00000000e+00 0.00000000e+00 0.00000000e+00 0.00000000e+00
 0.00000000e+00 0.00000000e+00 0.00000000e+00 0.00000000e+00
 0.00000000e+00 0.00000000e+00 0.00000000e+00 0.00000000e+00
 0.00000000e+00 0.00000000e+00 0.00000000e+00 0.00000000e+00
 0.00000000e+00 0.00000000e+00 0.00000000e+00 0.00000000e+00
 0.00000000e+00 0.00000000e+00 0.00000000e+00 0.00000000e+00
 0.00000000e+00 0.00000000e+00 0.00000000e+00 0.00000000e+00
 0.00000000e+00 0.00000000e+00 0.00000000e+00 0.00000000e+00
 0.00000000e+00 0.00000000e+00 0.00000000e+00 0.00000000e+00
 0.00000000e+00 0.00000000e+00 0.00000000e+00 0.00000000e+00
 0.00000000e+00 0.00000000e+00 0.00000000e+00 0.00000000e+00
 0.00000000e+00 0.00000000e+00 0.00000000e+00 0.00000000e+00
 0.00000000e+00 0.00000000e+00 0.00000000e+00 0.00000000e+00
 0.00000000e+00 0.00000000e+00 0.00000000e+00 0.00000000e+00
 0.00000000e+00 0.00000000e+00 0.00000000e+00 0.00000000e+00
 0.00000000e+00 0.00000000e+00 0.00000000e+00 0.00000000e+00
 1.33326127e+08 0.00000000e+00 0.00000000e+00 0.00000000e+00
 0.00000000e+00 0.00000000e+00 0.00000000e+00 0.00000000e+00
 0.00000000e+00 0.00000000e+00 0.00000000e+00 0.00000000e+00
 0.00000000e+00 0.00000000e+00 0.00000000e+00 0.00000000e+00
 1.10360669e+00 1.11493088e+00 0.00000000e+00 0.00000000e+00
 0.00000000e+00 1.10370452e+00 0.00000000e+00 0.00000000e+00
 0.00000000e+00 0.00000000e+00 0.00000000e+00 1.10464370e+00
 0.00000000e+00 0.00000000e+00 0.00000000e+00 0.00000000e+00
 0.00000000e+00 0.00000000e+00 0.00000000e+00 0.00000000e+00
 0.00000000e+00 0.00000000e+00 0.00000000e+00 0.00000000e+00
 0.00000000e+00 0.00000000e+00 0.00000000e+00 0.00000000e+00
 0.00000000e+00 0.00000000e+00 0.00000000e+00 0.00000000e+00
 0.00000000e+00 0.00000000e+00 0.00000000e+00 0.00000000e+00
 0.00000000e+00 0.00000000e+00 0.00000000e+00 0.00000000e+00
 0.00000000e+00 0.00000000e+00 0.00000000e+00 0.00000000e+00
 0.00000000e+00 0.00000000e+00 0.00000000e+00 0.00000000e+00
 0.00000000e+00 0.00000000e+00 0.00000000e+00 0.00000000e+00
 0.00000000e+00 0.00000000e+00 0.00000000e+00 0.00000000e+00
 0.00000000e+00 0.00000000e+00 0.00000000e+00 0.00000000e+00
 0.00000000e+00 0.00000000e+00 0.00000000e+00 0.00000000e+00
 0.00000000e+00 0.00000000e+00 0.00000000e+00 0.00000000e+00
 0.00000000e+00 0.00000000e+00 0.00000000e+00 0.00000000e+00
 0.00000000e+00 0.00000000e+00 0.00000000e+00 0.00000000e+00
 0.00000000e+00 0.00000000e+00 0.00000000e+00 0.00000000e+00
 0.00000000e+00 0.00000000e+00 0.00000000e+00 0.00000000e+00
 0.00000000e+00 0.00000000e+00 0.00000000e+00 0.00000000e+00
 0.00000000e+00 0.00000000e+00 0.00000000e+00 0.00000000e+00
 0.00000000e+00 0.00000000e+00 0.00000000e+00 0.00000000e+00
 0.00000000e+00 0.00000000e+00 0.00000000e+00 0.00000000e+00
 0.00000000e+00 0.00000000e+00 0.00000000e+00 0.00000000e+00
 0.00000000e+00 0.00000000e+00 0.00000000e+00 0.00000000e+00
 0.00000000e+00 0.00000000e+00 0.00000000e+00 0.00000000e+00
 0.00000000e+00 0.00000000e+00 1.10183127e+00 0.00000000e+00
 0.00000000e+00 0.00000000e+00 0.00000000e+00 0.00000000e+00
 1.11078647e+00 0.00000000e+00 1.10160923e+00 0.00000000e+00
 1.11248574e+00 0.00000000e+00 0.00000000e+00 1.10295378e+00
 0.00000000e+00 0.00000000e+00 0.00000000e+00 1.12035325e+00
 1.11045295e+00 0.00000000e+00 1.10008362e+00 1.10325396e+00
 0.00000000e+00 1.11136191e+00 0.00000000e+00 0.00000000e+00
 0.00000000e+00 1.10524210e+00 1.10530998e+00 0.00000000e+00
 0.00000000e+00 0.00000000e+00 0.00000000e+00 0.00000000e+00
 0.00000000e+00 0.00000000e+00 0.00000000e+00 0.00000000e+00
 0.00000000e+00 0.00000000e+00 0.00000000e+00 0.00000000e+00
 0.00000000e+00 0.00000000e+00 0.00000000e+00 0.00000000e+00
 0.00000000e+00 0.00000000e+00 0.00000000e+00 0.00000000e+00
 0.00000000e+00 0.00000000e+00 0.00000000e+00 0.00000000e+00
 0.00000000e+00 0.00000000e+00 0.00000000e+00 0.00000000e+00
 0.00000000e+00 0.00000000e+00 0.00000000e+00 0.00000000e+00
 1.10265527e+00 1.11768462e+00 1.10875951e+00 0.00000000e+00
 0.00000000e+00 1.10893047e+00 0.00000000e+00 0.00000000e+00
 0.00000000e+00 0.00000000e+00 0.00000000e+00 0.00000000e+00
 1.10117808e+00 0.00000000e+00 0.00000000e+00 1.10153256e+00
 0.00000000e+00 0.00000000e+00 0.00000000e+00 1.12369247e+00
 1.10542728e+00 0.00000000e+00 1.11039129e+00 1.11918829e+00
 1.11367761e+00 0.00000000e+00 0.00000000e+00 0.00000000e+00
 0.00000000e+00 0.00000000e+00 1.11548154e+00 0.00000000e+00
 0.00000000e+00 0.00000000e+00 0.00000000e+00 0.00000000e+00
 0.00000000e+00 0.00000000e+00 0.00000000e+00 0.00000000e+00
 0.00000000e+00 0.00000000e+00 0.00000000e+00 0.00000000e+00
 0.00000000e+00 0.00000000e+00 0.00000000e+00 0.00000000e+00
 0.00000000e+00 0.00000000e+00 0.00000000e+00 0.00000000e+00
 0.00000000e+00 0.00000000e+00 0.00000000e+00 0.00000000e+00
 0.00000000e+00 1.11035801e+00 1.10207565e+00 1.10984081e+00
 0.00000000e+00 1.11540633e+00 0.00000000e+00 0.00000000e+00
 0.00000000e+00 0.00000000e+00 0.00000000e+00 0.00000000e+00
 0.00000000e+00 0.00000000e+00 0.00000000e+00 0.00000000e+00
 0.00000000e+00 1.10631200e+00 0.00000000e+00 0.00000000e+00
 0.00000000e+00 0.00000000e+00 0.00000000e+00 0.00000000e+00
 0.00000000e+00 0.00000000e+00 3.63712120e-01 3.71951660e-01
 0.00000000e+00 3.73915043e-01 2.38202015e-01 3.56806196e+01
 7.05054467e-02 0.00000000e+00 0.00000000e+00 0.00000000e+00
 0.00000000e+00 0.00000000e+00 0.00000000e+00 0.00000000e+00
 0.00000000e+00 1.84267642e+00 1.51658462e+00 1.50951738e+00
 1.84362182e+00 1.49306953e+00 1.35049167e+00 3.84455307e+01
 1.18763252e+00 0.00000000e+00 1.10038545e+00 0.00000000e+00
 1.10666923e+00 0.00000000e+00 0.00000000e+00 0.00000000e+00
 0.00000000e+00 0.00000000e+00 0.00000000e+00 0.00000000e+00
 0.00000000e+00 0.00000000e+00 0.00000000e+00 0.00000000e+00
 0.00000000e+00 0.00000000e+00 0.00000000e+00 0.00000000e+00
 0.00000000e+00 0.00000000e+00 0.00000000e+00 0.00000000e+00
 0.00000000e+00 0.00000000e+00 0.00000000e+00 0.00000000e+00
 0.00000000e+00 0.00000000e+00 0.00000000e+00 0.00000000e+00
 0.00000000e+00 0.00000000e+00 0.00000000e+00 0.00000000e+00
 0.00000000e+00 0.00000000e+00 0.00000000e+00 0.00000000e+00
 1.09987307e+00 0.00000000e+00 0.00000000e+00 0.00000000e+00
 0.00000000e+00 0.00000000e+00 0.00000000e+00 0.00000000e+00
 0.00000000e+00 0.00000000e+00 0.00000000e+00 0.00000000e+00
 0.00000000e+00 0.00000000e+00 0.00000000e+00 0.00000000e+00
 0.00000000e+00 0.00000000e+00 0.00000000e+00 0.00000000e+00
 0.00000000e+00 0.00000000e+00 0.00000000e+00 0.00000000e+00
 0.00000000e+00 0.00000000e+00 0.00000000e+00 0.00000000e+00
 0.00000000e+00 0.00000000e+00 1.10581056e+00 0.00000000e+00
 0.00000000e+00 0.00000000e+00 0.00000000e+00 0.00000000e+00
 0.00000000e+00 0.00000000e+00 0.00000000e+00 0.00000000e+00
 0.00000000e+00 0.00000000e+00 0.00000000e+00 1.10919902e+00
 0.00000000e+00 1.10117325e+00 0.00000000e+00 1.10961553e+00
 0.00000000e+00 0.00000000e+00 0.00000000e+00 0.00000000e+00
 0.00000000e+00 0.00000000e+00 0.00000000e+00 0.00000000e+00
 0.00000000e+00 0.00000000e+00 0.00000000e+00 0.00000000e+00
 0.00000000e+00 0.00000000e+00 0.00000000e+00 0.00000000e+00
 0.00000000e+00 0.00000000e+00 0.00000000e+00 0.00000000e+00
 0.00000000e+00 0.00000000e+00 0.00000000e+00 0.00000000e+00
 0.00000000e+00 0.00000000e+00 0.00000000e+00 0.00000000e+00
 0.00000000e+00 0.00000000e+00 0.00000000e+00 0.00000000e+00
 0.00000000e+00 0.00000000e+00 0.00000000e+00 0.00000000e+00
 0.00000000e+00 0.00000000e+00 0.00000000e+00 0.00000000e+00
 0.00000000e+00 0.00000000e+00 0.00000000e+00 0.00000000e+00
 0.00000000e+00 0.00000000e+00 0.00000000e+00 0.00000000e+00
 0.00000000e+00 0.00000000e+00 0.00000000e+00 0.00000000e+00
 0.00000000e+00 0.00000000e+00 0.00000000e+00 0.00000000e+00
 0.00000000e+00 0.00000000e+00 0.00000000e+00 0.00000000e+00
 0.00000000e+00 0.00000000e+00 0.00000000e+00 0.00000000e+00
 0.00000000e+00 0.00000000e+00 0.00000000e+00 0.00000000e+00
 0.00000000e+00 0.00000000e+00 0.00000000e+00 0.00000000e+00
 0.00000000e+00 0.00000000e+00 0.00000000e+00 0.00000000e+00
 0.00000000e+00 0.00000000e+00 0.00000000e+00 0.00000000e+00
 0.00000000e+00 0.00000000e+00 0.00000000e+00 0.00000000e+00
 0.00000000e+00 0.00000000e+00 0.00000000e+00 0.00000000e+00
 0.00000000e+00 0.00000000e+00 0.00000000e+00 0.00000000e+00
 0.00000000e+00 0.00000000e+00 0.00000000e+00 0.00000000e+00
 0.00000000e+00 0.00000000e+00 0.00000000e+00 0.00000000e+00
 0.00000000e+00 0.00000000e+00 0.00000000e+00 0.00000000e+00
 0.00000000e+00 0.00000000e+00 0.00000000e+00 0.00000000e+00
 0.00000000e+00 1.10773734e+00 0.00000000e+00 0.00000000e+00
 1.10703183e+00 0.00000000e+00 1.10843518e+00 0.00000000e+00
 0.00000000e+00 0.00000000e+00 0.00000000e+00 0.00000000e+00
 0.00000000e+00 0.00000000e+00 0.00000000e+00 1.10908090e+00
 0.00000000e+00 0.00000000e+00 0.00000000e+00 0.00000000e+00
 0.00000000e+00 1.10792967e+00 0.00000000e+00 0.00000000e+00
 1.11083164e+00 1.11220866e+00 0.00000000e+00 1.10639914e+00
 0.00000000e+00 0.00000000e+00 0.00000000e+00 0.00000000e+00
 1.10396297e+00 0.00000000e+00 0.00000000e+00 0.00000000e+00
 0.00000000e+00 0.00000000e+00 0.00000000e+00 1.11467572e+00
 0.00000000e+00 0.00000000e+00 1.11368684e+00 0.00000000e+00
 1.10991220e+00 1.11209019e+00 1.10064539e+00 0.00000000e+00
 0.00000000e+00 0.00000000e+00 1.10792245e+00 1.10409576e+00
 1.11025795e+00 1.10273851e+00 1.12743520e+00 1.11577171e+00
 1.13190828e+00 1.12526824e+00 1.10062290e+00 1.13424224e+00
 1.12421664e+00 1.11485837e+00 1.11173623e+00 1.12481471e+00
 1.11428894e+00 1.11049091e+00 1.11278280e+00 1.11616131e+00
 0.00000000e+00 0.00000000e+00 0.00000000e+00 0.00000000e+00
 0.00000000e+00 0.00000000e+00 0.00000000e+00 2.85485590e-01
 0.00000000e+00 0.00000000e+00 0.00000000e+00 0.00000000e+00
 0.00000000e+00 0.00000000e+00 0.00000000e+00 0.00000000e+00
 0.00000000e+00 0.00000000e+00 0.00000000e+00 0.00000000e+00
 0.00000000e+00 0.00000000e+00 0.00000000e+00 0.00000000e+00
 0.00000000e+00 0.00000000e+00 0.00000000e+00 0.00000000e+00
 0.00000000e+00 0.00000000e+00 0.00000000e+00 0.00000000e+00
 1.13461110e+00 1.10957150e+00 1.12632134e+00 1.10907445e+00
 1.10823884e+00 1.13426587e+00 1.02287557e+00 8.34304169e-01
 1.12569855e+00 1.10265835e+00 1.12723480e+00 1.10566509e+00
 1.11763526e+00 1.10667263e+00 1.12509424e+00 1.10551333e+00
 0.00000000e+00 0.00000000e+00 0.00000000e+00 0.00000000e+00
 0.00000000e+00 0.00000000e+00 0.00000000e+00 0.00000000e+00
 0.00000000e+00 0.00000000e+00 0.00000000e+00 0.00000000e+00
 0.00000000e+00 0.00000000e+00 0.00000000e+00 0.00000000e+00]",-103939662267.32143,-103939662267.32141,1540406970.0156677,-106958859928.55212,-100920464606.0907,0.17047630000161007,True,0.0,2.0,0.24,fixed_γ=2.0,No-calibration(fixed γ=2.0),0.255,0.745,-103768811636.21524,1561419935.5523136,0.0711322159211115,0.21935504287475954,400
bgetam,NETLIB,688,128,0.1,FuzzyPD-LP,"[0.00000000e+00 0.00000000e+00 0.00000000e+00 0.00000000e+00
 0.00000000e+00 0.00000000e+00 0.00000000e+00 0.00000000e+00
 0.00000000e+00 0.00000000e+00 0.00000000e+00 0.00000000e+00
 0.00000000e+00 0.00000000e+00 0.00000000e+00 0.00000000e+00
 0.00000000e+00 0.00000000e+00 0.00000000e+00 0.00000000e+00
 0.00000000e+00 0.00000000e+00 0.00000000e+00 0.00000000e+00
 0.00000000e+00 0.00000000e+00 0.00000000e+00 0.00000000e+00
 0.00000000e+00 0.00000000e+00 0.00000000e+00 0.00000000e+00
 0.00000000e+00 0.00000000e+00 0.00000000e+00 0.00000000e+00
 0.00000000e+00 0.00000000e+00 0.00000000e+00 0.00000000e+00
 0.00000000e+00 0.00000000e+00 0.00000000e+00 0.00000000e+00
 0.00000000e+00 0.00000000e+00 0.00000000e+00 0.00000000e+00
 0.00000000e+00 0.00000000e+00 0.00000000e+00 0.00000000e+00
 0.00000000e+00 0.00000000e+00 0.00000000e+00 0.00000000e+00
 0.00000000e+00 0.00000000e+00 0.00000000e+00 0.00000000e+00
 0.00000000e+00 0.00000000e+00 0.00000000e+00 0.00000000e+00
 5.03944872e+07 0.00000000e+00 0.00000000e+00 0.00000000e+00
 0.00000000e+00 0.00000000e+00 0.00000000e+00 0.00000000e+00
 0.00000000e+00 0.00000000e+00 0.00000000e+00 0.00000000e+00
 0.00000000e+00 0.00000000e+00 0.00000000e+00 0.00000000e+00
 9.86132681e-01 1.03587768e+00 0.00000000e+00 0.00000000e+00
 0.00000000e+00 9.86546115e-01 0.00000000e+00 0.00000000e+00
 0.00000000e+00 0.00000000e+00 0.00000000e+00 9.90529195e-01
 0.00000000e+00 0.00000000e+00 0.00000000e+00 0.00000000e+00
 0.00000000e+00 0.00000000e+00 0.00000000e+00 0.00000000e+00
 0.00000000e+00 0.00000000e+00 0.00000000e+00 0.00000000e+00
 0.00000000e+00 0.00000000e+00 0.00000000e+00 0.00000000e+00
 0.00000000e+00 0.00000000e+00 0.00000000e+00 0.00000000e+00
 0.00000000e+00 0.00000000e+00 0.00000000e+00 0.00000000e+00
 0.00000000e+00 0.00000000e+00 0.00000000e+00 0.00000000e+00
 0.00000000e+00 0.00000000e+00 0.00000000e+00 0.00000000e+00
 0.00000000e+00 0.00000000e+00 0.00000000e+00 0.00000000e+00
 0.00000000e+00 0.00000000e+00 0.00000000e+00 0.00000000e+00
 0.00000000e+00 0.00000000e+00 0.00000000e+00 0.00000000e+00
 0.00000000e+00 0.00000000e+00 0.00000000e+00 0.00000000e+00
 0.00000000e+00 0.00000000e+00 0.00000000e+00 0.00000000e+00
 0.00000000e+00 0.00000000e+00 0.00000000e+00 0.00000000e+00
 0.00000000e+00 0.00000000e+00 0.00000000e+00 0.00000000e+00
 0.00000000e+00 0.00000000e+00 0.00000000e+00 0.00000000e+00
 0.00000000e+00 0.00000000e+00 0.00000000e+00 0.00000000e+00
 0.00000000e+00 0.00000000e+00 0.00000000e+00 0.00000000e+00
 0.00000000e+00 0.00000000e+00 0.00000000e+00 0.00000000e+00
 0.00000000e+00 0.00000000e+00 0.00000000e+00 0.00000000e+00
 0.00000000e+00 0.00000000e+00 0.00000000e+00 0.00000000e+00
 0.00000000e+00 0.00000000e+00 0.00000000e+00 0.00000000e+00
 0.00000000e+00 0.00000000e+00 0.00000000e+00 0.00000000e+00
 0.00000000e+00 0.00000000e+00 0.00000000e+00 0.00000000e+00
 0.00000000e+00 0.00000000e+00 0.00000000e+00 0.00000000e+00
 0.00000000e+00 0.00000000e+00 9.78676638e-01 0.00000000e+00
 0.00000000e+00 0.00000000e+00 0.00000000e+00 0.00000000e+00
 1.01721957e+00 0.00000000e+00 9.77750436e-01 0.00000000e+00
 1.02480450e+00 0.00000000e+00 0.00000000e+00 9.83380339e-01
 0.00000000e+00 0.00000000e+00 0.00000000e+00 1.06112539e+00
 1.01574131e+00 0.00000000e+00 9.71423570e-01 9.84644231e-01
 0.00000000e+00 1.01977810e+00 0.00000000e+00 0.00000000e+00
 0.00000000e+00 9.93080302e-01 9.93370335e-01 0.00000000e+00
 0.00000000e+00 0.00000000e+00 0.00000000e+00 0.00000000e+00
 0.00000000e+00 0.00000000e+00 0.00000000e+00 0.00000000e+00
 0.00000000e+00 0.00000000e+00 0.00000000e+00 0.00000000e+00
 0.00000000e+00 0.00000000e+00 0.00000000e+00 0.00000000e+00
 0.00000000e+00 0.00000000e+00 0.00000000e+00 0.00000000e+00
 0.00000000e+00 0.00000000e+00 0.00000000e+00 0.00000000e+00
 0.00000000e+00 0.00000000e+00 0.00000000e+00 0.00000000e+00
 0.00000000e+00 0.00000000e+00 0.00000000e+00 0.00000000e+00
 9.82126020e-01 1.04857832e+00 1.00828778e+00 0.00000000e+00
 0.00000000e+00 1.00903630e+00 0.00000000e+00 0.00000000e+00
 0.00000000e+00 0.00000000e+00 0.00000000e+00 0.00000000e+00
 9.75955864e-01 0.00000000e+00 0.00000000e+00 9.77430943e-01
 0.00000000e+00 0.00000000e+00 0.00000000e+00 1.07716721e+00
 9.93871853e-01 0.00000000e+00 1.01546836e+00 1.05561877e+00
 1.03017843e+00 0.00000000e+00 0.00000000e+00 0.00000000e+00
 0.00000000e+00 0.00000000e+00 1.03839770e+00 0.00000000e+00
 0.00000000e+00 0.00000000e+00 0.00000000e+00 0.00000000e+00
 0.00000000e+00 0.00000000e+00 0.00000000e+00 0.00000000e+00
 0.00000000e+00 0.00000000e+00 0.00000000e+00 0.00000000e+00
 0.00000000e+00 0.00000000e+00 0.00000000e+00 0.00000000e+00
 0.00000000e+00 0.00000000e+00 0.00000000e+00 0.00000000e+00
 0.00000000e+00 0.00000000e+00 0.00000000e+00 0.00000000e+00
 0.00000000e+00 1.01532111e+00 9.79697673e-01 1.01303698e+00
 0.00000000e+00 1.03805297e+00 0.00000000e+00 0.00000000e+00
 0.00000000e+00 0.00000000e+00 0.00000000e+00 0.00000000e+00
 0.00000000e+00 0.00000000e+00 0.00000000e+00 0.00000000e+00
 0.00000000e+00 9.97667414e-01 0.00000000e+00 0.00000000e+00
 0.00000000e+00 0.00000000e+00 0.00000000e+00 0.00000000e+00
 0.00000000e+00 0.00000000e+00 3.11739142e-01 3.48748610e-01
 0.00000000e+00 3.55574748e-01 2.18801377e-01 4.65127504e+01
 9.51656934e-02 0.00000000e+00 0.00000000e+00 0.00000000e+00
 0.00000000e+00 0.00000000e+00 0.00000000e+00 0.00000000e+00
 0.00000000e+00 1.65772706e+00 1.52190487e+00 1.49115080e+00
 1.66178350e+00 1.41161579e+00 1.24264980e+00 4.65862849e+01
 1.14764729e+00 0.00000000e+00 9.72670159e-01 0.00000000e+00
 9.99206432e-01 0.00000000e+00 0.00000000e+00 0.00000000e+00
 0.00000000e+00 0.00000000e+00 0.00000000e+00 0.00000000e+00
 0.00000000e+00 0.00000000e+00 0.00000000e+00 0.00000000e+00
 0.00000000e+00 0.00000000e+00 0.00000000e+00 0.00000000e+00
 0.00000000e+00 0.00000000e+00 0.00000000e+00 0.00000000e+00
 2.58260562e+01 0.00000000e+00 0.00000000e+00 0.00000000e+00
 0.00000000e+00 0.00000000e+00 0.00000000e+00 0.00000000e+00
 0.00000000e+00 0.00000000e+00 0.00000000e+00 0.00000000e+00
 0.00000000e+00 0.00000000e+00 0.00000000e+00 0.00000000e+00
 0.00000000e+00 0.00000000e+00 0.00000000e+00 0.00000000e+00
 0.00000000e+00 0.00000000e+00 0.00000000e+00 1.20584779e+01
 0.00000000e+00 0.00000000e+00 0.00000000e+00 0.00000000e+00
 0.00000000e+00 0.00000000e+00 0.00000000e+00 0.00000000e+00
 0.00000000e+00 0.00000000e+00 0.00000000e+00 0.00000000e+00
 0.00000000e+00 0.00000000e+00 0.00000000e+00 0.00000000e+00
 0.00000000e+00 0.00000000e+00 0.00000000e+00 0.00000000e+00
 0.00000000e+00 0.00000000e+00 9.95513348e-01 0.00000000e+00
 0.00000000e+00 0.00000000e+00 0.00000000e+00 0.00000000e+00
 0.00000000e+00 0.00000000e+00 0.00000000e+00 0.00000000e+00
 0.00000000e+00 0.00000000e+00 0.00000000e+00 1.01021387e+00
 0.00000000e+00 9.75935780e-01 0.00000000e+00 1.01204460e+00
 0.00000000e+00 0.00000000e+00 0.00000000e+00 0.00000000e+00
 0.00000000e+00 0.00000000e+00 0.00000000e+00 0.00000000e+00
 0.00000000e+00 0.00000000e+00 0.00000000e+00 0.00000000e+00
 0.00000000e+00 0.00000000e+00 0.00000000e+00 0.00000000e+00
 0.00000000e+00 0.00000000e+00 0.00000000e+00 0.00000000e+00
 0.00000000e+00 0.00000000e+00 0.00000000e+00 0.00000000e+00
 0.00000000e+00 0.00000000e+00 0.00000000e+00 0.00000000e+00
 0.00000000e+00 0.00000000e+00 0.00000000e+00 0.00000000e+00
 0.00000000e+00 0.00000000e+00 0.00000000e+00 0.00000000e+00
 0.00000000e+00 0.00000000e+00 0.00000000e+00 0.00000000e+00
 0.00000000e+00 0.00000000e+00 0.00000000e+00 0.00000000e+00
 0.00000000e+00 0.00000000e+00 0.00000000e+00 0.00000000e+00
 0.00000000e+00 0.00000000e+00 0.00000000e+00 0.00000000e+00
 0.00000000e+00 0.00000000e+00 0.00000000e+00 0.00000000e+00
 0.00000000e+00 0.00000000e+00 0.00000000e+00 0.00000000e+00
 0.00000000e+00 0.00000000e+00 0.00000000e+00 0.00000000e+00
 0.00000000e+00 0.00000000e+00 0.00000000e+00 0.00000000e+00
 0.00000000e+00 0.00000000e+00 0.00000000e+00 0.00000000e+00
 0.00000000e+00 0.00000000e+00 0.00000000e+00 0.00000000e+00
 0.00000000e+00 0.00000000e+00 0.00000000e+00 0.00000000e+00
 0.00000000e+00 0.00000000e+00 0.00000000e+00 0.00000000e+00
 0.00000000e+00 0.00000000e+00 0.00000000e+00 0.00000000e+00
 0.00000000e+00 0.00000000e+00 0.00000000e+00 0.00000000e+00
 0.00000000e+00 0.00000000e+00 0.00000000e+00 0.00000000e+00
 0.00000000e+00 0.00000000e+00 0.00000000e+00 0.00000000e+00
 0.00000000e+00 0.00000000e+00 0.00000000e+00 0.00000000e+00
 0.00000000e+00 0.00000000e+00 0.00000000e+00 0.00000000e+00
 0.00000000e+00 1.00383067e+00 0.00000000e+00 0.00000000e+00
 1.00077248e+00 0.00000000e+00 1.00687015e+00 0.00000000e+00
 0.00000000e+00 0.00000000e+00 0.00000000e+00 0.00000000e+00
 0.00000000e+00 0.00000000e+00 0.00000000e+00 1.00969569e+00
 0.00000000e+00 0.00000000e+00 0.00000000e+00 0.00000000e+00
 0.00000000e+00 1.00466694e+00 0.00000000e+00 0.00000000e+00
 1.01742000e+00 1.02356160e+00 0.00000000e+00 9.98042492e-01
 0.00000000e+00 0.00000000e+00 0.00000000e+00 0.00000000e+00
 9.87639680e-01 0.00000000e+00 0.00000000e+00 0.00000000e+00
 0.00000000e+00 0.00000000e+00 0.00000000e+00 1.03471326e+00
 0.00000000e+00 0.00000000e+00 1.03022020e+00 0.00000000e+00
 1.01335179e+00 1.02303093e+00 9.73745760e-01 0.00000000e+00
 0.00000000e+00 0.00000000e+00 1.00463549e+00 9.88202314e-01
 1.01487857e+00 9.82475522e-01 1.09561533e+00 1.03972960e+00
 1.11833994e+00 1.08487292e+00 9.73652627e-01 1.13050131e+00
 1.07972068e+00 1.03554657e+00 1.02144791e+00 1.08264604e+00
 1.03295218e+00 1.01590936e+00 1.02613974e+00 1.04152209e+00
 0.00000000e+00 0.00000000e+00 2.65358441e-01 0.00000000e+00
 0.00000000e+00 0.00000000e+00 0.00000000e+00 0.00000000e+00
 0.00000000e+00 0.00000000e+00 0.00000000e+00 0.00000000e+00
 0.00000000e+00 0.00000000e+00 0.00000000e+00 0.00000000e+00
 0.00000000e+00 0.00000000e+00 0.00000000e+00 0.00000000e+00
 0.00000000e+00 2.26738306e-02 0.00000000e+00 0.00000000e+00
 0.00000000e+00 0.00000000e+00 0.00000000e+00 0.00000000e+00
 0.00000000e+00 0.00000000e+00 0.00000000e+00 0.00000000e+00
 1.13244287e+00 1.01185081e+00 7.99829082e-01 1.00966741e+00
 1.00601351e+00 1.10734796e+00 0.00000000e+00 1.09142778e+00
 1.08699262e+00 9.82138949e-01 1.09461470e+00 9.94889822e-01
 1.04834847e+00 0.00000000e+00 1.08401769e+00 9.94240005e-01
 0.00000000e+00 0.00000000e+00 0.00000000e+00 0.00000000e+00
 0.00000000e+00 0.00000000e+00 0.00000000e+00 0.00000000e+00
 0.00000000e+00 0.00000000e+00 0.00000000e+00 0.00000000e+00
 0.00000000e+00 0.00000000e+00 0.00000000e+00 0.00000000e+00]",-39287018062.32913,-39287018062.32913,1164483222.7375808,-41569405178.89479,-37004630945.76347,170.6201957000012,True,0.0,4.5,1.0,BS,BS(γ=4.5)+AdvSAA(100)+Combo,1.0,0.0,-39157862133.1559,1180368145.5557904,0.0,0.0,400
bgetam,NETLIB,688,128,0.1,Bertsimas-Sim(γ=3.0),"[0.00000000e+00 0.00000000e+00 0.00000000e+00 0.00000000e+00
 0.00000000e+00 0.00000000e+00 0.00000000e+00 0.00000000e+00
 0.00000000e+00 0.00000000e+00 0.00000000e+00 0.00000000e+00
 0.00000000e+00 0.00000000e+00 0.00000000e+00 0.00000000e+00
 0.00000000e+00 0.00000000e+00 0.00000000e+00 0.00000000e+00
 0.00000000e+00 0.00000000e+00 0.00000000e+00 0.00000000e+00
 0.00000000e+00 0.00000000e+00 0.00000000e+00 0.00000000e+00
 0.00000000e+00 0.00000000e+00 0.00000000e+00 0.00000000e+00
 0.00000000e+00 0.00000000e+00 0.00000000e+00 0.00000000e+00
 0.00000000e+00 0.00000000e+00 0.00000000e+00 0.00000000e+00
 0.00000000e+00 0.00000000e+00 0.00000000e+00 0.00000000e+00
 0.00000000e+00 0.00000000e+00 0.00000000e+00 0.00000000e+00
 0.00000000e+00 0.00000000e+00 0.00000000e+00 0.00000000e+00
 0.00000000e+00 0.00000000e+00 0.00000000e+00 0.00000000e+00
 0.00000000e+00 0.00000000e+00 0.00000000e+00 0.00000000e+00
 0.00000000e+00 0.00000000e+00 0.00000000e+00 0.00000000e+00
 8.65119818e+07 0.00000000e+00 0.00000000e+00 0.00000000e+00
 0.00000000e+00 0.00000000e+00 0.00000000e+00 0.00000000e+00
 0.00000000e+00 0.00000000e+00 0.00000000e+00 0.00000000e+00
 0.00000000e+00 0.00000000e+00 0.00000000e+00 0.00000000e+00
 1.10460022e+00 1.14033157e+00 0.00000000e+00 0.00000000e+00
 0.00000000e+00 1.10490235e+00 0.00000000e+00 0.00000000e+00
 0.00000000e+00 0.00000000e+00 0.00000000e+00 1.10780858e+00
 0.00000000e+00 0.00000000e+00 0.00000000e+00 0.00000000e+00
 0.00000000e+00 0.00000000e+00 0.00000000e+00 0.00000000e+00
 0.00000000e+00 0.00000000e+00 0.00000000e+00 0.00000000e+00
 0.00000000e+00 0.00000000e+00 0.00000000e+00 0.00000000e+00
 0.00000000e+00 0.00000000e+00 0.00000000e+00 0.00000000e+00
 0.00000000e+00 0.00000000e+00 0.00000000e+00 0.00000000e+00
 0.00000000e+00 0.00000000e+00 0.00000000e+00 0.00000000e+00
 0.00000000e+00 0.00000000e+00 0.00000000e+00 0.00000000e+00
 0.00000000e+00 0.00000000e+00 0.00000000e+00 0.00000000e+00
 0.00000000e+00 0.00000000e+00 0.00000000e+00 0.00000000e+00
 0.00000000e+00 0.00000000e+00 0.00000000e+00 0.00000000e+00
 0.00000000e+00 0.00000000e+00 0.00000000e+00 0.00000000e+00
 0.00000000e+00 0.00000000e+00 0.00000000e+00 0.00000000e+00
 0.00000000e+00 0.00000000e+00 0.00000000e+00 0.00000000e+00
 0.00000000e+00 0.00000000e+00 0.00000000e+00 0.00000000e+00
 0.00000000e+00 0.00000000e+00 0.00000000e+00 0.00000000e+00
 0.00000000e+00 0.00000000e+00 0.00000000e+00 0.00000000e+00
 0.00000000e+00 0.00000000e+00 0.00000000e+00 0.00000000e+00
 0.00000000e+00 0.00000000e+00 0.00000000e+00 0.00000000e+00
 0.00000000e+00 0.00000000e+00 0.00000000e+00 0.00000000e+00
 0.00000000e+00 0.00000000e+00 0.00000000e+00 0.00000000e+00
 0.00000000e+00 0.00000000e+00 0.00000000e+00 0.00000000e+00
 0.00000000e+00 0.00000000e+00 0.00000000e+00 0.00000000e+00
 0.00000000e+00 0.00000000e+00 0.00000000e+00 0.00000000e+00
 0.00000000e+00 0.00000000e+00 0.00000000e+00 0.00000000e+00
 0.00000000e+00 0.00000000e+00 1.09913638e+00 0.00000000e+00
 0.00000000e+00 0.00000000e+00 0.00000000e+00 0.00000000e+00
 1.12707485e+00 0.00000000e+00 1.09845564e+00 0.00000000e+00
 1.13248475e+00 0.00000000e+00 0.00000000e+00 1.10258663e+00
 0.00000000e+00 0.00000000e+00 0.00000000e+00 1.15799984e+00
 1.12601716e+00 0.00000000e+00 1.09379358e+00 1.10351177e+00
 0.00000000e+00 1.12890290e+00 0.00000000e+00 0.00000000e+00
 0.00000000e+00 1.10966571e+00 1.10987663e+00 0.00000000e+00
 0.00000000e+00 0.00000000e+00 0.00000000e+00 0.00000000e+00
 0.00000000e+00 0.00000000e+00 0.00000000e+00 0.00000000e+00
 0.00000000e+00 0.00000000e+00 0.00000000e+00 0.00000000e+00
 0.00000000e+00 0.00000000e+00 0.00000000e+00 0.00000000e+00
 0.00000000e+00 0.00000000e+00 0.00000000e+00 0.00000000e+00
 0.00000000e+00 0.00000000e+00 0.00000000e+00 0.00000000e+00
 0.00000000e+00 0.00000000e+00 0.00000000e+00 0.00000000e+00
 0.00000000e+00 0.00000000e+00 0.00000000e+00 0.00000000e+00
 1.10166768e+00 1.14925789e+00 1.12066753e+00 0.00000000e+00
 0.00000000e+00 1.12120603e+00 0.00000000e+00 0.00000000e+00
 0.00000000e+00 0.00000000e+00 0.00000000e+00 0.00000000e+00
 1.09713540e+00 0.00000000e+00 0.00000000e+00 1.09822071e+00
 0.00000000e+00 0.00000000e+00 0.00000000e+00 1.16906759e+00
 1.11024125e+00 0.00000000e+00 1.12582175e+00 1.15417249e+00
 1.13630042e+00 0.00000000e+00 0.00000000e+00 0.00000000e+00
 0.00000000e+00 0.00000000e+00 1.14210894e+00 0.00000000e+00
 0.00000000e+00 0.00000000e+00 0.00000000e+00 0.00000000e+00
 0.00000000e+00 0.00000000e+00 0.00000000e+00 0.00000000e+00
 0.00000000e+00 0.00000000e+00 0.00000000e+00 0.00000000e+00
 0.00000000e+00 0.00000000e+00 0.00000000e+00 0.00000000e+00
 0.00000000e+00 0.00000000e+00 0.00000000e+00 0.00000000e+00
 0.00000000e+00 0.00000000e+00 0.00000000e+00 0.00000000e+00
 0.00000000e+00 1.12571631e+00 1.09988630e+00 1.12407940e+00
 0.00000000e+00 1.14186599e+00 0.00000000e+00 0.00000000e+00
 0.00000000e+00 0.00000000e+00 0.00000000e+00 0.00000000e+00
 0.00000000e+00 0.00000000e+00 0.00000000e+00 0.00000000e+00
 0.00000000e+00 1.11299661e+00 0.00000000e+00 0.00000000e+00
 0.00000000e+00 0.00000000e+00 0.00000000e+00 0.00000000e+00
 0.00000000e+00 0.00000000e+00 3.55611398e-01 3.81907635e-01
 0.00000000e+00 3.87392718e-01 2.42093312e-01 4.57197060e+01
 9.03339667e-02 0.00000000e+00 0.00000000e+00 0.00000000e+00
 0.00000000e+00 0.00000000e+00 0.00000000e+00 0.00000000e+00
 0.00000000e+00 1.85132788e+00 1.61854045e+00 1.59636570e+00
 1.85427245e+00 1.54168859e+00 1.37392078e+00 4.05291051e+01
 1.24034055e+00 0.00000000e+00 1.09471380e+00 0.00000000e+00
 1.11411176e+00 0.00000000e+00 0.00000000e+00 0.00000000e+00
 0.00000000e+00 0.00000000e+00 0.00000000e+00 0.00000000e+00
 0.00000000e+00 0.00000000e+00 0.00000000e+00 0.00000000e+00
 0.00000000e+00 0.00000000e+00 0.00000000e+00 0.00000000e+00
 0.00000000e+00 0.00000000e+00 0.00000000e+00 0.00000000e+00
 2.84038440e+01 0.00000000e+00 0.00000000e+00 0.00000000e+00
 0.00000000e+00 0.00000000e+00 0.00000000e+00 0.00000000e+00
 0.00000000e+00 0.00000000e+00 0.00000000e+00 0.00000000e+00
 0.00000000e+00 0.00000000e+00 0.00000000e+00 0.00000000e+00
 0.00000000e+00 0.00000000e+00 0.00000000e+00 0.00000000e+00
 0.00000000e+00 0.00000000e+00 0.00000000e+00 1.35751266e+01
 0.00000000e+00 0.00000000e+00 0.00000000e+00 0.00000000e+00
 0.00000000e+00 0.00000000e+00 0.00000000e+00 0.00000000e+00
 0.00000000e+00 0.00000000e+00 0.00000000e+00 0.00000000e+00
 0.00000000e+00 0.00000000e+00 0.00000000e+00 0.00000000e+00
 0.00000000e+00 0.00000000e+00 0.00000000e+00 0.00000000e+00
 0.00000000e+00 0.00000000e+00 1.11143379e+00 0.00000000e+00
 0.00000000e+00 0.00000000e+00 0.00000000e+00 0.00000000e+00
 0.00000000e+00 0.00000000e+00 0.00000000e+00 0.00000000e+00
 0.00000000e+00 0.00000000e+00 0.00000000e+00 1.12205262e+00
 0.00000000e+00 1.09712061e+00 0.00000000e+00 1.12336740e+00
 0.00000000e+00 0.00000000e+00 0.00000000e+00 0.00000000e+00
 0.00000000e+00 0.00000000e+00 0.00000000e+00 0.00000000e+00
 0.00000000e+00 0.00000000e+00 0.00000000e+00 0.00000000e+00
 0.00000000e+00 0.00000000e+00 0.00000000e+00 0.00000000e+00
 0.00000000e+00 0.00000000e+00 0.00000000e+00 0.00000000e+00
 0.00000000e+00 0.00000000e+00 0.00000000e+00 0.00000000e+00
 0.00000000e+00 0.00000000e+00 0.00000000e+00 0.00000000e+00
 0.00000000e+00 0.00000000e+00 0.00000000e+00 0.00000000e+00
 0.00000000e+00 0.00000000e+00 0.00000000e+00 0.00000000e+00
 0.00000000e+00 0.00000000e+00 0.00000000e+00 0.00000000e+00
 0.00000000e+00 0.00000000e+00 0.00000000e+00 0.00000000e+00
 0.00000000e+00 0.00000000e+00 0.00000000e+00 0.00000000e+00
 0.00000000e+00 0.00000000e+00 0.00000000e+00 0.00000000e+00
 0.00000000e+00 0.00000000e+00 0.00000000e+00 0.00000000e+00
 0.00000000e+00 0.00000000e+00 0.00000000e+00 0.00000000e+00
 0.00000000e+00 0.00000000e+00 0.00000000e+00 0.00000000e+00
 0.00000000e+00 0.00000000e+00 0.00000000e+00 0.00000000e+00
 0.00000000e+00 0.00000000e+00 0.00000000e+00 0.00000000e+00
 0.00000000e+00 0.00000000e+00 0.00000000e+00 0.00000000e+00
 0.00000000e+00 0.00000000e+00 0.00000000e+00 0.00000000e+00
 0.00000000e+00 0.00000000e+00 0.00000000e+00 0.00000000e+00
 0.00000000e+00 0.00000000e+00 0.00000000e+00 0.00000000e+00
 0.00000000e+00 0.00000000e+00 0.00000000e+00 0.00000000e+00
 0.00000000e+00 0.00000000e+00 0.00000000e+00 0.00000000e+00
 0.00000000e+00 0.00000000e+00 0.00000000e+00 0.00000000e+00
 0.00000000e+00 0.00000000e+00 0.00000000e+00 0.00000000e+00
 0.00000000e+00 0.00000000e+00 0.00000000e+00 0.00000000e+00
 0.00000000e+00 1.11745519e+00 0.00000000e+00 0.00000000e+00
 1.11524527e+00 0.00000000e+00 1.11964690e+00 0.00000000e+00
 0.00000000e+00 0.00000000e+00 0.00000000e+00 0.00000000e+00
 0.00000000e+00 0.00000000e+00 0.00000000e+00 1.12168017e+00
 0.00000000e+00 0.00000000e+00 0.00000000e+00 0.00000000e+00
 0.00000000e+00 1.11805866e+00 0.00000000e+00 0.00000000e+00
 1.12721818e+00 1.13160021e+00 0.00000000e+00 1.11326850e+00
 0.00000000e+00 0.00000000e+00 0.00000000e+00 0.00000000e+00
 1.10570107e+00 0.00000000e+00 0.00000000e+00 0.00000000e+00
 0.00000000e+00 0.00000000e+00 0.00000000e+00 1.13950925e+00
 0.00000000e+00 0.00000000e+00 1.13633002e+00 0.00000000e+00
 1.12430516e+00 1.13122232e+00 1.09550715e+00 0.00000000e+00
 0.00000000e+00 0.00000000e+00 1.11803598e+00 1.10611177e+00
 1.12539937e+00 1.10192382e+00 1.18164658e+00 1.14304708e+00
 1.19692672e+00 1.17434101e+00 1.09543848e+00 1.20500841e+00
 1.17081813e+00 1.14009780e+00 1.13009420e+00 1.17281989e+00
 1.13826432e+00 1.12613746e+00 1.13343414e+00 1.14430827e+00
 0.00000000e+00 0.00000000e+00 2.61956949e-01 0.00000000e+00
 0.00000000e+00 0.00000000e+00 0.00000000e+00 0.00000000e+00
 0.00000000e+00 0.00000000e+00 0.00000000e+00 0.00000000e+00
 0.00000000e+00 0.00000000e+00 0.00000000e+00 0.00000000e+00
 0.00000000e+00 0.00000000e+00 0.00000000e+00 0.00000000e+00
 0.00000000e+00 1.18554961e-03 0.00000000e+00 0.00000000e+00
 0.00000000e+00 0.00000000e+00 0.00000000e+00 0.00000000e+00
 0.00000000e+00 0.00000000e+00 0.00000000e+00 0.00000000e+00
 1.20629256e+00 1.12322830e+00 9.00463948e-01 1.12165984e+00
 1.11902966e+00 1.20388548e+00 0.00000000e+00 1.17880510e+00
 1.17578678e+00 1.10167716e+00 1.18096834e+00 1.11098096e+00
 1.14909704e+00 0.00000000e+00 1.17375710e+00 1.11050883e+00
 0.00000000e+00 0.00000000e+00 0.00000000e+00 0.00000000e+00
 0.00000000e+00 0.00000000e+00 0.00000000e+00 0.00000000e+00
 0.00000000e+00 0.00000000e+00 0.00000000e+00 0.00000000e+00
 0.00000000e+00 0.00000000e+00 0.00000000e+00 0.00000000e+00]",-61446652415.41804,,,,,0.1950844000093639,True,,3.0,1.0,,parametric robust (γ=3.0),1.0,0.0,-67222119832.63449,2026332506.54384,0.0,0.0,400
bgetam,NETLIB,688,128,0.1,HiGHS-SAA,"[0. 0. 0. 0. 0. 0. 0. 0. 0. 0. 0. 0. 0. 0. 0. 0. 0. 0. 0. 0. 0. 0. 0. 0.
 0. 0. 0. 0. 0. 0. 0. 0. 0. 0. 0. 0. 0. 0. 0. 0. 0. 0. 0. 0. 0. 0. 0. 0.
 0. 0. 0. 0. 0. 0. 0. 0. 0. 0. 0. 0. 0. 0. 0. 0. 0. 0. 0. 0. 0. 0. 0. 0.
 0. 0. 0. 0. 0. 0. 0. 0. 0. 0. 0. 0. 0. 0. 0. 0. 0. 0. 0. 0. 0. 0. 0. 0.
 0. 0. 0. 0. 0. 0. 0. 0. 0. 0. 0. 0. 0. 0. 0. 0. 0. 0. 0. 0. 0. 0. 0. 0.
 0. 0. 0. 0. 0. 0. 0. 0. 0. 0. 0. 0. 0. 0. 0. 0. 0. 0. 0. 0. 0. 0. 0. 0.
 0. 0. 0. 0. 0. 0. 0. 0. 0. 0. 0. 0. 0. 0. 0. 0. 0. 0. 0. 0. 0. 0. 0. 0.
 0. 0. 0. 0. 0. 0. 0. 0. 0. 0. 0. 0. 0. 0. 0. 0. 0. 0. 0. 0. 0. 0. 0. 0.
 0. 0. 0. 0. 0. 0. 0. 0. 0. 0. 0. 0. 0. 0. 0. 0. 0. 0. 0. 0. 0. 0. 0. 0.
 0. 0. 0. 0. 0. 0. 0. 0. 0. 0. 0. 0. 0. 0. 0. 0. 0. 0. 0. 0. 0. 0. 0. 0.
 0. 0. 0. 0. 0. 0. 0. 0. 0. 0. 0. 0. 0. 0. 0. 0. 0. 0. 0. 0. 0. 0. 0. 0.
 0. 0. 0. 0. 0. 0. 0. 0. 0. 0. 0. 0. 0. 0. 0. 0. 0. 0. 0. 0. 0. 0. 0. 0.
 0. 0. 0. 0. 0. 0. 0. 0. 0. 0. 0. 0. 0. 0. 0. 0. 0. 0. 0. 0. 0. 0. 0. 0.
 0. 0. 0. 0. 0. 0. 0. 0. 0. 0. 0. 0. 0. 0. 0. 0. 0. 0. 0. 0. 0. 0. 0. 0.
 0. 0. 0. 0. 0. 0. 0. 0. 0. 0. 0. 0. 0. 0. 0. 0. 0. 0. 0. 0. 0. 0. 0. 0.
 0. 0. 0. 0. 0. 0. 0. 0. 0. 0. 0. 0. 0. 0. 0. 0. 0. 0. 0. 0. 0. 0. 0. 0.
 0. 0. 0. 0. 0. 0. 0. 0. 0. 0. 0. 0. 0. 0. 0. 0. 0. 0. 0. 0. 0. 0. 0. 0.
 0. 0. 0. 0. 0. 0. 0. 0. 0. 0. 0. 0. 0. 0. 0. 0. 0. 0. 0. 0. 0. 0. 0. 0.
 0. 0. 0. 0. 0. 0. 0. 0. 0. 0. 0. 0. 0. 0. 0. 0. 0. 0. 0. 0. 0. 0. 0. 0.
 0. 0. 0. 0. 0. 0. 0. 0. 0. 0. 0. 0. 0. 0. 0. 0. 0. 0. 0. 0. 0. 0. 0. 0.
 0. 0. 0. 0. 0. 0. 0. 0. 0. 0. 0. 0. 0. 0. 0. 0. 0. 0. 0. 0. 0. 0. 0. 0.
 0. 0. 0. 0. 0. 0. 0. 0. 0. 0. 0. 0. 0. 0. 0. 0. 0. 0. 0. 0. 0. 0. 0. 0.
 0. 0. 0. 0. 0. 0. 0. 0. 0. 0. 0. 0. 0. 0. 0. 0. 0. 0. 0. 0. 0. 0. 0. 0.
 0. 0. 0. 0. 0. 0. 0. 0. 0. 0. 0. 0. 0. 0. 0. 0. 0. 0. 0. 0. 0. 0. 0. 0.
 0. 0. 0. 0. 0. 0. 0. 0. 0. 0. 0. 0. 0. 0. 0. 0. 0. 0. 0. 0. 0. 0. 0. 0.
 0. 0. 0. 0. 0. 0. 0. 0. 0. 0. 0. 0. 0. 0. 0. 0. 0. 0. 0. 0. 0. 0. 0. 0.
 0. 0. 0. 0. 0. 0. 0. 0. 0. 0. 0. 0. 0. 0. 0. 0. 0. 0. 0. 0. 0. 0. 0. 0.
 0. 0. 0. 0. 0. 0. 0. 0. 0. 0. 0. 0. 0. 0. 0. 0. 0. 0. 0. 0. 0. 0. 0. 0.
 0. 0. 0. 0. 0. 0. 0. 0. 0. 0. 0. 0. 0. 0. 0. 0.]",,,,,,125.24926579999737,False,,,,,100,0.0,1.0,0.0,0.0,54.91806491909187,58.85688637572762,400
bgetam,NETLIB,688,128,0.1,Nominal-LP,"[0. 0. 0. 0. 0. 0. 0. 0. 0. 0. 0. 0. 0. 0. 0. 0. 0. 0. 0. 0. 0. 0. 0. 0.
 0. 0. 0. 0. 0. 0. 0. 0. 0. 0. 0. 0. 0. 0. 0. 0. 0. 0. 0. 0. 0. 0. 0. 0.
 0. 0. 0. 0. 0. 0. 0. 0. 0. 0. 0. 0. 0. 0. 0. 0. 0. 0. 0. 0. 0. 0. 0. 0.
 0. 0. 0. 0. 0. 0. 0. 0. 0. 0. 0. 0. 0. 0. 0. 0. 0. 0. 0. 0. 0. 0. 0. 0.
 0. 0. 0. 0. 0. 0. 0. 0. 0. 0. 0. 0. 0. 0. 0. 0. 0. 0. 0. 0. 0. 0. 0. 0.
 0. 0. 0. 0. 0. 0. 0. 0. 0. 0. 0. 0. 0. 0. 0. 0. 0. 0. 0. 0. 0. 0. 0. 0.
 0. 0. 0. 0. 0. 0. 0. 0. 0. 0. 0. 0. 0. 0. 0. 0. 0. 0. 0. 0. 0. 0. 0. 0.
 0. 0. 0. 0. 0. 0. 0. 0. 0. 0. 0. 0. 0. 0. 0. 0. 0. 0. 0. 0. 0. 0. 0. 0.
 0. 0. 0. 0. 0. 0. 0. 0. 0. 0. 0. 0. 0. 0. 0. 0. 0. 0. 0. 0. 0. 0. 0. 0.
 0. 0. 0. 0. 0. 0. 0. 0. 0. 0. 0. 0. 0. 0. 0. 0. 0. 0. 0. 0. 0. 0. 0. 0.
 0. 0. 0. 0. 0. 0. 0. 0. 0. 0. 0. 0. 0. 0. 0. 0. 0. 0. 0. 0. 0. 0. 0. 0.
 0. 0. 0. 0. 0. 0. 0. 0. 0. 0. 0. 0. 0. 0. 0. 0. 0. 0. 0. 0. 0. 0. 0. 0.
 0. 0. 0. 0. 0. 0. 0. 0. 0. 0. 0. 0. 0. 0. 0. 0. 0. 0. 0. 0. 0. 0. 0. 0.
 0. 0. 0. 0. 0. 0. 0. 0. 0. 0. 0. 0. 0. 0. 0. 0. 0. 0. 0. 0. 0. 0. 0. 0.
 0. 0. 0. 0. 0. 0. 0. 0. 0. 0. 0. 0. 0. 0. 0. 0. 0. 0. 0. 0. 0. 0. 0. 0.
 0. 0. 0. 0. 0. 0. 0. 0. 0. 0. 0. 0. 0. 0. 0. 0. 0. 0. 0. 0. 0. 0. 0. 0.
 0. 0. 0. 0. 0. 0. 0. 0. 0. 0. 0. 0. 0. 0. 0. 0. 0. 0. 0. 0. 0. 0. 0. 0.
 0. 0. 0. 0. 0. 0. 0. 0. 0. 0. 0. 0. 0. 0. 0. 0. 0. 0. 0. 0. 0. 0. 0. 0.
 0. 0. 0. 0. 0. 0. 0. 0. 0. 0. 0. 0. 0. 0. 0. 0. 0. 0. 0. 0. 0. 0. 0. 0.
 0. 0. 0. 0. 0. 0. 0. 0. 0. 0. 0. 0. 0. 0. 0. 0. 0. 0. 0. 0. 0. 0. 0. 0.
 0. 0. 0. 0. 0. 0. 0. 0. 0. 0. 0. 0. 0. 0. 0. 0. 0. 0. 0. 0. 0. 0. 0. 0.
 0. 0. 0. 0. 0. 0. 0. 0. 0. 0. 0. 0. 0. 0. 0. 0. 0. 0. 0. 0. 0. 0. 0. 0.
 0. 0. 0. 0. 0. 0. 0. 0. 0. 0. 0. 0. 0. 0. 0. 0. 0. 0. 0. 0. 0. 0. 0. 0.
 0. 0. 0. 0. 0. 0. 0. 0. 0. 0. 0. 0. 0. 0. 0. 0. 0. 0. 0. 0. 0. 0. 0. 0.
 0. 0. 0. 0. 0. 0. 0. 0. 0. 0. 0. 0. 0. 0. 0. 0. 0. 0. 0. 0. 0. 0. 0. 0.
 0. 0. 0. 0. 0. 0. 0. 0. 0. 0. 0. 0. 0. 0. 0. 0. 0. 0. 0. 0. 0. 0. 0. 0.
 0. 0. 0. 0. 0. 0. 0. 0. 0. 0. 0. 0. 0. 0. 0. 0. 0. 0. 0. 0. 0. 0. 0. 0.
 0. 0. 0. 0. 0. 0. 0. 0. 0. 0. 0. 0. 0. 0. 0. 0. 0. 0. 0. 0. 0. 0. 0. 0.
 0. 0. 0. 0. 0. 0. 0. 0. 0. 0. 0. 0. 0. 0. 0. 0.]",,,,,,0.01680119999218732,False,,,,,deterministic (mean only),0.0,1.0,0.0,0.0,54.91806491909187,58.85688637572762,400
bgetam,NETLIB,688,128,0.1,TSAR-No-calib,"[0.00000000e+00 0.00000000e+00 0.00000000e+00 0.00000000e+00
 0.00000000e+00 0.00000000e+00 0.00000000e+00 0.00000000e+00
 0.00000000e+00 0.00000000e+00 0.00000000e+00 0.00000000e+00
 0.00000000e+00 0.00000000e+00 0.00000000e+00 0.00000000e+00
 0.00000000e+00 0.00000000e+00 0.00000000e+00 0.00000000e+00
 0.00000000e+00 0.00000000e+00 0.00000000e+00 0.00000000e+00
 0.00000000e+00 0.00000000e+00 0.00000000e+00 0.00000000e+00
 0.00000000e+00 0.00000000e+00 0.00000000e+00 0.00000000e+00
 0.00000000e+00 0.00000000e+00 0.00000000e+00 0.00000000e+00
 0.00000000e+00 0.00000000e+00 0.00000000e+00 0.00000000e+00
 0.00000000e+00 0.00000000e+00 0.00000000e+00 0.00000000e+00
 0.00000000e+00 0.00000000e+00 0.00000000e+00 0.00000000e+00
 0.00000000e+00 0.00000000e+00 0.00000000e+00 0.00000000e+00
 0.00000000e+00 0.00000000e+00 0.00000000e+00 0.00000000e+00
 0.00000000e+00 0.00000000e+00 0.00000000e+00 0.00000000e+00
 0.00000000e+00 0.00000000e+00 0.00000000e+00 0.00000000e+00
 1.31930488e+08 0.00000000e+00 0.00000000e+00 0.00000000e+00
 0.00000000e+00 0.00000000e+00 0.00000000e+00 0.00000000e+00
 0.00000000e+00 0.00000000e+00 0.00000000e+00 0.00000000e+00
 0.00000000e+00 0.00000000e+00 0.00000000e+00 0.00000000e+00
 1.10731418e+00 1.13060181e+00 0.00000000e+00 0.00000000e+00
 0.00000000e+00 1.10751325e+00 0.00000000e+00 0.00000000e+00
 0.00000000e+00 0.00000000e+00 0.00000000e+00 1.10942628e+00
 0.00000000e+00 0.00000000e+00 0.00000000e+00 0.00000000e+00
 0.00000000e+00 0.00000000e+00 0.00000000e+00 0.00000000e+00
 0.00000000e+00 0.00000000e+00 0.00000000e+00 0.00000000e+00
 0.00000000e+00 0.00000000e+00 0.00000000e+00 0.00000000e+00
 0.00000000e+00 0.00000000e+00 0.00000000e+00 0.00000000e+00
 0.00000000e+00 0.00000000e+00 0.00000000e+00 0.00000000e+00
 0.00000000e+00 0.00000000e+00 0.00000000e+00 0.00000000e+00
 0.00000000e+00 0.00000000e+00 0.00000000e+00 0.00000000e+00
 0.00000000e+00 0.00000000e+00 0.00000000e+00 0.00000000e+00
 0.00000000e+00 0.00000000e+00 0.00000000e+00 0.00000000e+00
 0.00000000e+00 0.00000000e+00 0.00000000e+00 0.00000000e+00
 0.00000000e+00 0.00000000e+00 0.00000000e+00 0.00000000e+00
 0.00000000e+00 0.00000000e+00 0.00000000e+00 0.00000000e+00
 0.00000000e+00 0.00000000e+00 0.00000000e+00 0.00000000e+00
 0.00000000e+00 0.00000000e+00 0.00000000e+00 0.00000000e+00
 0.00000000e+00 0.00000000e+00 0.00000000e+00 0.00000000e+00
 0.00000000e+00 0.00000000e+00 0.00000000e+00 0.00000000e+00
 0.00000000e+00 0.00000000e+00 0.00000000e+00 0.00000000e+00
 0.00000000e+00 0.00000000e+00 0.00000000e+00 0.00000000e+00
 0.00000000e+00 0.00000000e+00 0.00000000e+00 0.00000000e+00
 0.00000000e+00 0.00000000e+00 0.00000000e+00 0.00000000e+00
 0.00000000e+00 0.00000000e+00 0.00000000e+00 0.00000000e+00
 0.00000000e+00 0.00000000e+00 0.00000000e+00 0.00000000e+00
 0.00000000e+00 0.00000000e+00 0.00000000e+00 0.00000000e+00
 0.00000000e+00 0.00000000e+00 0.00000000e+00 0.00000000e+00
 0.00000000e+00 0.00000000e+00 1.10370758e+00 0.00000000e+00
 0.00000000e+00 0.00000000e+00 0.00000000e+00 0.00000000e+00
 1.12202167e+00 0.00000000e+00 1.10325738e+00 0.00000000e+00
 1.12553156e+00 0.00000000e+00 0.00000000e+00 1.10598646e+00
 0.00000000e+00 0.00000000e+00 0.00000000e+00 1.14192933e+00
 1.12133408e+00 0.00000000e+00 1.10016902e+00 1.10659668e+00
 0.00000000e+00 1.12320900e+00 0.00000000e+00 0.00000000e+00
 0.00000000e+00 1.11064693e+00 1.11078547e+00 0.00000000e+00
 0.00000000e+00 0.00000000e+00 0.00000000e+00 0.00000000e+00
 0.00000000e+00 0.00000000e+00 0.00000000e+00 0.00000000e+00
 0.00000000e+00 0.00000000e+00 0.00000000e+00 0.00000000e+00
 0.00000000e+00 0.00000000e+00 0.00000000e+00 0.00000000e+00
 0.00000000e+00 0.00000000e+00 0.00000000e+00 0.00000000e+00
 0.00000000e+00 0.00000000e+00 0.00000000e+00 0.00000000e+00
 0.00000000e+00 0.00000000e+00 0.00000000e+00 0.00000000e+00
 0.00000000e+00 0.00000000e+00 0.00000000e+00 0.00000000e+00
 1.10537998e+00 1.13633998e+00 1.11784949e+00 0.00000000e+00
 0.00000000e+00 1.11820077e+00 0.00000000e+00 0.00000000e+00
 0.00000000e+00 0.00000000e+00 0.00000000e+00 0.00000000e+00
 1.10238370e+00 0.00000000e+00 0.00000000e+00 1.10310197e+00
 0.00000000e+00 0.00000000e+00 0.00000000e+00 1.14896310e+00
 1.11102494e+00 0.00000000e+00 1.12120699e+00 1.13948591e+00
 1.12800012e+00 0.00000000e+00 0.00000000e+00 0.00000000e+00
 0.00000000e+00 0.00000000e+00 1.13174687e+00 0.00000000e+00
 0.00000000e+00 0.00000000e+00 0.00000000e+00 0.00000000e+00
 0.00000000e+00 0.00000000e+00 0.00000000e+00 0.00000000e+00
 0.00000000e+00 0.00000000e+00 0.00000000e+00 0.00000000e+00
 0.00000000e+00 0.00000000e+00 0.00000000e+00 0.00000000e+00
 0.00000000e+00 0.00000000e+00 0.00000000e+00 0.00000000e+00
 0.00000000e+00 0.00000000e+00 0.00000000e+00 0.00000000e+00
 0.00000000e+00 1.12113842e+00 1.10420332e+00 1.12007320e+00
 0.00000000e+00 1.13159043e+00 0.00000000e+00 0.00000000e+00
 0.00000000e+00 0.00000000e+00 0.00000000e+00 0.00000000e+00
 0.00000000e+00 0.00000000e+00 0.00000000e+00 0.00000000e+00
 0.00000000e+00 1.11283275e+00 0.00000000e+00 0.00000000e+00
 0.00000000e+00 0.00000000e+00 0.00000000e+00 0.00000000e+00
 0.00000000e+00 0.00000000e+00 3.60728008e-01 3.77762205e-01
 0.00000000e+00 3.81573888e-01 2.40802622e-01 3.68984115e+01
 8.04026442e-02 0.00000000e+00 0.00000000e+00 0.00000000e+00
 0.00000000e+00 0.00000000e+00 0.00000000e+00 0.00000000e+00
 0.00000000e+00 1.85231603e+00 1.57024503e+00 1.55575330e+00
 1.85424791e+00 1.52106445e+00 1.36591844e+00 4.14786220e+01
 1.21639406e+00 0.00000000e+00 1.10077933e+00 0.00000000e+00
 1.11356353e+00 0.00000000e+00 0.00000000e+00 0.00000000e+00
 0.00000000e+00 0.00000000e+00 0.00000000e+00 0.00000000e+00
 0.00000000e+00 0.00000000e+00 0.00000000e+00 0.00000000e+00
 0.00000000e+00 0.00000000e+00 0.00000000e+00 0.00000000e+00
 0.00000000e+00 0.00000000e+00 0.00000000e+00 0.00000000e+00
 1.25157938e+01 0.00000000e+00 0.00000000e+00 0.00000000e+00
 0.00000000e+00 0.00000000e+00 0.00000000e+00 0.00000000e+00
 0.00000000e+00 0.00000000e+00 0.00000000e+00 0.00000000e+00
 0.00000000e+00 0.00000000e+00 0.00000000e+00 0.00000000e+00
 0.00000000e+00 0.00000000e+00 0.00000000e+00 0.00000000e+00
 0.00000000e+00 0.00000000e+00 0.00000000e+00 0.00000000e+00
 0.00000000e+00 0.00000000e+00 0.00000000e+00 0.00000000e+00
 0.00000000e+00 0.00000000e+00 0.00000000e+00 0.00000000e+00
 0.00000000e+00 0.00000000e+00 0.00000000e+00 0.00000000e+00
 0.00000000e+00 0.00000000e+00 0.00000000e+00 0.00000000e+00
 0.00000000e+00 0.00000000e+00 0.00000000e+00 0.00000000e+00
 0.00000000e+00 0.00000000e+00 1.11180774e+00 0.00000000e+00
 0.00000000e+00 0.00000000e+00 0.00000000e+00 0.00000000e+00
 0.00000000e+00 0.00000000e+00 0.00000000e+00 0.00000000e+00
 0.00000000e+00 0.00000000e+00 0.00000000e+00 1.11875280e+00
 0.00000000e+00 1.10237391e+00 0.00000000e+00 1.11960954e+00
 0.00000000e+00 0.00000000e+00 0.00000000e+00 0.00000000e+00
 0.00000000e+00 0.00000000e+00 0.00000000e+00 0.00000000e+00
 0.00000000e+00 0.00000000e+00 0.00000000e+00 0.00000000e+00
 0.00000000e+00 0.00000000e+00 0.00000000e+00 0.00000000e+00
 0.00000000e+00 0.00000000e+00 0.00000000e+00 0.00000000e+00
 0.00000000e+00 0.00000000e+00 0.00000000e+00 0.00000000e+00
 0.00000000e+00 0.00000000e+00 0.00000000e+00 0.00000000e+00
 0.00000000e+00 0.00000000e+00 0.00000000e+00 0.00000000e+00
 0.00000000e+00 0.00000000e+00 0.00000000e+00 0.00000000e+00
 0.00000000e+00 0.00000000e+00 0.00000000e+00 0.00000000e+00
 0.00000000e+00 0.00000000e+00 0.00000000e+00 0.00000000e+00
 0.00000000e+00 0.00000000e+00 0.00000000e+00 0.00000000e+00
 0.00000000e+00 0.00000000e+00 0.00000000e+00 0.00000000e+00
 0.00000000e+00 0.00000000e+00 0.00000000e+00 0.00000000e+00
 0.00000000e+00 0.00000000e+00 0.00000000e+00 0.00000000e+00
 0.00000000e+00 0.00000000e+00 0.00000000e+00 0.00000000e+00
 0.00000000e+00 0.00000000e+00 0.00000000e+00 0.00000000e+00
 0.00000000e+00 0.00000000e+00 0.00000000e+00 0.00000000e+00
 0.00000000e+00 0.00000000e+00 0.00000000e+00 0.00000000e+00
 0.00000000e+00 0.00000000e+00 0.00000000e+00 0.00000000e+00
 0.00000000e+00 0.00000000e+00 0.00000000e+00 0.00000000e+00
 0.00000000e+00 0.00000000e+00 0.00000000e+00 0.00000000e+00
 0.00000000e+00 0.00000000e+00 0.00000000e+00 0.00000000e+00
 0.00000000e+00 0.00000000e+00 0.00000000e+00 0.00000000e+00
 0.00000000e+00 0.00000000e+00 0.00000000e+00 0.00000000e+00
 0.00000000e+00 0.00000000e+00 0.00000000e+00 0.00000000e+00
 0.00000000e+00 0.00000000e+00 0.00000000e+00 0.00000000e+00
 0.00000000e+00 1.11575152e+00 0.00000000e+00 0.00000000e+00
 1.11430582e+00 0.00000000e+00 1.11718337e+00 0.00000000e+00
 0.00000000e+00 0.00000000e+00 0.00000000e+00 0.00000000e+00
 0.00000000e+00 0.00000000e+00 0.00000000e+00 1.11850997e+00
 0.00000000e+00 0.00000000e+00 0.00000000e+00 0.00000000e+00
 0.00000000e+00 1.11614597e+00 0.00000000e+00 0.00000000e+00
 1.12211481e+00 1.12495848e+00 0.00000000e+00 1.11301097e+00
 0.00000000e+00 0.00000000e+00 0.00000000e+00 0.00000000e+00
 1.10803936e+00 0.00000000e+00 0.00000000e+00 0.00000000e+00
 0.00000000e+00 0.00000000e+00 0.00000000e+00 1.13007161e+00
 0.00000000e+00 0.00000000e+00 1.12801925e+00 0.00000000e+00
 1.12022018e+00 1.12471355e+00 1.10130521e+00 0.00000000e+00
 0.00000000e+00 0.00000000e+00 1.11613114e+00 1.10830978e+00
 1.12093225e+00 1.10554906e+00 1.15690003e+00 1.13235077e+00
 1.16646028e+00 1.15229784e+00 1.10125970e+00 1.17148118e+00
 1.15007127e+00 1.13045112e+00 1.12398204e+00 1.15133703e+00
 1.12926842e+00 1.12141230e+00 1.12614632e+00 1.13316206e+00
 0.00000000e+00 0.00000000e+00 2.73383457e-01 0.00000000e+00
 0.00000000e+00 0.00000000e+00 0.00000000e+00 0.00000000e+00
 0.00000000e+00 0.00000000e+00 0.00000000e+00 0.00000000e+00
 0.00000000e+00 0.00000000e+00 0.00000000e+00 0.00000000e+00
 0.00000000e+00 0.00000000e+00 0.00000000e+00 0.00000000e+00
 0.00000000e+00 0.00000000e+00 0.00000000e+00 0.00000000e+00
 0.00000000e+00 0.00000000e+00 0.00000000e+00 0.00000000e+00
 0.00000000e+00 0.00000000e+00 0.00000000e+00 0.00000000e+00
 1.17227674e+00 1.11951893e+00 8.70776593e-01 1.11849671e+00
 1.11678032e+00 1.17153213e+00 1.01723886e-01 1.15511244e+00
 1.15321023e+00 1.10538623e+00 1.15647362e+00 1.11151057e+00
 1.13623686e+00 1.11357049e+00 1.15192912e+00 1.11120063e+00
 0.00000000e+00 0.00000000e+00 0.00000000e+00 0.00000000e+00
 0.00000000e+00 0.00000000e+00 0.00000000e+00 0.00000000e+00
 0.00000000e+00 0.00000000e+00 0.00000000e+00 0.00000000e+00
 0.00000000e+00 0.00000000e+00 0.00000000e+00 0.00000000e+00]",-102851636249.07127,-102851636249.07127,3048564404.9934645,-108826822482.85846,-96876450015.28409,0.40585789998294786,True,0.0,2.0,0.27,fixed_γ=2.0,No-calibration(fixed γ=2.0),0.3325,0.6675,-102513511868.50208,3090150414.421593,0.05491647221969029,0.2249607144686856,400
bgetam,NETLIB,688,128,0.2,FuzzyPD-LP,"[0.00000000e+00 0.00000000e+00 0.00000000e+00 0.00000000e+00
 0.00000000e+00 0.00000000e+00 0.00000000e+00 0.00000000e+00
 0.00000000e+00 0.00000000e+00 0.00000000e+00 0.00000000e+00
 0.00000000e+00 0.00000000e+00 0.00000000e+00 0.00000000e+00
 0.00000000e+00 0.00000000e+00 0.00000000e+00 0.00000000e+00
 0.00000000e+00 0.00000000e+00 0.00000000e+00 0.00000000e+00
 0.00000000e+00 0.00000000e+00 0.00000000e+00 0.00000000e+00
 0.00000000e+00 0.00000000e+00 0.00000000e+00 0.00000000e+00
 0.00000000e+00 0.00000000e+00 0.00000000e+00 0.00000000e+00
 0.00000000e+00 0.00000000e+00 0.00000000e+00 0.00000000e+00
 0.00000000e+00 0.00000000e+00 0.00000000e+00 0.00000000e+00
 0.00000000e+00 0.00000000e+00 0.00000000e+00 0.00000000e+00
 0.00000000e+00 0.00000000e+00 0.00000000e+00 0.00000000e+00
 0.00000000e+00 0.00000000e+00 0.00000000e+00 0.00000000e+00
 0.00000000e+00 0.00000000e+00 0.00000000e+00 0.00000000e+00
 0.00000000e+00 0.00000000e+00 0.00000000e+00 0.00000000e+00
 2.62119019e+07 0.00000000e+00 0.00000000e+00 0.00000000e+00
 0.00000000e+00 0.00000000e+00 0.00000000e+00 0.00000000e+00
 0.00000000e+00 0.00000000e+00 0.00000000e+00 0.00000000e+00
 0.00000000e+00 0.00000000e+00 0.00000000e+00 0.00000000e+00
 6.19227542e-01 7.00443597e-01 0.00000000e+00 0.00000000e+00
 0.00000000e+00 6.19854742e-01 0.00000000e+00 0.00000000e+00
 0.00000000e+00 0.00000000e+00 0.00000000e+00 6.25935628e-01
 0.00000000e+00 0.00000000e+00 0.00000000e+00 0.00000000e+00
 0.00000000e+00 0.00000000e+00 0.00000000e+00 0.00000000e+00
 0.00000000e+00 0.00000000e+00 0.00000000e+00 0.00000000e+00
 0.00000000e+00 0.00000000e+00 0.00000000e+00 0.00000000e+00
 0.00000000e+00 0.00000000e+00 0.00000000e+00 0.00000000e+00
 0.00000000e+00 0.00000000e+00 0.00000000e+00 0.00000000e+00
 0.00000000e+00 0.00000000e+00 0.00000000e+00 0.00000000e+00
 0.00000000e+00 0.00000000e+00 0.00000000e+00 0.00000000e+00
 0.00000000e+00 0.00000000e+00 0.00000000e+00 0.00000000e+00
 0.00000000e+00 0.00000000e+00 0.00000000e+00 0.00000000e+00
 0.00000000e+00 0.00000000e+00 0.00000000e+00 0.00000000e+00
 0.00000000e+00 0.00000000e+00 0.00000000e+00 0.00000000e+00
 0.00000000e+00 0.00000000e+00 0.00000000e+00 0.00000000e+00
 0.00000000e+00 0.00000000e+00 0.00000000e+00 0.00000000e+00
 0.00000000e+00 0.00000000e+00 0.00000000e+00 0.00000000e+00
 0.00000000e+00 0.00000000e+00 0.00000000e+00 0.00000000e+00
 0.00000000e+00 0.00000000e+00 0.00000000e+00 0.00000000e+00
 0.00000000e+00 0.00000000e+00 0.00000000e+00 0.00000000e+00
 0.00000000e+00 0.00000000e+00 0.00000000e+00 0.00000000e+00
 0.00000000e+00 0.00000000e+00 0.00000000e+00 0.00000000e+00
 0.00000000e+00 0.00000000e+00 0.00000000e+00 0.00000000e+00
 0.00000000e+00 0.00000000e+00 0.00000000e+00 0.00000000e+00
 0.00000000e+00 0.00000000e+00 0.00000000e+00 0.00000000e+00
 0.00000000e+00 0.00000000e+00 0.00000000e+00 0.00000000e+00
 0.00000000e+00 0.00000000e+00 0.00000000e+00 0.00000000e+00
 0.00000000e+00 0.00000000e+00 6.08042670e-01 0.00000000e+00
 0.00000000e+00 0.00000000e+00 0.00000000e+00 0.00000000e+00
 6.68559753e-01 0.00000000e+00 6.06669773e-01 0.00000000e+00
 6.81303273e-01 0.00000000e+00 0.00000000e+00 6.15070983e-01
 0.00000000e+00 0.00000000e+00 0.00000000e+00 7.46632735e-01
 6.66109825e-01 0.00000000e+00 5.97387100e-01 6.16975632e-01
 0.00000000e+00 6.72825802e-01 0.00000000e+00 0.00000000e+00
 0.00000000e+00 6.29867221e-01 6.30316040e-01 0.00000000e+00
 0.00000000e+00 0.00000000e+00 0.00000000e+00 0.00000000e+00
 0.00000000e+00 0.00000000e+00 0.00000000e+00 0.00000000e+00
 0.00000000e+00 0.00000000e+00 0.00000000e+00 0.00000000e+00
 0.00000000e+00 0.00000000e+00 0.00000000e+00 0.00000000e+00
 0.00000000e+00 0.00000000e+00 0.00000000e+00 0.00000000e+00
 0.00000000e+00 0.00000000e+00 0.00000000e+00 0.00000000e+00
 0.00000000e+00 0.00000000e+00 0.00000000e+00 0.00000000e+00
 0.00000000e+00 0.00000000e+00 0.00000000e+00 0.00000000e+00
 6.13187548e-01 7.23219330e-01 6.53920550e-01 0.00000000e+00
 0.00000000e+00 6.55132487e-01 0.00000000e+00 0.00000000e+00
 0.00000000e+00 0.00000000e+00 0.00000000e+00 0.00000000e+00
 6.04019936e-01 0.00000000e+00 0.00000000e+00 6.06197029e-01
 0.00000000e+00 0.00000000e+00 0.00000000e+00 7.77979434e-01
 6.31093020e-01 0.00000000e+00 6.65658657e-01 7.36241874e-01
 6.90511207e-01 0.00000000e+00 0.00000000e+00 0.00000000e+00
 0.00000000e+00 0.00000000e+00 7.04891340e-01 0.00000000e+00
 0.00000000e+00 0.00000000e+00 0.00000000e+00 0.00000000e+00
 0.00000000e+00 0.00000000e+00 0.00000000e+00 0.00000000e+00
 0.00000000e+00 0.00000000e+00 0.00000000e+00 0.00000000e+00
 0.00000000e+00 0.00000000e+00 0.00000000e+00 0.00000000e+00
 0.00000000e+00 0.00000000e+00 0.00000000e+00 0.00000000e+00
 0.00000000e+00 0.00000000e+00 0.00000000e+00 0.00000000e+00
 0.00000000e+00 6.65415413e-01 6.09560324e-01 6.61655909e-01
 0.00000000e+00 7.04280862e-01 0.00000000e+00 0.00000000e+00
 0.00000000e+00 0.00000000e+00 0.00000000e+00 0.00000000e+00
 0.00000000e+00 0.00000000e+00 0.00000000e+00 0.00000000e+00
 0.00000000e+00 6.37010167e-01 0.00000000e+00 0.00000000e+00
 0.00000000e+00 0.00000000e+00 0.00000000e+00 0.00000000e+00
 0.00000000e+00 0.00000000e+00 1.82049921e-01 2.46529071e-01
 0.00000000e+00 2.51503427e-01 1.44747305e-01 5.24797382e+01
 1.02340505e-01 0.00000000e+00 0.00000000e+00 0.00000000e+00
 0.00000000e+00 0.00000000e+00 0.00000000e+00 0.00000000e+00
 0.00000000e+00 1.05379910e+00 1.19960214e+00 1.14996367e+00
 1.06012445e+00 9.90129498e-01 8.24232813e-01 7.41983007e+01
 8.53622140e-01 0.00000000e+00 5.99202999e-01 0.00000000e+00
 6.39428152e-01 0.00000000e+00 0.00000000e+00 0.00000000e+00
 0.00000000e+00 0.00000000e+00 0.00000000e+00 0.00000000e+00
 0.00000000e+00 0.00000000e+00 0.00000000e+00 0.00000000e+00
 0.00000000e+00 0.00000000e+00 0.00000000e+00 0.00000000e+00
 0.00000000e+00 0.00000000e+00 0.00000000e+00 0.00000000e+00
 1.73959938e+01 0.00000000e+00 0.00000000e+00 0.00000000e+00
 0.00000000e+00 0.00000000e+00 0.00000000e+00 0.00000000e+00
 0.00000000e+00 0.00000000e+00 0.00000000e+00 0.00000000e+00
 0.00000000e+00 0.00000000e+00 0.00000000e+00 0.00000000e+00
 0.00000000e+00 0.00000000e+00 0.00000000e+00 0.00000000e+00
 0.00000000e+00 0.00000000e+00 0.00000000e+00 7.42059257e+00
 0.00000000e+00 0.00000000e+00 0.00000000e+00 0.00000000e+00
 0.00000000e+00 0.00000000e+00 0.00000000e+00 0.00000000e+00
 0.00000000e+00 0.00000000e+00 0.00000000e+00 0.00000000e+00
 0.00000000e+00 0.00000000e+00 0.00000000e+00 0.00000000e+00
 0.00000000e+00 0.00000000e+00 0.00000000e+00 0.00000000e+00
 0.00000000e+00 0.00000000e+00 6.33644039e-01 0.00000000e+00
 0.00000000e+00 0.00000000e+00 0.00000000e+00 0.00000000e+00
 0.00000000e+00 0.00000000e+00 0.00000000e+00 0.00000000e+00
 0.00000000e+00 0.00000000e+00 0.00000000e+00 6.57044558e-01
 0.00000000e+00 6.03990357e-01 0.00000000e+00 6.60030499e-01
 0.00000000e+00 0.00000000e+00 0.00000000e+00 0.00000000e+00
 0.00000000e+00 0.00000000e+00 0.00000000e+00 0.00000000e+00
 0.00000000e+00 0.00000000e+00 0.00000000e+00 0.00000000e+00
 0.00000000e+00 0.00000000e+00 0.00000000e+00 0.00000000e+00
 0.00000000e+00 0.00000000e+00 0.00000000e+00 0.00000000e+00
 0.00000000e+00 0.00000000e+00 0.00000000e+00 0.00000000e+00
 0.00000000e+00 0.00000000e+00 0.00000000e+00 0.00000000e+00
 0.00000000e+00 0.00000000e+00 0.00000000e+00 0.00000000e+00
 0.00000000e+00 0.00000000e+00 0.00000000e+00 0.00000000e+00
 0.00000000e+00 0.00000000e+00 0.00000000e+00 0.00000000e+00
 0.00000000e+00 0.00000000e+00 0.00000000e+00 0.00000000e+00
 0.00000000e+00 0.00000000e+00 0.00000000e+00 0.00000000e+00
 0.00000000e+00 0.00000000e+00 0.00000000e+00 0.00000000e+00
 0.00000000e+00 0.00000000e+00 0.00000000e+00 0.00000000e+00
 0.00000000e+00 0.00000000e+00 0.00000000e+00 0.00000000e+00
 0.00000000e+00 0.00000000e+00 0.00000000e+00 0.00000000e+00
 0.00000000e+00 0.00000000e+00 0.00000000e+00 0.00000000e+00
 0.00000000e+00 0.00000000e+00 0.00000000e+00 0.00000000e+00
 0.00000000e+00 0.00000000e+00 0.00000000e+00 0.00000000e+00
 0.00000000e+00 0.00000000e+00 0.00000000e+00 0.00000000e+00
 0.00000000e+00 0.00000000e+00 0.00000000e+00 0.00000000e+00
 0.00000000e+00 0.00000000e+00 0.00000000e+00 0.00000000e+00
 0.00000000e+00 0.00000000e+00 0.00000000e+00 0.00000000e+00
 0.00000000e+00 0.00000000e+00 0.00000000e+00 0.00000000e+00
 0.00000000e+00 0.00000000e+00 0.00000000e+00 0.00000000e+00
 0.00000000e+00 0.00000000e+00 0.00000000e+00 0.00000000e+00
 0.00000000e+00 0.00000000e+00 0.00000000e+00 0.00000000e+00
 0.00000000e+00 6.46759304e-01 0.00000000e+00 0.00000000e+00
 6.41899805e-01 0.00000000e+00 6.51632609e-01 0.00000000e+00
 0.00000000e+00 0.00000000e+00 0.00000000e+00 0.00000000e+00
 0.00000000e+00 0.00000000e+00 0.00000000e+00 6.56202345e-01
 0.00000000e+00 0.00000000e+00 0.00000000e+00 0.00000000e+00
 0.00000000e+00 6.48095759e-01 0.00000000e+00 0.00000000e+00
 6.68892764e-01 6.79194988e-01 0.00000000e+00 6.37598460e-01
 0.00000000e+00 0.00000000e+00 0.00000000e+00 0.00000000e+00
 6.21517330e-01 0.00000000e+00 0.00000000e+00 0.00000000e+00
 0.00000000e+00 0.00000000e+00 0.00000000e+00 6.98400110e-01
 0.00000000e+00 0.00000000e+00 6.90583370e-01 0.00000000e+00
 6.62172542e-01 6.78297251e-01 6.00774949e-01 0.00000000e+00
 0.00000000e+00 0.00000000e+00 6.48045449e-01 6.22374762e-01
 6.64685017e-01 6.13711668e-01 8.16143852e-01 7.07256178e-01
 8.66581332e-01 7.93634405e-01 6.00638650e-01 8.95277045e-01
 7.83122795e-01 6.99861764e-01 6.75627791e-01 7.89069000e-01
 6.95323426e-01 6.66387790e-01 6.83577068e-01 7.10454285e-01
 0.00000000e+00 0.00000000e+00 2.59640779e-01 0.00000000e+00
 0.00000000e+00 0.00000000e+00 0.00000000e+00 0.00000000e+00
 0.00000000e+00 0.00000000e+00 0.00000000e+00 0.00000000e+00
 0.00000000e+00 0.00000000e+00 0.00000000e+00 0.00000000e+00
 0.00000000e+00 0.00000000e+00 0.00000000e+00 0.00000000e+00
 0.00000000e+00 7.59862187e-02 0.00000000e+00 0.00000000e+00
 0.00000000e+00 0.00000000e+00 0.00000000e+00 0.00000000e+00
 0.00000000e+00 0.00000000e+00 0.00000000e+00 0.00000000e+00
 8.99975617e-01 6.59713658e-01 4.75696107e-01 6.56156408e-01
 6.50254699e-01 8.13427989e-01 0.00000000e+00 8.07272155e-01
 7.98011755e-01 6.13206928e-01 8.14012457e-01 6.32673595e-01
 7.22799055e-01 0.00000000e+00 7.91877058e-01 6.31664101e-01
 0.00000000e+00 0.00000000e+00 0.00000000e+00 0.00000000e+00
 0.00000000e+00 0.00000000e+00 0.00000000e+00 0.00000000e+00
 0.00000000e+00 0.00000000e+00 0.00000000e+00 0.00000000e+00
 0.00000000e+00 0.00000000e+00 0.00000000e+00 0.00000000e+00]",-20434526130.614788,-20434526130.614788,1211375360.8807428,-22808821837.941044,-18060230423.288532,187.86352169999736,True,0.0,5.0,1.0,BS,BS(γ=5.0)+AdvSAA(100)+Combo,1.0,0.0,-20300169269.77114,1227899947.698114,0.0,0.0,400
bgetam,NETLIB,688,128,0.2,Bertsimas-Sim(γ=3.0),"[0.00000000e+00 0.00000000e+00 0.00000000e+00 0.00000000e+00
 0.00000000e+00 0.00000000e+00 0.00000000e+00 0.00000000e+00
 0.00000000e+00 0.00000000e+00 0.00000000e+00 0.00000000e+00
 0.00000000e+00 0.00000000e+00 0.00000000e+00 0.00000000e+00
 0.00000000e+00 0.00000000e+00 0.00000000e+00 0.00000000e+00
 0.00000000e+00 0.00000000e+00 0.00000000e+00 0.00000000e+00
 0.00000000e+00 0.00000000e+00 0.00000000e+00 0.00000000e+00
 0.00000000e+00 0.00000000e+00 0.00000000e+00 0.00000000e+00
 0.00000000e+00 0.00000000e+00 0.00000000e+00 0.00000000e+00
 0.00000000e+00 0.00000000e+00 0.00000000e+00 0.00000000e+00
 0.00000000e+00 0.00000000e+00 0.00000000e+00 0.00000000e+00
 0.00000000e+00 0.00000000e+00 0.00000000e+00 0.00000000e+00
 0.00000000e+00 0.00000000e+00 0.00000000e+00 0.00000000e+00
 0.00000000e+00 0.00000000e+00 0.00000000e+00 0.00000000e+00
 0.00000000e+00 0.00000000e+00 0.00000000e+00 0.00000000e+00
 0.00000000e+00 0.00000000e+00 0.00000000e+00 0.00000000e+00
 6.56975194e+07 0.00000000e+00 0.00000000e+00 0.00000000e+00
 0.00000000e+00 0.00000000e+00 0.00000000e+00 0.00000000e+00
 0.00000000e+00 0.00000000e+00 0.00000000e+00 0.00000000e+00
 0.00000000e+00 0.00000000e+00 0.00000000e+00 0.00000000e+00
 8.76084206e-01 9.37440591e-01 0.00000000e+00 0.00000000e+00
 0.00000000e+00 8.76584883e-01 0.00000000e+00 0.00000000e+00
 0.00000000e+00 0.00000000e+00 0.00000000e+00 8.81416295e-01
 0.00000000e+00 0.00000000e+00 0.00000000e+00 0.00000000e+00
 0.00000000e+00 0.00000000e+00 0.00000000e+00 0.00000000e+00
 0.00000000e+00 0.00000000e+00 0.00000000e+00 0.00000000e+00
 0.00000000e+00 0.00000000e+00 0.00000000e+00 0.00000000e+00
 0.00000000e+00 0.00000000e+00 0.00000000e+00 0.00000000e+00
 0.00000000e+00 0.00000000e+00 0.00000000e+00 0.00000000e+00
 0.00000000e+00 0.00000000e+00 0.00000000e+00 0.00000000e+00
 0.00000000e+00 0.00000000e+00 0.00000000e+00 0.00000000e+00
 0.00000000e+00 0.00000000e+00 0.00000000e+00 0.00000000e+00
 0.00000000e+00 0.00000000e+00 0.00000000e+00 0.00000000e+00
 0.00000000e+00 0.00000000e+00 0.00000000e+00 0.00000000e+00
 0.00000000e+00 0.00000000e+00 0.00000000e+00 0.00000000e+00
 0.00000000e+00 0.00000000e+00 0.00000000e+00 0.00000000e+00
 0.00000000e+00 0.00000000e+00 0.00000000e+00 0.00000000e+00
 0.00000000e+00 0.00000000e+00 0.00000000e+00 0.00000000e+00
 0.00000000e+00 0.00000000e+00 0.00000000e+00 0.00000000e+00
 0.00000000e+00 0.00000000e+00 0.00000000e+00 0.00000000e+00
 0.00000000e+00 0.00000000e+00 0.00000000e+00 0.00000000e+00
 0.00000000e+00 0.00000000e+00 0.00000000e+00 0.00000000e+00
 0.00000000e+00 0.00000000e+00 0.00000000e+00 0.00000000e+00
 0.00000000e+00 0.00000000e+00 0.00000000e+00 0.00000000e+00
 0.00000000e+00 0.00000000e+00 0.00000000e+00 0.00000000e+00
 0.00000000e+00 0.00000000e+00 0.00000000e+00 0.00000000e+00
 0.00000000e+00 0.00000000e+00 0.00000000e+00 0.00000000e+00
 0.00000000e+00 0.00000000e+00 0.00000000e+00 0.00000000e+00
 0.00000000e+00 0.00000000e+00 8.67080862e-01 0.00000000e+00
 0.00000000e+00 0.00000000e+00 0.00000000e+00 0.00000000e+00
 9.14160996e-01 0.00000000e+00 8.65965891e-01 0.00000000e+00
 9.23585537e-01 0.00000000e+00 0.00000000e+00 8.72754942e-01
 0.00000000e+00 0.00000000e+00 0.00000000e+00 9.69465467e-01
 9.12330395e-01 0.00000000e+00 8.58369772e-01 8.74282922e-01
 0.00000000e+00 9.17334104e-01 0.00000000e+00 0.00000000e+00
 0.00000000e+00 8.84518206e-01 8.84871229e-01 0.00000000e+00
 0.00000000e+00 0.00000000e+00 0.00000000e+00 0.00000000e+00
 0.00000000e+00 0.00000000e+00 0.00000000e+00 0.00000000e+00
 0.00000000e+00 0.00000000e+00 0.00000000e+00 0.00000000e+00
 0.00000000e+00 0.00000000e+00 0.00000000e+00 0.00000000e+00
 0.00000000e+00 0.00000000e+00 0.00000000e+00 0.00000000e+00
 0.00000000e+00 0.00000000e+00 0.00000000e+00 0.00000000e+00
 0.00000000e+00 0.00000000e+00 0.00000000e+00 0.00000000e+00
 0.00000000e+00 0.00000000e+00 0.00000000e+00 0.00000000e+00
 8.71239938e-01 9.53474285e-01 9.03130950e-01 0.00000000e+00
 0.00000000e+00 9.04052507e-01 0.00000000e+00 0.00000000e+00
 0.00000000e+00 0.00000000e+00 0.00000000e+00 0.00000000e+00
 8.63807724e-01 0.00000000e+00 0.00000000e+00 8.65581459e-01
 0.00000000e+00 0.00000000e+00 0.00000000e+00 9.90133272e-01
 8.85481847e-01 0.00000000e+00 9.11992613e-01 9.62428644e-01
 9.30295198e-01 0.00000000e+00 0.00000000e+00 0.00000000e+00
 0.00000000e+00 0.00000000e+00 9.40609788e-01 0.00000000e+00
 0.00000000e+00 0.00000000e+00 0.00000000e+00 0.00000000e+00
 0.00000000e+00 0.00000000e+00 0.00000000e+00 0.00000000e+00
 0.00000000e+00 0.00000000e+00 0.00000000e+00 0.00000000e+00
 0.00000000e+00 0.00000000e+00 0.00000000e+00 0.00000000e+00
 0.00000000e+00 0.00000000e+00 0.00000000e+00 0.00000000e+00
 0.00000000e+00 0.00000000e+00 0.00000000e+00 0.00000000e+00
 0.00000000e+00 9.11810414e-01 8.68310872e-01 9.08986710e-01
 0.00000000e+00 9.40175905e-01 0.00000000e+00 0.00000000e+00
 0.00000000e+00 0.00000000e+00 0.00000000e+00 0.00000000e+00
 0.00000000e+00 0.00000000e+00 0.00000000e+00 0.00000000e+00
 0.00000000e+00 8.90110427e-01 0.00000000e+00 0.00000000e+00
 0.00000000e+00 0.00000000e+00 0.00000000e+00 0.00000000e+00
 0.00000000e+00 0.00000000e+00 2.71781706e-01 3.18040887e-01
 0.00000000e+00 3.25368855e-01 1.96937710e-01 4.76488267e+01
 9.86659333e-02 0.00000000e+00 0.00000000e+00 0.00000000e+00
 0.00000000e+00 0.00000000e+00 0.00000000e+00 0.00000000e+00
 0.00000000e+00 1.47735494e+00 1.42942900e+00 1.39162785e+00
 1.48230195e+00 1.28864122e+00 1.11929253e+00 5.31548761e+01
 1.06080555e+00 0.00000000e+00 8.59863659e-01 0.00000000e+00
 8.91990920e-01 0.00000000e+00 0.00000000e+00 0.00000000e+00
 0.00000000e+00 0.00000000e+00 0.00000000e+00 0.00000000e+00
 0.00000000e+00 0.00000000e+00 0.00000000e+00 0.00000000e+00
 0.00000000e+00 0.00000000e+00 0.00000000e+00 0.00000000e+00
 0.00000000e+00 0.00000000e+00 0.00000000e+00 0.00000000e+00
 2.33759035e+01 0.00000000e+00 0.00000000e+00 0.00000000e+00
 0.00000000e+00 0.00000000e+00 0.00000000e+00 0.00000000e+00
 0.00000000e+00 0.00000000e+00 0.00000000e+00 0.00000000e+00
 0.00000000e+00 0.00000000e+00 0.00000000e+00 0.00000000e+00
 0.00000000e+00 0.00000000e+00 0.00000000e+00 0.00000000e+00
 0.00000000e+00 0.00000000e+00 0.00000000e+00 1.06570287e+01
 0.00000000e+00 0.00000000e+00 0.00000000e+00 0.00000000e+00
 0.00000000e+00 0.00000000e+00 0.00000000e+00 0.00000000e+00
 0.00000000e+00 0.00000000e+00 0.00000000e+00 0.00000000e+00
 0.00000000e+00 0.00000000e+00 0.00000000e+00 0.00000000e+00
 0.00000000e+00 0.00000000e+00 0.00000000e+00 0.00000000e+00
 0.00000000e+00 0.00000000e+00 8.87482011e-01 0.00000000e+00
 0.00000000e+00 0.00000000e+00 0.00000000e+00 0.00000000e+00
 0.00000000e+00 0.00000000e+00 0.00000000e+00 0.00000000e+00
 0.00000000e+00 0.00000000e+00 0.00000000e+00 9.05503333e-01
 0.00000000e+00 8.63783587e-01 0.00000000e+00 9.07761395e-01
 0.00000000e+00 0.00000000e+00 0.00000000e+00 0.00000000e+00
 0.00000000e+00 0.00000000e+00 0.00000000e+00 0.00000000e+00
 0.00000000e+00 0.00000000e+00 0.00000000e+00 0.00000000e+00
 0.00000000e+00 0.00000000e+00 0.00000000e+00 0.00000000e+00
 0.00000000e+00 0.00000000e+00 0.00000000e+00 0.00000000e+00
 0.00000000e+00 0.00000000e+00 0.00000000e+00 0.00000000e+00
 0.00000000e+00 0.00000000e+00 0.00000000e+00 0.00000000e+00
 0.00000000e+00 0.00000000e+00 0.00000000e+00 0.00000000e+00
 0.00000000e+00 0.00000000e+00 0.00000000e+00 0.00000000e+00
 0.00000000e+00 0.00000000e+00 0.00000000e+00 0.00000000e+00
 0.00000000e+00 0.00000000e+00 0.00000000e+00 0.00000000e+00
 0.00000000e+00 0.00000000e+00 0.00000000e+00 0.00000000e+00
 0.00000000e+00 0.00000000e+00 0.00000000e+00 0.00000000e+00
 0.00000000e+00 0.00000000e+00 0.00000000e+00 0.00000000e+00
 0.00000000e+00 0.00000000e+00 0.00000000e+00 0.00000000e+00
 0.00000000e+00 0.00000000e+00 0.00000000e+00 0.00000000e+00
 0.00000000e+00 0.00000000e+00 0.00000000e+00 0.00000000e+00
 0.00000000e+00 0.00000000e+00 0.00000000e+00 0.00000000e+00
 0.00000000e+00 0.00000000e+00 0.00000000e+00 0.00000000e+00
 0.00000000e+00 0.00000000e+00 0.00000000e+00 0.00000000e+00
 0.00000000e+00 0.00000000e+00 0.00000000e+00 0.00000000e+00
 0.00000000e+00 0.00000000e+00 0.00000000e+00 0.00000000e+00
 0.00000000e+00 0.00000000e+00 0.00000000e+00 0.00000000e+00
 0.00000000e+00 0.00000000e+00 0.00000000e+00 0.00000000e+00
 0.00000000e+00 0.00000000e+00 0.00000000e+00 0.00000000e+00
 0.00000000e+00 0.00000000e+00 0.00000000e+00 0.00000000e+00
 0.00000000e+00 0.00000000e+00 0.00000000e+00 0.00000000e+00
 0.00000000e+00 8.97654081e-01 0.00000000e+00 0.00000000e+00
 8.93906643e-01 0.00000000e+00 9.01387013e-01 0.00000000e+00
 0.00000000e+00 0.00000000e+00 0.00000000e+00 0.00000000e+00
 0.00000000e+00 0.00000000e+00 0.00000000e+00 9.04864754e-01
 0.00000000e+00 0.00000000e+00 0.00000000e+00 0.00000000e+00
 0.00000000e+00 8.98680296e-01 0.00000000e+00 0.00000000e+00
 9.14409353e-01 9.22037534e-01 0.00000000e+00 8.90568530e-01
 0.00000000e+00 0.00000000e+00 0.00000000e+00 0.00000000e+00
 8.77909948e-01 0.00000000e+00 0.00000000e+00 0.00000000e+00
 0.00000000e+00 0.00000000e+00 0.00000000e+00 9.35978226e-01
 0.00000000e+00 0.00000000e+00 9.30347455e-01 0.00000000e+00
 9.09375604e-01 9.21377035e-01 8.61153734e-01 0.00000000e+00
 0.00000000e+00 0.00000000e+00 8.98641698e-01 8.78592103e-01
 9.11262958e-01 8.71661936e-01 1.01421566e+00 9.42287228e-01
 1.04435312e+00 1.00015112e+00 8.61041990e-01 1.06070027e+00
 9.93446405e-01 9.37024623e-01 9.19408272e-01 9.97250008e-01
 9.33768957e-01 9.12538398e-01 9.25250142e-01 9.44547386e-01
 0.00000000e+00 0.00000000e+00 2.66327826e-01 0.00000000e+00
 0.00000000e+00 0.00000000e+00 0.00000000e+00 0.00000000e+00
 0.00000000e+00 0.00000000e+00 0.00000000e+00 0.00000000e+00
 0.00000000e+00 0.00000000e+00 0.00000000e+00 0.00000000e+00
 0.00000000e+00 0.00000000e+00 0.00000000e+00 0.00000000e+00
 0.00000000e+00 4.08188241e-02 0.00000000e+00 0.00000000e+00
 0.00000000e+00 0.00000000e+00 0.00000000e+00 0.00000000e+00
 0.00000000e+00 0.00000000e+00 0.00000000e+00 0.00000000e+00
 1.06332441e+00 9.07522227e-01 7.05221981e-01 9.04829903e-01
 9.00334078e-01 1.01848467e+00 0.00000000e+00 1.00871933e+00
 1.00291720e+00 8.71255547e-01 1.01290069e+00 8.86721958e-01
 9.53182756e-01 0.00000000e+00 9.99036373e-01 8.85930229e-01
 0.00000000e+00 0.00000000e+00 0.00000000e+00 0.00000000e+00
 0.00000000e+00 0.00000000e+00 0.00000000e+00 0.00000000e+00
 0.00000000e+00 0.00000000e+00 0.00000000e+00 0.00000000e+00
 0.00000000e+00 0.00000000e+00 0.00000000e+00 0.00000000e+00]",-42108528046.53413,,,,,0.307109399989713,True,,3.0,1.0,,parametric robust (γ=3.0),1.0,0.0,-50880350741.928024,3077608821.1199164,0.0,0.0,400
bgetam,NETLIB,688,128,0.2,HiGHS-SAA,"[0. 0. 0. 0. 0. 0. 0. 0. 0. 0. 0. 0. 0. 0. 0. 0. 0. 0. 0. 0. 0. 0. 0. 0.
 0. 0. 0. 0. 0. 0. 0. 0. 0. 0. 0. 0. 0. 0. 0. 0. 0. 0. 0. 0. 0. 0. 0. 0.
 0. 0. 0. 0. 0. 0. 0. 0. 0. 0. 0. 0. 0. 0. 0. 0. 0. 0. 0. 0. 0. 0. 0. 0.
 0. 0. 0. 0. 0. 0. 0. 0. 0. 0. 0. 0. 0. 0. 0. 0. 0. 0. 0. 0. 0. 0. 0. 0.
 0. 0. 0. 0. 0. 0. 0. 0. 0. 0. 0. 0. 0. 0. 0. 0. 0. 0. 0. 0. 0. 0. 0. 0.
 0. 0. 0. 0. 0. 0. 0. 0. 0. 0. 0. 0. 0. 0. 0. 0. 0. 0. 0. 0. 0. 0. 0. 0.
 0. 0. 0. 0. 0. 0. 0. 0. 0. 0. 0. 0. 0. 0. 0. 0. 0. 0. 0. 0. 0. 0. 0. 0.
 0. 0. 0. 0. 0. 0. 0. 0. 0. 0. 0. 0. 0. 0. 0. 0. 0. 0. 0. 0. 0. 0. 0. 0.
 0. 0. 0. 0. 0. 0. 0. 0. 0. 0. 0. 0. 0. 0. 0. 0. 0. 0. 0. 0. 0. 0. 0. 0.
 0. 0. 0. 0. 0. 0. 0. 0. 0. 0. 0. 0. 0. 0. 0. 0. 0. 0. 0. 0. 0. 0. 0. 0.
 0. 0. 0. 0. 0. 0. 0. 0. 0. 0. 0. 0. 0. 0. 0. 0. 0. 0. 0. 0. 0. 0. 0. 0.
 0. 0. 0. 0. 0. 0. 0. 0. 0. 0. 0. 0. 0. 0. 0. 0. 0. 0. 0. 0. 0. 0. 0. 0.
 0. 0. 0. 0. 0. 0. 0. 0. 0. 0. 0. 0. 0. 0. 0. 0. 0. 0. 0. 0. 0. 0. 0. 0.
 0. 0. 0. 0. 0. 0. 0. 0. 0. 0. 0. 0. 0. 0. 0. 0. 0. 0. 0. 0. 0. 0. 0. 0.
 0. 0. 0. 0. 0. 0. 0. 0. 0. 0. 0. 0. 0. 0. 0. 0. 0. 0. 0. 0. 0. 0. 0. 0.
 0. 0. 0. 0. 0. 0. 0. 0. 0. 0. 0. 0. 0. 0. 0. 0. 0. 0. 0. 0. 0. 0. 0. 0.
 0. 0. 0. 0. 0. 0. 0. 0. 0. 0. 0. 0. 0. 0. 0. 0. 0. 0. 0. 0. 0. 0. 0. 0.
 0. 0. 0. 0. 0. 0. 0. 0. 0. 0. 0. 0. 0. 0. 0. 0. 0. 0. 0. 0. 0. 0. 0. 0.
 0. 0. 0. 0. 0. 0. 0. 0. 0. 0. 0. 0. 0. 0. 0. 0. 0. 0. 0. 0. 0. 0. 0. 0.
 0. 0. 0. 0. 0. 0. 0. 0. 0. 0. 0. 0. 0. 0. 0. 0. 0. 0. 0. 0. 0. 0. 0. 0.
 0. 0. 0. 0. 0. 0. 0. 0. 0. 0. 0. 0. 0. 0. 0. 0. 0. 0. 0. 0. 0. 0. 0. 0.
 0. 0. 0. 0. 0. 0. 0. 0. 0. 0. 0. 0. 0. 0. 0. 0. 0. 0. 0. 0. 0. 0. 0. 0.
 0. 0. 0. 0. 0. 0. 0. 0. 0. 0. 0. 0. 0. 0. 0. 0. 0. 0. 0. 0. 0. 0. 0. 0.
 0. 0. 0. 0. 0. 0. 0. 0. 0. 0. 0. 0. 0. 0. 0. 0. 0. 0. 0. 0. 0. 0. 0. 0.
 0. 0. 0. 0. 0. 0. 0. 0. 0. 0. 0. 0. 0. 0. 0. 0. 0. 0. 0. 0. 0. 0. 0. 0.
 0. 0. 0. 0. 0. 0. 0. 0. 0. 0. 0. 0. 0. 0. 0. 0. 0. 0. 0. 0. 0. 0. 0. 0.
 0. 0. 0. 0. 0. 0. 0. 0. 0. 0. 0. 0. 0. 0. 0. 0. 0. 0. 0. 0. 0. 0. 0. 0.
 0. 0. 0. 0. 0. 0. 0. 0. 0. 0. 0. 0. 0. 0. 0. 0. 0. 0. 0. 0. 0. 0. 0. 0.
 0. 0. 0. 0. 0. 0. 0. 0. 0. 0. 0. 0. 0. 0. 0. 0.]",,,,,,126.53131359998952,False,,,,,100,0.0,1.0,0.0,0.0,54.83612983837656,62.713772742377756,400
bgetam,NETLIB,688,128,0.2,Nominal-LP,"[0. 0. 0. 0. 0. 0. 0. 0. 0. 0. 0. 0. 0. 0. 0. 0. 0. 0. 0. 0. 0. 0. 0. 0.
 0. 0. 0. 0. 0. 0. 0. 0. 0. 0. 0. 0. 0. 0. 0. 0. 0. 0. 0. 0. 0. 0. 0. 0.
 0. 0. 0. 0. 0. 0. 0. 0. 0. 0. 0. 0. 0. 0. 0. 0. 0. 0. 0. 0. 0. 0. 0. 0.
 0. 0. 0. 0. 0. 0. 0. 0. 0. 0. 0. 0. 0. 0. 0. 0. 0. 0. 0. 0. 0. 0. 0. 0.
 0. 0. 0. 0. 0. 0. 0. 0. 0. 0. 0. 0. 0. 0. 0. 0. 0. 0. 0. 0. 0. 0. 0. 0.
 0. 0. 0. 0. 0. 0. 0. 0. 0. 0. 0. 0. 0. 0. 0. 0. 0. 0. 0. 0. 0. 0. 0. 0.
 0. 0. 0. 0. 0. 0. 0. 0. 0. 0. 0. 0. 0. 0. 0. 0. 0. 0. 0. 0. 0. 0. 0. 0.
 0. 0. 0. 0. 0. 0. 0. 0. 0. 0. 0. 0. 0. 0. 0. 0. 0. 0. 0. 0. 0. 0. 0. 0.
 0. 0. 0. 0. 0. 0. 0. 0. 0. 0. 0. 0. 0. 0. 0. 0. 0. 0. 0. 0. 0. 0. 0. 0.
 0. 0. 0. 0. 0. 0. 0. 0. 0. 0. 0. 0. 0. 0. 0. 0. 0. 0. 0. 0. 0. 0. 0. 0.
 0. 0. 0. 0. 0. 0. 0. 0. 0. 0. 0. 0. 0. 0. 0. 0. 0. 0. 0. 0. 0. 0. 0. 0.
 0. 0. 0. 0. 0. 0. 0. 0. 0. 0. 0. 0. 0. 0. 0. 0. 0. 0. 0. 0. 0. 0. 0. 0.
 0. 0. 0. 0. 0. 0. 0. 0. 0. 0. 0. 0. 0. 0. 0. 0. 0. 0. 0. 0. 0. 0. 0. 0.
 0. 0. 0. 0. 0. 0. 0. 0. 0. 0. 0. 0. 0. 0. 0. 0. 0. 0. 0. 0. 0. 0. 0. 0.
 0. 0. 0. 0. 0. 0. 0. 0. 0. 0. 0. 0. 0. 0. 0. 0. 0. 0. 0. 0. 0. 0. 0. 0.
 0. 0. 0. 0. 0. 0. 0. 0. 0. 0. 0. 0. 0. 0. 0. 0. 0. 0. 0. 0. 0. 0. 0. 0.
 0. 0. 0. 0. 0. 0. 0. 0. 0. 0. 0. 0. 0. 0. 0. 0. 0. 0. 0. 0. 0. 0. 0. 0.
 0. 0. 0. 0. 0. 0. 0. 0. 0. 0. 0. 0. 0. 0. 0. 0. 0. 0. 0. 0. 0. 0. 0. 0.
 0. 0. 0. 0. 0. 0. 0. 0. 0. 0. 0. 0. 0. 0. 0. 0. 0. 0. 0. 0. 0. 0. 0. 0.
 0. 0. 0. 0. 0. 0. 0. 0. 0. 0. 0. 0. 0. 0. 0. 0. 0. 0. 0. 0. 0. 0. 0. 0.
 0. 0. 0. 0. 0. 0. 0. 0. 0. 0. 0. 0. 0. 0. 0. 0. 0. 0. 0. 0. 0. 0. 0. 0.
 0. 0. 0. 0. 0. 0. 0. 0. 0. 0. 0. 0. 0. 0. 0. 0. 0. 0. 0. 0. 0. 0. 0. 0.
 0. 0. 0. 0. 0. 0. 0. 0. 0. 0. 0. 0. 0. 0. 0. 0. 0. 0. 0. 0. 0. 0. 0. 0.
 0. 0. 0. 0. 0. 0. 0. 0. 0. 0. 0. 0. 0. 0. 0. 0. 0. 0. 0. 0. 0. 0. 0. 0.
 0. 0. 0. 0. 0. 0. 0. 0. 0. 0. 0. 0. 0. 0. 0. 0. 0. 0. 0. 0. 0. 0. 0. 0.
 0. 0. 0. 0. 0. 0. 0. 0. 0. 0. 0. 0. 0. 0. 0. 0. 0. 0. 0. 0. 0. 0. 0. 0.
 0. 0. 0. 0. 0. 0. 0. 0. 0. 0. 0. 0. 0. 0. 0. 0. 0. 0. 0. 0. 0. 0. 0. 0.
 0. 0. 0. 0. 0. 0. 0. 0. 0. 0. 0. 0. 0. 0. 0. 0. 0. 0. 0. 0. 0. 0. 0. 0.
 0. 0. 0. 0. 0. 0. 0. 0. 0. 0. 0. 0. 0. 0. 0. 0.]",,,,,,0.018786000000545755,False,,,,,deterministic (mean only),0.0,1.0,0.0,0.0,54.83612983837656,62.713772742377756,400
bgetam,NETLIB,688,128,0.2,TSAR-No-calib,"[0.00000000e+00 0.00000000e+00 0.00000000e+00 0.00000000e+00
 0.00000000e+00 0.00000000e+00 0.00000000e+00 0.00000000e+00
 0.00000000e+00 0.00000000e+00 0.00000000e+00 0.00000000e+00
 0.00000000e+00 0.00000000e+00 0.00000000e+00 0.00000000e+00
 0.00000000e+00 0.00000000e+00 0.00000000e+00 0.00000000e+00
 0.00000000e+00 0.00000000e+00 0.00000000e+00 0.00000000e+00
 0.00000000e+00 0.00000000e+00 0.00000000e+00 0.00000000e+00
 0.00000000e+00 0.00000000e+00 0.00000000e+00 0.00000000e+00
 0.00000000e+00 0.00000000e+00 0.00000000e+00 0.00000000e+00
 0.00000000e+00 0.00000000e+00 0.00000000e+00 0.00000000e+00
 0.00000000e+00 0.00000000e+00 0.00000000e+00 0.00000000e+00
 0.00000000e+00 0.00000000e+00 0.00000000e+00 0.00000000e+00
 0.00000000e+00 0.00000000e+00 0.00000000e+00 0.00000000e+00
 0.00000000e+00 0.00000000e+00 0.00000000e+00 0.00000000e+00
 0.00000000e+00 0.00000000e+00 0.00000000e+00 0.00000000e+00
 0.00000000e+00 0.00000000e+00 0.00000000e+00 0.00000000e+00
 1.18669910e+08 0.00000000e+00 0.00000000e+00 0.00000000e+00
 0.00000000e+00 0.00000000e+00 0.00000000e+00 0.00000000e+00
 0.00000000e+00 0.00000000e+00 0.00000000e+00 0.00000000e+00
 0.00000000e+00 0.00000000e+00 0.00000000e+00 0.00000000e+00
 1.02465222e+00 1.06999818e+00 0.00000000e+00 0.00000000e+00
 0.00000000e+00 1.02503130e+00 0.00000000e+00 0.00000000e+00
 0.00000000e+00 0.00000000e+00 0.00000000e+00 1.02868158e+00
 0.00000000e+00 0.00000000e+00 0.00000000e+00 0.00000000e+00
 0.00000000e+00 0.00000000e+00 0.00000000e+00 0.00000000e+00
 0.00000000e+00 0.00000000e+00 0.00000000e+00 0.00000000e+00
 0.00000000e+00 0.00000000e+00 0.00000000e+00 0.00000000e+00
 0.00000000e+00 0.00000000e+00 0.00000000e+00 0.00000000e+00
 0.00000000e+00 0.00000000e+00 0.00000000e+00 0.00000000e+00
 0.00000000e+00 0.00000000e+00 0.00000000e+00 0.00000000e+00
 0.00000000e+00 0.00000000e+00 0.00000000e+00 0.00000000e+00
 0.00000000e+00 0.00000000e+00 0.00000000e+00 0.00000000e+00
 0.00000000e+00 0.00000000e+00 0.00000000e+00 0.00000000e+00
 0.00000000e+00 0.00000000e+00 0.00000000e+00 0.00000000e+00
 0.00000000e+00 0.00000000e+00 0.00000000e+00 0.00000000e+00
 0.00000000e+00 0.00000000e+00 0.00000000e+00 0.00000000e+00
 0.00000000e+00 0.00000000e+00 0.00000000e+00 0.00000000e+00
 0.00000000e+00 0.00000000e+00 0.00000000e+00 0.00000000e+00
 0.00000000e+00 0.00000000e+00 0.00000000e+00 0.00000000e+00
 0.00000000e+00 0.00000000e+00 0.00000000e+00 0.00000000e+00
 0.00000000e+00 0.00000000e+00 0.00000000e+00 0.00000000e+00
 0.00000000e+00 0.00000000e+00 0.00000000e+00 0.00000000e+00
 0.00000000e+00 0.00000000e+00 0.00000000e+00 0.00000000e+00
 0.00000000e+00 0.00000000e+00 0.00000000e+00 0.00000000e+00
 0.00000000e+00 0.00000000e+00 0.00000000e+00 0.00000000e+00
 0.00000000e+00 0.00000000e+00 0.00000000e+00 0.00000000e+00
 0.00000000e+00 0.00000000e+00 0.00000000e+00 0.00000000e+00
 0.00000000e+00 0.00000000e+00 0.00000000e+00 0.00000000e+00
 0.00000000e+00 0.00000000e+00 1.01780916e+00 0.00000000e+00
 0.00000000e+00 0.00000000e+00 0.00000000e+00 0.00000000e+00
 1.05305281e+00 0.00000000e+00 1.01695825e+00 0.00000000e+00
 1.05995052e+00 0.00000000e+00 0.00000000e+00 1.02212757e+00
 0.00000000e+00 0.00000000e+00 0.00000000e+00 1.09280937e+00
 1.05170703e+00 0.00000000e+00 1.01114070e+00 1.02328711e+00
 0.00000000e+00 1.05538092e+00 0.00000000e+00 0.00000000e+00
 0.00000000e+00 1.03101772e+00 1.03128322e+00 0.00000000e+00
 0.00000000e+00 0.00000000e+00 0.00000000e+00 0.00000000e+00
 0.00000000e+00 0.00000000e+00 0.00000000e+00 0.00000000e+00
 0.00000000e+00 0.00000000e+00 0.00000000e+00 0.00000000e+00
 0.00000000e+00 0.00000000e+00 0.00000000e+00 0.00000000e+00
 0.00000000e+00 0.00000000e+00 0.00000000e+00 0.00000000e+00
 0.00000000e+00 0.00000000e+00 0.00000000e+00 0.00000000e+00
 0.00000000e+00 0.00000000e+00 0.00000000e+00 0.00000000e+00
 0.00000000e+00 0.00000000e+00 0.00000000e+00 0.00000000e+00
 1.02097647e+00 1.08149018e+00 1.04491432e+00 0.00000000e+00
 0.00000000e+00 1.04559702e+00 0.00000000e+00 0.00000000e+00
 0.00000000e+00 0.00000000e+00 0.00000000e+00 0.00000000e+00
 1.01530904e+00 0.00000000e+00 0.00000000e+00 1.01666469e+00
 0.00000000e+00 0.00000000e+00 0.00000000e+00 1.10723253e+00
 1.03174228e+00 0.00000000e+00 1.05145850e+00 1.08784577e+00
 1.06483005e+00 0.00000000e+00 0.00000000e+00 0.00000000e+00
 0.00000000e+00 0.00000000e+00 1.07228114e+00 0.00000000e+00
 0.00000000e+00 0.00000000e+00 0.00000000e+00 0.00000000e+00
 0.00000000e+00 0.00000000e+00 0.00000000e+00 0.00000000e+00
 0.00000000e+00 0.00000000e+00 0.00000000e+00 0.00000000e+00
 0.00000000e+00 0.00000000e+00 0.00000000e+00 0.00000000e+00
 0.00000000e+00 0.00000000e+00 0.00000000e+00 0.00000000e+00
 0.00000000e+00 0.00000000e+00 0.00000000e+00 0.00000000e+00
 0.00000000e+00 1.05132441e+00 1.01874697e+00 1.04924386e+00
 0.00000000e+00 1.07196892e+00 0.00000000e+00 0.00000000e+00
 0.00000000e+00 0.00000000e+00 0.00000000e+00 0.00000000e+00
 0.00000000e+00 0.00000000e+00 0.00000000e+00 0.00000000e+00
 0.00000000e+00 1.03521472e+00 0.00000000e+00 0.00000000e+00
 0.00000000e+00 0.00000000e+00 0.00000000e+00 0.00000000e+00
 0.00000000e+00 0.00000000e+00 3.25911153e-01 3.59517490e-01
 0.00000000e+00 3.65993002e-01 2.26400170e-01 4.62105395e+01
 9.37094441e-02 0.00000000e+00 0.00000000e+00 0.00000000e+00
 0.00000000e+00 0.00000000e+00 0.00000000e+00 0.00000000e+00
 0.00000000e+00 1.72073640e+00 1.55362937e+00 1.52556034e+00
 1.72444743e+00 1.45414655e+00 1.28549170e+00 4.45159120e+01
 1.17786440e+00 0.00000000e+00 1.01228763e+00 0.00000000e+00
 1.03662183e+00 0.00000000e+00 0.00000000e+00 0.00000000e+00
 0.00000000e+00 0.00000000e+00 0.00000000e+00 0.00000000e+00
 0.00000000e+00 0.00000000e+00 0.00000000e+00 0.00000000e+00
 0.00000000e+00 0.00000000e+00 0.00000000e+00 0.00000000e+00
 0.00000000e+00 0.00000000e+00 0.00000000e+00 0.00000000e+00
 2.66705950e+01 0.00000000e+00 0.00000000e+00 0.00000000e+00
 0.00000000e+00 0.00000000e+00 0.00000000e+00 0.00000000e+00
 0.00000000e+00 0.00000000e+00 0.00000000e+00 0.00000000e+00
 0.00000000e+00 0.00000000e+00 0.00000000e+00 0.00000000e+00
 0.00000000e+00 0.00000000e+00 0.00000000e+00 0.00000000e+00
 0.00000000e+00 0.00000000e+00 0.00000000e+00 1.25507610e+01
 0.00000000e+00 0.00000000e+00 0.00000000e+00 0.00000000e+00
 0.00000000e+00 0.00000000e+00 0.00000000e+00 0.00000000e+00
 0.00000000e+00 0.00000000e+00 0.00000000e+00 0.00000000e+00
 0.00000000e+00 0.00000000e+00 0.00000000e+00 0.00000000e+00
 0.00000000e+00 0.00000000e+00 0.00000000e+00 0.00000000e+00
 0.00000000e+00 0.00000000e+00 1.03324442e+00 0.00000000e+00
 0.00000000e+00 0.00000000e+00 0.00000000e+00 0.00000000e+00
 0.00000000e+00 0.00000000e+00 0.00000000e+00 0.00000000e+00
 0.00000000e+00 0.00000000e+00 0.00000000e+00 1.04667080e+00
 0.00000000e+00 1.01529058e+00 0.00000000e+00 1.04833957e+00
 0.00000000e+00 0.00000000e+00 0.00000000e+00 0.00000000e+00
 0.00000000e+00 0.00000000e+00 0.00000000e+00 0.00000000e+00
 0.00000000e+00 0.00000000e+00 0.00000000e+00 0.00000000e+00
 0.00000000e+00 0.00000000e+00 0.00000000e+00 0.00000000e+00
 0.00000000e+00 0.00000000e+00 0.00000000e+00 0.00000000e+00
 0.00000000e+00 0.00000000e+00 0.00000000e+00 0.00000000e+00
 0.00000000e+00 0.00000000e+00 0.00000000e+00 0.00000000e+00
 0.00000000e+00 0.00000000e+00 0.00000000e+00 0.00000000e+00
 0.00000000e+00 0.00000000e+00 0.00000000e+00 0.00000000e+00
 0.00000000e+00 0.00000000e+00 0.00000000e+00 0.00000000e+00
 0.00000000e+00 0.00000000e+00 0.00000000e+00 0.00000000e+00
 0.00000000e+00 0.00000000e+00 0.00000000e+00 0.00000000e+00
 0.00000000e+00 0.00000000e+00 0.00000000e+00 0.00000000e+00
 0.00000000e+00 0.00000000e+00 0.00000000e+00 0.00000000e+00
 0.00000000e+00 0.00000000e+00 0.00000000e+00 0.00000000e+00
 0.00000000e+00 0.00000000e+00 0.00000000e+00 0.00000000e+00
 0.00000000e+00 0.00000000e+00 0.00000000e+00 0.00000000e+00
 0.00000000e+00 0.00000000e+00 0.00000000e+00 0.00000000e+00
 0.00000000e+00 0.00000000e+00 0.00000000e+00 0.00000000e+00
 0.00000000e+00 0.00000000e+00 0.00000000e+00 0.00000000e+00
 0.00000000e+00 0.00000000e+00 0.00000000e+00 0.00000000e+00
 0.00000000e+00 0.00000000e+00 0.00000000e+00 0.00000000e+00
 0.00000000e+00 0.00000000e+00 0.00000000e+00 0.00000000e+00
 0.00000000e+00 0.00000000e+00 0.00000000e+00 0.00000000e+00
 0.00000000e+00 0.00000000e+00 0.00000000e+00 0.00000000e+00
 0.00000000e+00 0.00000000e+00 0.00000000e+00 0.00000000e+00
 0.00000000e+00 0.00000000e+00 0.00000000e+00 0.00000000e+00
 0.00000000e+00 1.04084662e+00 0.00000000e+00 0.00000000e+00
 1.03805312e+00 0.00000000e+00 1.04362102e+00 0.00000000e+00
 0.00000000e+00 0.00000000e+00 0.00000000e+00 0.00000000e+00
 0.00000000e+00 0.00000000e+00 0.00000000e+00 1.04619833e+00
 0.00000000e+00 0.00000000e+00 0.00000000e+00 0.00000000e+00
 0.00000000e+00 1.04161015e+00 0.00000000e+00 0.00000000e+00
 1.05323524e+00 1.05882108e+00 0.00000000e+00 1.03555770e+00
 0.00000000e+00 0.00000000e+00 0.00000000e+00 0.00000000e+00
 1.02603384e+00 0.00000000e+00 0.00000000e+00 0.00000000e+00
 0.00000000e+00 0.00000000e+00 0.00000000e+00 1.06894284e+00
 0.00000000e+00 0.00000000e+00 1.06486795e+00 0.00000000e+00
 1.04953068e+00 1.05833875e+00 1.01327697e+00 0.00000000e+00
 0.00000000e+00 0.00000000e+00 1.04158144e+00 1.02654954e+00
 1.05092140e+00 1.02129724e+00 1.12375191e+00 1.07348719e+00
 1.14400240e+00 1.11414135e+00 1.01319132e+00 1.15479542e+00
 1.10952332e+00 1.06969812e+00 1.05689958e+00 1.11214605e+00
 1.06734618e+00 1.05186005e+00 1.06116350e+00 1.07510972e+00
 0.00000000e+00 0.00000000e+00 2.64514855e-01 0.00000000e+00
 0.00000000e+00 0.00000000e+00 0.00000000e+00 0.00000000e+00
 0.00000000e+00 0.00000000e+00 0.00000000e+00 0.00000000e+00
 0.00000000e+00 0.00000000e+00 0.00000000e+00 0.00000000e+00
 0.00000000e+00 0.00000000e+00 0.00000000e+00 0.00000000e+00
 0.00000000e+00 1.59062247e-02 0.00000000e+00 0.00000000e+00
 0.00000000e+00 0.00000000e+00 0.00000000e+00 0.00000000e+00
 0.00000000e+00 0.00000000e+00 0.00000000e+00 0.00000000e+00
 1.15651568e+00 1.04816296e+00 8.32657880e-01 1.04617254e+00
 1.04283929e+00 1.13863184e+00 0.00000000e+00 1.12000846e+00
 1.11603963e+00 1.02098834e+00 1.12285774e+00 1.03267389e+00
 1.08128251e+00 0.00000000e+00 1.11337518e+00 1.03207923e+00
 0.00000000e+00 0.00000000e+00 0.00000000e+00 0.00000000e+00
 0.00000000e+00 0.00000000e+00 0.00000000e+00 0.00000000e+00
 0.00000000e+00 0.00000000e+00 0.00000000e+00 0.00000000e+00
 0.00000000e+00 0.00000000e+00 0.00000000e+00 0.00000000e+00]",-92513827679.07333,-92513827679.07333,5484295093.258648,-103263046061.86029,-81764609296.28638,0.33312690001912415,True,0.0,2.0,0.49,fixed_γ=2.0,No-calibration(fixed γ=2.0),0.545,0.45499999999999996,-91905549934.23402,5559107338.353964,0.029122032111838534,0.18606883857875708,400
bgetam,NETLIB,688,128,0.3,FuzzyPD-LP,"[0.00000000e+00 0.00000000e+00 0.00000000e+00 0.00000000e+00
 0.00000000e+00 0.00000000e+00 0.00000000e+00 0.00000000e+00
 0.00000000e+00 0.00000000e+00 0.00000000e+00 0.00000000e+00
 0.00000000e+00 0.00000000e+00 0.00000000e+00 0.00000000e+00
 0.00000000e+00 0.00000000e+00 0.00000000e+00 0.00000000e+00
 0.00000000e+00 0.00000000e+00 0.00000000e+00 0.00000000e+00
 0.00000000e+00 0.00000000e+00 0.00000000e+00 0.00000000e+00
 0.00000000e+00 0.00000000e+00 0.00000000e+00 0.00000000e+00
 0.00000000e+00 0.00000000e+00 0.00000000e+00 0.00000000e+00
 0.00000000e+00 0.00000000e+00 0.00000000e+00 0.00000000e+00
 0.00000000e+00 0.00000000e+00 0.00000000e+00 0.00000000e+00
 0.00000000e+00 0.00000000e+00 0.00000000e+00 0.00000000e+00
 0.00000000e+00 0.00000000e+00 0.00000000e+00 0.00000000e+00
 0.00000000e+00 0.00000000e+00 0.00000000e+00 0.00000000e+00
 0.00000000e+00 0.00000000e+00 0.00000000e+00 0.00000000e+00
 0.00000000e+00 0.00000000e+00 0.00000000e+00 0.00000000e+00
 1.41644450e+07 0.00000000e+00 0.00000000e+00 0.00000000e+00
 0.00000000e+00 0.00000000e+00 0.00000000e+00 0.00000000e+00
 0.00000000e+00 0.00000000e+00 0.00000000e+00 0.00000000e+00
 0.00000000e+00 0.00000000e+00 0.00000000e+00 0.00000000e+00
 3.63191023e-01 4.47705872e-01 0.00000000e+00 0.00000000e+00
 0.00000000e+00 3.63790316e-01 0.00000000e+00 0.00000000e+00
 0.00000000e+00 0.00000000e+00 0.00000000e+00 3.69640433e-01
 0.00000000e+00 0.00000000e+00 0.00000000e+00 0.00000000e+00
 0.00000000e+00 0.00000000e+00 0.00000000e+00 0.00000000e+00
 0.00000000e+00 0.00000000e+00 0.00000000e+00 0.00000000e+00
 0.00000000e+00 0.00000000e+00 0.00000000e+00 0.00000000e+00
 0.00000000e+00 0.00000000e+00 0.00000000e+00 0.00000000e+00
 0.00000000e+00 0.00000000e+00 0.00000000e+00 0.00000000e+00
 0.00000000e+00 0.00000000e+00 0.00000000e+00 0.00000000e+00
 0.00000000e+00 0.00000000e+00 0.00000000e+00 0.00000000e+00
 0.00000000e+00 0.00000000e+00 0.00000000e+00 0.00000000e+00
 0.00000000e+00 0.00000000e+00 0.00000000e+00 0.00000000e+00
 0.00000000e+00 0.00000000e+00 0.00000000e+00 0.00000000e+00
 0.00000000e+00 0.00000000e+00 0.00000000e+00 0.00000000e+00
 0.00000000e+00 0.00000000e+00 0.00000000e+00 0.00000000e+00
 0.00000000e+00 0.00000000e+00 0.00000000e+00 0.00000000e+00
 0.00000000e+00 0.00000000e+00 0.00000000e+00 0.00000000e+00
 0.00000000e+00 0.00000000e+00 0.00000000e+00 0.00000000e+00
 0.00000000e+00 0.00000000e+00 0.00000000e+00 0.00000000e+00
 0.00000000e+00 0.00000000e+00 0.00000000e+00 0.00000000e+00
 0.00000000e+00 0.00000000e+00 0.00000000e+00 0.00000000e+00
 0.00000000e+00 0.00000000e+00 0.00000000e+00 0.00000000e+00
 0.00000000e+00 0.00000000e+00 0.00000000e+00 0.00000000e+00
 0.00000000e+00 0.00000000e+00 0.00000000e+00 0.00000000e+00
 0.00000000e+00 0.00000000e+00 0.00000000e+00 0.00000000e+00
 0.00000000e+00 0.00000000e+00 0.00000000e+00 0.00000000e+00
 0.00000000e+00 0.00000000e+00 0.00000000e+00 0.00000000e+00
 0.00000000e+00 0.00000000e+00 3.52630431e-01 0.00000000e+00
 0.00000000e+00 0.00000000e+00 0.00000000e+00 0.00000000e+00
 4.12779397e-01 0.00000000e+00 3.51350465e-01 0.00000000e+00
 4.26449800e-01 0.00000000e+00 0.00000000e+00 3.59238602e-01
 0.00000000e+00 0.00000000e+00 0.00000000e+00 5.02903979e-01
 4.10193800e-01 0.00000000e+00 3.42787638e-01 3.61045583e-01
 0.00000000e+00 4.17314120e-01 0.00000000e+00 0.00000000e+00
 0.00000000e+00 3.73461652e-01 3.73899832e-01 0.00000000e+00
 0.00000000e+00 0.00000000e+00 0.00000000e+00 0.00000000e+00
 0.00000000e+00 0.00000000e+00 0.00000000e+00 0.00000000e+00
 0.00000000e+00 0.00000000e+00 0.00000000e+00 0.00000000e+00
 0.00000000e+00 0.00000000e+00 0.00000000e+00 0.00000000e+00
 0.00000000e+00 0.00000000e+00 0.00000000e+00 0.00000000e+00
 0.00000000e+00 0.00000000e+00 0.00000000e+00 0.00000000e+00
 0.00000000e+00 0.00000000e+00 0.00000000e+00 0.00000000e+00
 0.00000000e+00 0.00000000e+00 0.00000000e+00 0.00000000e+00
 3.57458572e-01 4.74201327e-01 3.97527493e-01 0.00000000e+00
 0.00000000e+00 3.98772309e-01 0.00000000e+00 0.00000000e+00
 0.00000000e+00 0.00000000e+00 0.00000000e+00 0.00000000e+00
 3.48889921e-01 0.00000000e+00 0.00000000e+00 3.50910536e-01
 0.00000000e+00 0.00000000e+00 0.00000000e+00 5.43876092e-01
 3.74659347e-01 0.00000000e+00 4.09719118e-01 4.89974843e-01
 4.36564524e-01 0.00000000e+00 0.00000000e+00 0.00000000e+00
 0.00000000e+00 0.00000000e+00 4.52774681e-01 0.00000000e+00
 0.00000000e+00 0.00000000e+00 0.00000000e+00 0.00000000e+00
 0.00000000e+00 0.00000000e+00 0.00000000e+00 0.00000000e+00
 0.00000000e+00 0.00000000e+00 0.00000000e+00 0.00000000e+00
 0.00000000e+00 0.00000000e+00 0.00000000e+00 0.00000000e+00
 0.00000000e+00 0.00000000e+00 0.00000000e+00 0.00000000e+00
 0.00000000e+00 0.00000000e+00 0.00000000e+00 0.00000000e+00
 0.00000000e+00 4.09463385e-01 3.54049465e-01 4.05527634e-01
 0.00000000e+00 4.52075995e-01 0.00000000e+00 0.00000000e+00
 0.00000000e+00 0.00000000e+00 0.00000000e+00 0.00000000e+00
 0.00000000e+00 0.00000000e+00 0.00000000e+00 0.00000000e+00
 0.00000000e+00 3.80483485e-01 0.00000000e+00 0.00000000e+00
 0.00000000e+00 0.00000000e+00 0.00000000e+00 0.00000000e+00
 0.00000000e+00 0.00000000e+00 9.88802129e-02 1.74623225e-01
 0.00000000e+00 1.69973238e-01 9.01340429e-02 6.33009981e+01
 9.73663280e-02 0.00000000e+00 0.00000000e+00 0.00000000e+00
 0.00000000e+00 0.00000000e+00 0.00000000e+00 0.00000000e+00
 0.00000000e+00 6.26369116e-01 9.37951745e-01 8.87106269e-01
 6.32596618e-01 6.64544783e-01 5.14426998e-01 1.12728530e+02
 6.34539465e-01 0.00000000e+00 3.44450286e-01 0.00000000e+00
 3.82884004e-01 0.00000000e+00 0.00000000e+00 0.00000000e+00
 0.00000000e+00 0.00000000e+00 0.00000000e+00 0.00000000e+00
 0.00000000e+00 0.00000000e+00 0.00000000e+00 0.00000000e+00
 0.00000000e+00 0.00000000e+00 0.00000000e+00 0.00000000e+00
 0.00000000e+00 0.00000000e+00 0.00000000e+00 0.00000000e+00
 1.09260436e+01 0.00000000e+00 0.00000000e+00 0.00000000e+00
 0.00000000e+00 0.00000000e+00 0.00000000e+00 0.00000000e+00
 0.00000000e+00 0.00000000e+00 0.00000000e+00 0.00000000e+00
 0.00000000e+00 0.00000000e+00 0.00000000e+00 0.00000000e+00
 0.00000000e+00 0.00000000e+00 0.00000000e+00 0.00000000e+00
 0.00000000e+00 0.00000000e+00 0.00000000e+00 4.26103526e+00
 0.00000000e+00 0.00000000e+00 0.00000000e+00 0.00000000e+00
 0.00000000e+00 0.00000000e+00 0.00000000e+00 0.00000000e+00
 0.00000000e+00 0.00000000e+00 0.00000000e+00 0.00000000e+00
 0.00000000e+00 0.00000000e+00 0.00000000e+00 0.00000000e+00
 0.00000000e+00 0.00000000e+00 0.00000000e+00 0.00000000e+00
 0.00000000e+00 0.00000000e+00 3.77161567e-01 0.00000000e+00
 0.00000000e+00 0.00000000e+00 0.00000000e+00 0.00000000e+00
 0.00000000e+00 0.00000000e+00 0.00000000e+00 0.00000000e+00
 0.00000000e+00 0.00000000e+00 0.00000000e+00 4.00742721e-01
 0.00000000e+00 3.48862529e-01 0.00000000e+00 4.03835718e-01
 0.00000000e+00 0.00000000e+00 0.00000000e+00 0.00000000e+00
 0.00000000e+00 0.00000000e+00 0.00000000e+00 0.00000000e+00
 0.00000000e+00 0.00000000e+00 0.00000000e+00 0.00000000e+00
 0.00000000e+00 0.00000000e+00 0.00000000e+00 0.00000000e+00
 0.00000000e+00 0.00000000e+00 0.00000000e+00 0.00000000e+00
 0.00000000e+00 0.00000000e+00 0.00000000e+00 0.00000000e+00
 0.00000000e+00 0.00000000e+00 0.00000000e+00 0.00000000e+00
 0.00000000e+00 0.00000000e+00 0.00000000e+00 0.00000000e+00
 0.00000000e+00 0.00000000e+00 0.00000000e+00 0.00000000e+00
 0.00000000e+00 0.00000000e+00 0.00000000e+00 0.00000000e+00
 0.00000000e+00 0.00000000e+00 0.00000000e+00 0.00000000e+00
 0.00000000e+00 0.00000000e+00 0.00000000e+00 0.00000000e+00
 0.00000000e+00 0.00000000e+00 0.00000000e+00 0.00000000e+00
 0.00000000e+00 0.00000000e+00 0.00000000e+00 0.00000000e+00
 0.00000000e+00 0.00000000e+00 0.00000000e+00 0.00000000e+00
 0.00000000e+00 0.00000000e+00 0.00000000e+00 0.00000000e+00
 0.00000000e+00 0.00000000e+00 0.00000000e+00 0.00000000e+00
 0.00000000e+00 0.00000000e+00 0.00000000e+00 0.00000000e+00
 0.00000000e+00 0.00000000e+00 0.00000000e+00 0.00000000e+00
 0.00000000e+00 0.00000000e+00 0.00000000e+00 0.00000000e+00
 0.00000000e+00 0.00000000e+00 0.00000000e+00 0.00000000e+00
 0.00000000e+00 0.00000000e+00 0.00000000e+00 0.00000000e+00
 0.00000000e+00 0.00000000e+00 0.00000000e+00 0.00000000e+00
 0.00000000e+00 0.00000000e+00 0.00000000e+00 0.00000000e+00
 0.00000000e+00 0.00000000e+00 0.00000000e+00 0.00000000e+00
 0.00000000e+00 0.00000000e+00 0.00000000e+00 0.00000000e+00
 0.00000000e+00 0.00000000e+00 0.00000000e+00 0.00000000e+00
 0.00000000e+00 3.90236237e-01 0.00000000e+00 0.00000000e+00
 3.85350260e-01 0.00000000e+00 3.95186111e-01 0.00000000e+00
 0.00000000e+00 0.00000000e+00 0.00000000e+00 0.00000000e+00
 0.00000000e+00 0.00000000e+00 0.00000000e+00 3.99873832e-01
 0.00000000e+00 0.00000000e+00 0.00000000e+00 0.00000000e+00
 0.00000000e+00 3.91588674e-01 0.00000000e+00 0.00000000e+00
 4.13131895e-01 4.24162195e-01 0.00000000e+00 3.81066424e-01
 0.00000000e+00 0.00000000e+00 0.00000000e+00 0.00000000e+00
 3.65382624e-01 0.00000000e+00 0.00000000e+00 0.00000000e+00
 0.00000000e+00 0.00000000e+00 0.00000000e+00 4.45393711e-01
 0.00000000e+00 0.00000000e+00 4.36644597e-01 0.00000000e+00
 4.06066627e-01 4.23191261e-01 3.45894427e-01 0.00000000e+00
 0.00000000e+00 0.00000000e+00 3.91537693e-01 3.66205917e-01
 4.08696285e-01 3.57953238e-01 5.98154050e-01 4.55490183e-01
 6.78492218e-01 5.65523244e-01 3.45769031e-01 7.29294686e-01
 5.50897211e-01 4.47046477e-01 4.20315225e-01 5.59124577e-01
 4.41932103e-01 4.10486478e-01 4.28928723e-01 4.59185349e-01
 0.00000000e+00 0.00000000e+00 0.00000000e+00 0.00000000e+00
 0.00000000e+00 2.09506026e-01 0.00000000e+00 0.00000000e+00
 0.00000000e+00 0.00000000e+00 0.00000000e+00 0.00000000e+00
 0.00000000e+00 0.00000000e+00 0.00000000e+00 0.00000000e+00
 0.00000000e+00 0.00000000e+00 0.00000000e+00 0.00000000e+00
 0.00000000e+00 0.00000000e+00 0.00000000e+00 9.54833133e-02
 0.00000000e+00 0.00000000e+00 0.00000000e+00 0.00000000e+00
 0.00000000e+00 0.00000000e+00 0.00000000e+00 0.00000000e+00
 7.38006886e-01 4.03506591e-01 5.80939964e-01 3.99826485e-01
 3.93781427e-01 3.65746413e-01 0.00000000e+00 4.35469186e-01
 5.71726317e-01 3.57476853e-01 5.94984689e-01 3.76208140e-01
 4.73700026e-01 0.00000000e+00 5.63051721e-01 3.75218365e-01
 0.00000000e+00 0.00000000e+00 0.00000000e+00 0.00000000e+00
 0.00000000e+00 0.00000000e+00 0.00000000e+00 0.00000000e+00
 0.00000000e+00 0.00000000e+00 0.00000000e+00 0.00000000e+00
 0.00000000e+00 0.00000000e+00 0.00000000e+00 0.00000000e+00]",-11042453979.877537,-11042453979.877537,981908505.4129542,-12966994650.486927,-9117913309.268147,209.499012699991,True,0.0,5.0,1.0,BS,BS(γ=5.0)+AdvSAA(100)+Combo,1.0,0.0,-10933547897.846083,995302894.0297185,0.0,0.0,400
bgetam,NETLIB,688,128,0.3,Bertsimas-Sim(γ=3.0),"[0.00000000e+00 0.00000000e+00 0.00000000e+00 0.00000000e+00
 0.00000000e+00 0.00000000e+00 0.00000000e+00 0.00000000e+00
 0.00000000e+00 0.00000000e+00 0.00000000e+00 0.00000000e+00
 0.00000000e+00 0.00000000e+00 0.00000000e+00 0.00000000e+00
 0.00000000e+00 0.00000000e+00 0.00000000e+00 0.00000000e+00
 0.00000000e+00 0.00000000e+00 0.00000000e+00 0.00000000e+00
 0.00000000e+00 0.00000000e+00 0.00000000e+00 0.00000000e+00
 0.00000000e+00 0.00000000e+00 0.00000000e+00 0.00000000e+00
 0.00000000e+00 0.00000000e+00 0.00000000e+00 0.00000000e+00
 0.00000000e+00 0.00000000e+00 0.00000000e+00 0.00000000e+00
 0.00000000e+00 0.00000000e+00 0.00000000e+00 0.00000000e+00
 0.00000000e+00 0.00000000e+00 0.00000000e+00 0.00000000e+00
 0.00000000e+00 0.00000000e+00 0.00000000e+00 0.00000000e+00
 0.00000000e+00 0.00000000e+00 0.00000000e+00 0.00000000e+00
 0.00000000e+00 0.00000000e+00 0.00000000e+00 0.00000000e+00
 0.00000000e+00 0.00000000e+00 0.00000000e+00 0.00000000e+00
 4.86423462e+07 0.00000000e+00 0.00000000e+00 0.00000000e+00
 0.00000000e+00 0.00000000e+00 0.00000000e+00 0.00000000e+00
 0.00000000e+00 0.00000000e+00 0.00000000e+00 0.00000000e+00
 0.00000000e+00 0.00000000e+00 0.00000000e+00 0.00000000e+00
 6.78791916e-01 7.56514917e-01 0.00000000e+00 0.00000000e+00
 0.00000000e+00 6.79401040e-01 0.00000000e+00 0.00000000e+00
 0.00000000e+00 0.00000000e+00 0.00000000e+00 6.85299393e-01
 0.00000000e+00 0.00000000e+00 0.00000000e+00 0.00000000e+00
 0.00000000e+00 0.00000000e+00 0.00000000e+00 0.00000000e+00
 0.00000000e+00 0.00000000e+00 0.00000000e+00 0.00000000e+00
 0.00000000e+00 0.00000000e+00 0.00000000e+00 0.00000000e+00
 0.00000000e+00 0.00000000e+00 0.00000000e+00 0.00000000e+00
 0.00000000e+00 0.00000000e+00 0.00000000e+00 0.00000000e+00
 0.00000000e+00 0.00000000e+00 0.00000000e+00 0.00000000e+00
 0.00000000e+00 0.00000000e+00 0.00000000e+00 0.00000000e+00
 0.00000000e+00 0.00000000e+00 0.00000000e+00 0.00000000e+00
 0.00000000e+00 0.00000000e+00 0.00000000e+00 0.00000000e+00
 0.00000000e+00 0.00000000e+00 0.00000000e+00 0.00000000e+00
 0.00000000e+00 0.00000000e+00 0.00000000e+00 0.00000000e+00
 0.00000000e+00 0.00000000e+00 0.00000000e+00 0.00000000e+00
 0.00000000e+00 0.00000000e+00 0.00000000e+00 0.00000000e+00
 0.00000000e+00 0.00000000e+00 0.00000000e+00 0.00000000e+00
 0.00000000e+00 0.00000000e+00 0.00000000e+00 0.00000000e+00
 0.00000000e+00 0.00000000e+00 0.00000000e+00 0.00000000e+00
 0.00000000e+00 0.00000000e+00 0.00000000e+00 0.00000000e+00
 0.00000000e+00 0.00000000e+00 0.00000000e+00 0.00000000e+00
 0.00000000e+00 0.00000000e+00 0.00000000e+00 0.00000000e+00
 0.00000000e+00 0.00000000e+00 0.00000000e+00 0.00000000e+00
 0.00000000e+00 0.00000000e+00 0.00000000e+00 0.00000000e+00
 0.00000000e+00 0.00000000e+00 0.00000000e+00 0.00000000e+00
 0.00000000e+00 0.00000000e+00 0.00000000e+00 0.00000000e+00
 0.00000000e+00 0.00000000e+00 0.00000000e+00 0.00000000e+00
 0.00000000e+00 0.00000000e+00 6.67905737e-01 0.00000000e+00
 0.00000000e+00 0.00000000e+00 0.00000000e+00 0.00000000e+00
 7.26276857e-01 0.00000000e+00 6.66566409e-01 0.00000000e+00
 7.38404664e-01 0.00000000e+00 0.00000000e+00 6.74751594e-01
 0.00000000e+00 0.00000000e+00 0.00000000e+00 7.99704987e-01
 7.23938837e-01 0.00000000e+00 6.57492879e-01 6.76603748e-01
 0.00000000e+00 7.30343060e-01 0.00000000e+00 0.00000000e+00
 0.00000000e+00 6.89105957e-01 6.89540155e-01 0.00000000e+00
 0.00000000e+00 0.00000000e+00 0.00000000e+00 0.00000000e+00
 0.00000000e+00 0.00000000e+00 0.00000000e+00 0.00000000e+00
 0.00000000e+00 0.00000000e+00 0.00000000e+00 0.00000000e+00
 0.00000000e+00 0.00000000e+00 0.00000000e+00 0.00000000e+00
 0.00000000e+00 0.00000000e+00 0.00000000e+00 0.00000000e+00
 0.00000000e+00 0.00000000e+00 0.00000000e+00 0.00000000e+00
 0.00000000e+00 0.00000000e+00 0.00000000e+00 0.00000000e+00
 0.00000000e+00 0.00000000e+00 0.00000000e+00 0.00000000e+00
 6.72918792e-01 7.77901845e-01 7.12275208e-01 0.00000000e+00
 0.00000000e+00 7.13437209e-01 0.00000000e+00 0.00000000e+00
 0.00000000e+00 0.00000000e+00 0.00000000e+00 0.00000000e+00
 6.63979444e-01 0.00000000e+00 0.00000000e+00 6.66105067e-01
 0.00000000e+00 0.00000000e+00 0.00000000e+00 8.28610029e-01
 6.90291651e-01 0.00000000e+00 7.23508050e-01 7.90051458e-01
 7.47132773e-01 0.00000000e+00 0.00000000e+00 0.00000000e+00
 0.00000000e+00 0.00000000e+00 7.60705315e-01 0.00000000e+00
 0.00000000e+00 0.00000000e+00 0.00000000e+00 0.00000000e+00
 0.00000000e+00 0.00000000e+00 0.00000000e+00 0.00000000e+00
 0.00000000e+00 0.00000000e+00 0.00000000e+00 0.00000000e+00
 0.00000000e+00 0.00000000e+00 0.00000000e+00 0.00000000e+00
 0.00000000e+00 0.00000000e+00 0.00000000e+00 0.00000000e+00
 0.00000000e+00 0.00000000e+00 0.00000000e+00 0.00000000e+00
 0.00000000e+00 7.23275763e-01 6.69385494e-01 7.19683009e-01
 0.00000000e+00 7.60130559e-01 0.00000000e+00 0.00000000e+00
 0.00000000e+00 0.00000000e+00 0.00000000e+00 0.00000000e+00
 0.00000000e+00 0.00000000e+00 0.00000000e+00 0.00000000e+00
 0.00000000e+00 6.96007704e-01 0.00000000e+00 0.00000000e+00
 0.00000000e+00 0.00000000e+00 0.00000000e+00 0.00000000e+00
 0.00000000e+00 0.00000000e+00 2.02367212e-01 2.63117304e-01
 0.00000000e+00 2.69153416e-01 1.57027157e-01 5.10071422e+01
 1.02129907e-01 0.00000000e+00 0.00000000e+00 0.00000000e+00
 0.00000000e+00 0.00000000e+00 0.00000000e+00 0.00000000e+00
 0.00000000e+00 1.15239794e+00 1.25506089e+00 1.20746662e+00
 1.15850804e+00 1.06116275e+00 8.93738410e-01 6.83470415e+01
 9.02424010e-01 0.00000000e+00 6.59270313e-01 0.00000000e+00
 6.98339945e-01 0.00000000e+00 0.00000000e+00 0.00000000e+00
 0.00000000e+00 0.00000000e+00 0.00000000e+00 0.00000000e+00
 0.00000000e+00 0.00000000e+00 0.00000000e+00 0.00000000e+00
 0.00000000e+00 0.00000000e+00 0.00000000e+00 0.00000000e+00
 0.00000000e+00 0.00000000e+00 0.00000000e+00 0.00000000e+00
 1.88204971e+01 0.00000000e+00 0.00000000e+00 0.00000000e+00
 0.00000000e+00 0.00000000e+00 0.00000000e+00 0.00000000e+00
 0.00000000e+00 0.00000000e+00 0.00000000e+00 0.00000000e+00
 0.00000000e+00 0.00000000e+00 0.00000000e+00 0.00000000e+00
 0.00000000e+00 0.00000000e+00 0.00000000e+00 0.00000000e+00
 0.00000000e+00 0.00000000e+00 0.00000000e+00 8.16613629e+00
 0.00000000e+00 0.00000000e+00 0.00000000e+00 0.00000000e+00
 0.00000000e+00 0.00000000e+00 0.00000000e+00 0.00000000e+00
 0.00000000e+00 0.00000000e+00 0.00000000e+00 0.00000000e+00
 0.00000000e+00 0.00000000e+00 0.00000000e+00 0.00000000e+00
 0.00000000e+00 0.00000000e+00 0.00000000e+00 0.00000000e+00
 0.00000000e+00 0.00000000e+00 6.92757496e-01 0.00000000e+00
 0.00000000e+00 0.00000000e+00 0.00000000e+00 0.00000000e+00
 0.00000000e+00 0.00000000e+00 0.00000000e+00 0.00000000e+00
 0.00000000e+00 0.00000000e+00 0.00000000e+00 7.15269449e-01
 0.00000000e+00 6.63950552e-01 0.00000000e+00 7.18128164e-01
 0.00000000e+00 0.00000000e+00 0.00000000e+00 0.00000000e+00
 0.00000000e+00 0.00000000e+00 0.00000000e+00 0.00000000e+00
 0.00000000e+00 0.00000000e+00 0.00000000e+00 0.00000000e+00
 0.00000000e+00 0.00000000e+00 0.00000000e+00 0.00000000e+00
 0.00000000e+00 0.00000000e+00 0.00000000e+00 0.00000000e+00
 0.00000000e+00 0.00000000e+00 0.00000000e+00 0.00000000e+00
 0.00000000e+00 0.00000000e+00 0.00000000e+00 0.00000000e+00
 0.00000000e+00 0.00000000e+00 0.00000000e+00 0.00000000e+00
 0.00000000e+00 0.00000000e+00 0.00000000e+00 0.00000000e+00
 0.00000000e+00 0.00000000e+00 0.00000000e+00 0.00000000e+00
 0.00000000e+00 0.00000000e+00 0.00000000e+00 0.00000000e+00
 0.00000000e+00 0.00000000e+00 0.00000000e+00 0.00000000e+00
 0.00000000e+00 0.00000000e+00 0.00000000e+00 0.00000000e+00
 0.00000000e+00 0.00000000e+00 0.00000000e+00 0.00000000e+00
 0.00000000e+00 0.00000000e+00 0.00000000e+00 0.00000000e+00
 0.00000000e+00 0.00000000e+00 0.00000000e+00 0.00000000e+00
 0.00000000e+00 0.00000000e+00 0.00000000e+00 0.00000000e+00
 0.00000000e+00 0.00000000e+00 0.00000000e+00 0.00000000e+00
 0.00000000e+00 0.00000000e+00 0.00000000e+00 0.00000000e+00
 0.00000000e+00 0.00000000e+00 0.00000000e+00 0.00000000e+00
 0.00000000e+00 0.00000000e+00 0.00000000e+00 0.00000000e+00
 0.00000000e+00 0.00000000e+00 0.00000000e+00 0.00000000e+00
 0.00000000e+00 0.00000000e+00 0.00000000e+00 0.00000000e+00
 0.00000000e+00 0.00000000e+00 0.00000000e+00 0.00000000e+00
 0.00000000e+00 0.00000000e+00 0.00000000e+00 0.00000000e+00
 0.00000000e+00 0.00000000e+00 0.00000000e+00 0.00000000e+00
 0.00000000e+00 0.00000000e+00 0.00000000e+00 0.00000000e+00
 0.00000000e+00 7.05398505e-01 0.00000000e+00 0.00000000e+00
 7.00721814e-01 0.00000000e+00 7.10080134e-01 0.00000000e+00
 0.00000000e+00 0.00000000e+00 0.00000000e+00 0.00000000e+00
 0.00000000e+00 0.00000000e+00 0.00000000e+00 7.14462557e-01
 0.00000000e+00 0.00000000e+00 0.00000000e+00 0.00000000e+00
 0.00000000e+00 7.06683226e-01 0.00000000e+00 0.00000000e+00
 7.26594496e-01 7.36402126e-01 0.00000000e+00 6.96575326e-01
 0.00000000e+00 0.00000000e+00 0.00000000e+00 0.00000000e+00
 6.81015032e-01 0.00000000e+00 0.00000000e+00 0.00000000e+00
 0.00000000e+00 0.00000000e+00 0.00000000e+00 7.54587399e-01
 0.00000000e+00 0.00000000e+00 7.47201061e-01 0.00000000e+00
 7.20177019e-01 7.35548951e-01 6.60808002e-01 0.00000000e+00
 0.00000000e+00 0.00000000e+00 7.06634874e-01 6.81847016e-01
 7.22578149e-01 6.73428950e-01 8.63367373e-01 7.62930575e-01
 9.08585845e-01 8.42924640e-01 6.60674709e-01 9.33955786e-01
 8.33321852e-01 7.55966249e-01 7.33010350e-01 8.38758379e-01
 7.51682623e-01 7.24204210e-01 7.40562690e-01 7.65936895e-01
 0.00000000e+00 0.00000000e+00 2.62383318e-01 0.00000000e+00
 0.00000000e+00 0.00000000e+00 0.00000000e+00 0.00000000e+00
 0.00000000e+00 0.00000000e+00 0.00000000e+00 0.00000000e+00
 0.00000000e+00 0.00000000e+00 0.00000000e+00 0.00000000e+00
 0.00000000e+00 0.00000000e+00 0.00000000e+00 0.00000000e+00
 0.00000000e+00 6.87634886e-02 0.00000000e+00 0.00000000e+00
 0.00000000e+00 0.00000000e+00 0.00000000e+00 0.00000000e+00
 0.00000000e+00 0.00000000e+00 0.00000000e+00 0.00000000e+00
 9.38085533e-01 7.17824972e-01 5.30537482e-01 7.14418540e-01
 7.08757266e-01 8.60753661e-01 0.00000000e+00 8.55329776e-01
 8.46912923e-01 6.72937657e-01 8.61438680e-01 6.91819726e-01
 7.77508791e-01 0.00000000e+00 8.41321737e-01 6.90843865e-01
 0.00000000e+00 0.00000000e+00 0.00000000e+00 0.00000000e+00
 0.00000000e+00 0.00000000e+00 0.00000000e+00 0.00000000e+00
 0.00000000e+00 0.00000000e+00 0.00000000e+00 0.00000000e+00
 0.00000000e+00 0.00000000e+00 0.00000000e+00 0.00000000e+00]",-27805104232.333885,,,,,0.3444743000145536,True,,3.0,1.0,,parametric robust (γ=3.0),1.0,0.0,-37547071053.95552,3417985527.799577,0.0,0.0,400
bgetam,NETLIB,688,128,0.3,HiGHS-SAA,"[0. 0. 0. 0. 0. 0. 0. 0. 0. 0. 0. 0. 0. 0. 0. 0. 0. 0. 0. 0. 0. 0. 0. 0.
 0. 0. 0. 0. 0. 0. 0. 0. 0. 0. 0. 0. 0. 0. 0. 0. 0. 0. 0. 0. 0. 0. 0. 0.
 0. 0. 0. 0. 0. 0. 0. 0. 0. 0. 0. 0. 0. 0. 0. 0. 0. 0. 0. 0. 0. 0. 0. 0.
 0. 0. 0. 0. 0. 0. 0. 0. 0. 0. 0. 0. 0. 0. 0. 0. 0. 0. 0. 0. 0. 0. 0. 0.
 0. 0. 0. 0. 0. 0. 0. 0. 0. 0. 0. 0. 0. 0. 0. 0. 0. 0. 0. 0. 0. 0. 0. 0.
 0. 0. 0. 0. 0. 0. 0. 0. 0. 0. 0. 0. 0. 0. 0. 0. 0. 0. 0. 0. 0. 0. 0. 0.
 0. 0. 0. 0. 0. 0. 0. 0. 0. 0. 0. 0. 0. 0. 0. 0. 0. 0. 0. 0. 0. 0. 0. 0.
 0. 0. 0. 0. 0. 0. 0. 0. 0. 0. 0. 0. 0. 0. 0. 0. 0. 0. 0. 0. 0. 0. 0. 0.
 0. 0. 0. 0. 0. 0. 0. 0. 0. 0. 0. 0. 0. 0. 0. 0. 0. 0. 0. 0. 0. 0. 0. 0.
 0. 0. 0. 0. 0. 0. 0. 0. 0. 0. 0. 0. 0. 0. 0. 0. 0. 0. 0. 0. 0. 0. 0. 0.
 0. 0. 0. 0. 0. 0. 0. 0. 0. 0. 0. 0. 0. 0. 0. 0. 0. 0. 0. 0. 0. 0. 0. 0.
 0. 0. 0. 0. 0. 0. 0. 0. 0. 0. 0. 0. 0. 0. 0. 0. 0. 0. 0. 0. 0. 0. 0. 0.
 0. 0. 0. 0. 0. 0. 0. 0. 0. 0. 0. 0. 0. 0. 0. 0. 0. 0. 0. 0. 0. 0. 0. 0.
 0. 0. 0. 0. 0. 0. 0. 0. 0. 0. 0. 0. 0. 0. 0. 0. 0. 0. 0. 0. 0. 0. 0. 0.
 0. 0. 0. 0. 0. 0. 0. 0. 0. 0. 0. 0. 0. 0. 0. 0. 0. 0. 0. 0. 0. 0. 0. 0.
 0. 0. 0. 0. 0. 0. 0. 0. 0. 0. 0. 0. 0. 0. 0. 0. 0. 0. 0. 0. 0. 0. 0. 0.
 0. 0. 0. 0. 0. 0. 0. 0. 0. 0. 0. 0. 0. 0. 0. 0. 0. 0. 0. 0. 0. 0. 0. 0.
 0. 0. 0. 0. 0. 0. 0. 0. 0. 0. 0. 0. 0. 0. 0. 0. 0. 0. 0. 0. 0. 0. 0. 0.
 0. 0. 0. 0. 0. 0. 0. 0. 0. 0. 0. 0. 0. 0. 0. 0. 0. 0. 0. 0. 0. 0. 0. 0.
 0. 0. 0. 0. 0. 0. 0. 0. 0. 0. 0. 0. 0. 0. 0. 0. 0. 0. 0. 0. 0. 0. 0. 0.
 0. 0. 0. 0. 0. 0. 0. 0. 0. 0. 0. 0. 0. 0. 0. 0. 0. 0. 0. 0. 0. 0. 0. 0.
 0. 0. 0. 0. 0. 0. 0. 0. 0. 0. 0. 0. 0. 0. 0. 0. 0. 0. 0. 0. 0. 0. 0. 0.
 0. 0. 0. 0. 0. 0. 0. 0. 0. 0. 0. 0. 0. 0. 0. 0. 0. 0. 0. 0. 0. 0. 0. 0.
 0. 0. 0. 0. 0. 0. 0. 0. 0. 0. 0. 0. 0. 0. 0. 0. 0. 0. 0. 0. 0. 0. 0. 0.
 0. 0. 0. 0. 0. 0. 0. 0. 0. 0. 0. 0. 0. 0. 0. 0. 0. 0. 0. 0. 0. 0. 0. 0.
 0. 0. 0. 0. 0. 0. 0. 0. 0. 0. 0. 0. 0. 0. 0. 0. 0. 0. 0. 0. 0. 0. 0. 0.
 0. 0. 0. 0. 0. 0. 0. 0. 0. 0. 0. 0. 0. 0. 0. 0. 0. 0. 0. 0. 0. 0. 0. 0.
 0. 0. 0. 0. 0. 0. 0. 0. 0. 0. 0. 0. 0. 0. 0. 0. 0. 0. 0. 0. 0. 0. 0. 0.
 0. 0. 0. 0. 0. 0. 0. 0. 0. 0. 0. 0. 0. 0. 0. 0.]",,,,,,127.84881589998258,False,,,,,100,0.0,1.0,0.0,0.0,54.75419475766126,66.5706591090279,400
bgetam,NETLIB,688,128,0.3,Nominal-LP,"[0. 0. 0. 0. 0. 0. 0. 0. 0. 0. 0. 0. 0. 0. 0. 0. 0. 0. 0. 0. 0. 0. 0. 0.
 0. 0. 0. 0. 0. 0. 0. 0. 0. 0. 0. 0. 0. 0. 0. 0. 0. 0. 0. 0. 0. 0. 0. 0.
 0. 0. 0. 0. 0. 0. 0. 0. 0. 0. 0. 0. 0. 0. 0. 0. 0. 0. 0. 0. 0. 0. 0. 0.
 0. 0. 0. 0. 0. 0. 0. 0. 0. 0. 0. 0. 0. 0. 0. 0. 0. 0. 0. 0. 0. 0. 0. 0.
 0. 0. 0. 0. 0. 0. 0. 0. 0. 0. 0. 0. 0. 0. 0. 0. 0. 0. 0. 0. 0. 0. 0. 0.
 0. 0. 0. 0. 0. 0. 0. 0. 0. 0. 0. 0. 0. 0. 0. 0. 0. 0. 0. 0. 0. 0. 0. 0.
 0. 0. 0. 0. 0. 0. 0. 0. 0. 0. 0. 0. 0. 0. 0. 0. 0. 0. 0. 0. 0. 0. 0. 0.
 0. 0. 0. 0. 0. 0. 0. 0. 0. 0. 0. 0. 0. 0. 0. 0. 0. 0. 0. 0. 0. 0. 0. 0.
 0. 0. 0. 0. 0. 0. 0. 0. 0. 0. 0. 0. 0. 0. 0. 0. 0. 0. 0. 0. 0. 0. 0. 0.
 0. 0. 0. 0. 0. 0. 0. 0. 0. 0. 0. 0. 0. 0. 0. 0. 0. 0. 0. 0. 0. 0. 0. 0.
 0. 0. 0. 0. 0. 0. 0. 0. 0. 0. 0. 0. 0. 0. 0. 0. 0. 0. 0. 0. 0. 0. 0. 0.
 0. 0. 0. 0. 0. 0. 0. 0. 0. 0. 0. 0. 0. 0. 0. 0. 0. 0. 0. 0. 0. 0. 0. 0.
 0. 0. 0. 0. 0. 0. 0. 0. 0. 0. 0. 0. 0. 0. 0. 0. 0. 0. 0. 0. 0. 0. 0. 0.
 0. 0. 0. 0. 0. 0. 0. 0. 0. 0. 0. 0. 0. 0. 0. 0. 0. 0. 0. 0. 0. 0. 0. 0.
 0. 0. 0. 0. 0. 0. 0. 0. 0. 0. 0. 0. 0. 0. 0. 0. 0. 0. 0. 0. 0. 0. 0. 0.
 0. 0. 0. 0. 0. 0. 0. 0. 0. 0. 0. 0. 0. 0. 0. 0. 0. 0. 0. 0. 0. 0. 0. 0.
 0. 0. 0. 0. 0. 0. 0. 0. 0. 0. 0. 0. 0. 0. 0. 0. 0. 0. 0. 0. 0. 0. 0. 0.
 0. 0. 0. 0. 0. 0. 0. 0. 0. 0. 0. 0. 0. 0. 0. 0. 0. 0. 0. 0. 0. 0. 0. 0.
 0. 0. 0. 0. 0. 0. 0. 0. 0. 0. 0. 0. 0. 0. 0. 0. 0. 0. 0. 0. 0. 0. 0. 0.
 0. 0. 0. 0. 0. 0. 0. 0. 0. 0. 0. 0. 0. 0. 0. 0. 0. 0. 0. 0. 0. 0. 0. 0.
 0. 0. 0. 0. 0. 0. 0. 0. 0. 0. 0. 0. 0. 0. 0. 0. 0. 0. 0. 0. 0. 0. 0. 0.
 0. 0. 0. 0. 0. 0. 0. 0. 0. 0. 0. 0. 0. 0. 0. 0. 0. 0. 0. 0. 0. 0. 0. 0.
 0. 0. 0. 0. 0. 0. 0. 0. 0. 0. 0. 0. 0. 0. 0. 0. 0. 0. 0. 0. 0. 0. 0. 0.
 0. 0. 0. 0. 0. 0. 0. 0. 0. 0. 0. 0. 0. 0. 0. 0. 0. 0. 0. 0. 0. 0. 0. 0.
 0. 0. 0. 0. 0. 0. 0. 0. 0. 0. 0. 0. 0. 0. 0. 0. 0. 0. 0. 0. 0. 0. 0. 0.
 0. 0. 0. 0. 0. 0. 0. 0. 0. 0. 0. 0. 0. 0. 0. 0. 0. 0. 0. 0. 0. 0. 0. 0.
 0. 0. 0. 0. 0. 0. 0. 0. 0. 0. 0. 0. 0. 0. 0. 0. 0. 0. 0. 0. 0. 0. 0. 0.
 0. 0. 0. 0. 0. 0. 0. 0. 0. 0. 0. 0. 0. 0. 0. 0. 0. 0. 0. 0. 0. 0. 0. 0.
 0. 0. 0. 0. 0. 0. 0. 0. 0. 0. 0. 0. 0. 0. 0. 0.]",,,,,,0.016332099999999627,False,,,,,deterministic (mean only),0.0,1.0,0.0,0.0,54.75419475766126,66.5706591090279,400
bgetam,NETLIB,688,128,0.3,TSAR-No-calib,"[0. 0. 0. 0. 0. 0. 0. 0. 0. 0. 0. 0. 0. 0. 0. 0. 0. 0. 0. 0. 0. 0. 0. 0.
 0. 0. 0. 0. 0. 0. 0. 0. 0. 0. 0. 0. 0. 0. 0. 0. 0. 0. 0. 0. 0. 0. 0. 0.
 0. 0. 0. 0. 0. 0. 0. 0. 0. 0. 0. 0. 0. 0. 0. 0. 0. 0. 0. 0. 0. 0. 0. 0.
 0. 0. 0. 0. 0. 0. 0. 0. 0. 0. 0. 0. 0. 0. 0. 0. 0. 0. 0. 0. 0. 0. 0. 0.
 0. 0. 0. 0. 0. 0. 0. 0. 0. 0. 0. 0. 0. 0. 0. 0. 0. 0. 0. 0. 0. 0. 0. 0.
 0. 0. 0. 0. 0. 0. 0. 0. 0. 0. 0. 0. 0. 0. 0. 0. 0. 0. 0. 0. 0. 0. 0. 0.
 0. 0. 0. 0. 0. 0. 0. 0. 0. 0. 0. 0. 0. 0. 0. 0. 0. 0. 0. 0. 0. 0. 0. 0.
 0. 0. 0. 0. 0. 0. 0. 0. 0. 0. 0. 0. 0. 0. 0. 0. 0. 0. 0. 0. 0. 0. 0. 0.
 0. 0. 0. 0. 0. 0. 0. 0. 0. 0. 0. 0. 0. 0. 0. 0. 0. 0. 0. 0. 0. 0. 0. 0.
 0. 0. 0. 0. 0. 0. 0. 0. 0. 0. 0. 0. 0. 0. 0. 0. 0. 0. 0. 0. 0. 0. 0. 0.
 0. 0. 0. 0. 0. 0. 0. 0. 0. 0. 0. 0. 0. 0. 0. 0. 0. 0. 0. 0. 0. 0. 0. 0.
 0. 0. 0. 0. 0. 0. 0. 0. 0. 0. 0. 0. 0. 0. 0. 0. 0. 0. 0. 0. 0. 0. 0. 0.
 0. 0. 0. 0. 0. 0. 0. 0. 0. 0. 0. 0. 0. 0. 0. 0. 0. 0. 0. 0. 0. 0. 0. 0.
 0. 0. 0. 0. 0. 0. 0. 0. 0. 0. 0. 0. 0. 0. 0. 0. 0. 0. 0. 0. 0. 0. 0. 0.
 0. 0. 0. 0. 0. 0. 0. 0. 0. 0. 0. 0. 0. 0. 0. 0. 0. 0. 0. 0. 0. 0. 0. 0.
 0. 0. 0. 0. 0. 0. 0. 0. 0. 0. 0. 0. 0. 0. 0. 0. 0. 0. 0. 0. 0. 0. 0. 0.
 0. 0. 0. 0. 0. 0. 0. 0. 0. 0. 0. 0. 0. 0. 0. 0. 0. 0. 0. 0. 0. 0. 0. 0.
 0. 0. 0. 0. 0. 0. 0. 0. 0. 0. 0. 0. 0. 0. 0. 0. 0. 0. 0. 0. 0. 0. 0. 0.
 0. 0. 0. 0. 0. 0. 0. 0. 0. 0. 0. 0. 0. 0. 0. 0. 0. 0. 0. 0. 0. 0. 0. 0.
 0. 0. 0. 0. 0. 0. 0. 0. 0. 0. 0. 0. 0. 0. 0. 0. 0. 0. 0. 0. 0. 0. 0. 0.
 0. 0. 0. 0. 0. 0. 0. 0. 0. 0. 0. 0. 0. 0. 0. 0. 0. 0. 0. 0. 0. 0. 0. 0.
 0. 0. 0. 0. 0. 0. 0. 0. 0. 0. 0. 0. 0. 0. 0. 0. 0. 0. 0. 0. 0. 0. 0. 0.
 0. 0. 0. 0. 0. 0. 0. 0. 0. 0. 0. 0. 0. 0. 0. 0. 0. 0. 0. 0. 0. 0. 0. 0.
 0. 0. 0. 0. 0. 0. 0. 0. 0. 0. 0. 0. 0. 0. 0. 0. 0. 0. 0. 0. 0. 0. 0. 0.
 0. 0. 0. 0. 0. 0. 0. 0. 0. 0. 0. 0. 0. 0. 0. 0. 0. 0. 0. 0. 0. 0. 0. 0.
 0. 0. 0. 0. 0. 0. 0. 0. 0. 0. 0. 0. 0. 0. 0. 0. 0. 0. 0. 0. 0. 0. 0. 0.
 0. 0. 0. 0. 0. 0. 0. 0. 0. 0. 0. 0. 0. 0. 0. 0. 0. 0. 0. 0. 0. 0. 0. 0.
 0. 0. 0. 0. 0. 0. 0. 0. 0. 0. 0. 0. 0. 0. 0. 0. 0. 0. 0. 0. 0. 0. 0. 0.
 0. 0. 0. 0. 0. 0. 0. 0. 0. 0. 0. 0. 0. 0. 0. 0.]",0.0,0.0,0.0,0.0,0.0,0.5192264000070281,True,0.0,2.0,0.0,fixed_γ=2.0,No-calibration(fixed γ=2.0),0.0,1.0,0.0,0.0,54.75419475766126,66.5706591090279,400
2894,NETLIB,5,15,0.05,FuzzyPD-LP,[0. 0. 0. 0. 0.],0.0,0.0,0.0,0.0,0.0,54.324840299988864,True,0.0,5.0,0.0,BS,BS(γ=5.0)+AdvSAA(100)+Combo,0.0,1.0,0.0,0.0,3.012590747153133,3.0706545340292446,400
2894,NETLIB,5,15,0.05,Bertsimas-Sim(γ=3.0),[0. 0. 0. 0. 0.],,,,,,0.007889400003477931,False,,3.0,0.0,,parametric robust (γ=3.0),0.0,1.0,0.0,0.0,3.012590747153133,3.0706545340292446,400
2894,NETLIB,5,15,0.05,HiGHS-SAA,[0. 0. 0. 0. 0.],,,,,,0.0467132999910973,False,,,,,100,0.0,1.0,0.0,0.0,3.012590747153133,3.0706545340292446,400
2894,NETLIB,5,15,0.05,Nominal-LP,[0. 0. 0. 0. 0.],,,,,,0.00828060001367703,False,,,,,deterministic (mean only),0.0,1.0,0.0,0.0,3.012590747153133,3.0706545340292446,400
2894,NETLIB,5,15,0.05,TSAR-No-calib,[0. 0. 0. 0. 0.],0.0,0.0,0.0,0.0,0.0,19.983121800003573,True,0.0,2.0,0.0,fixed_γ=2.0,No-calibration(fixed γ=2.0),0.0,1.0,0.0,0.0,3.012590747153133,3.0706545340292446,400
2894,NETLIB,5,15,0.05,TSAR-LP,[0. 0. 0. 0. 0.],0.0,0.0,0.0,0.0,0.0,0.03393350000260398,True,0,5.0,0.0,BS_only,BS-only(γ=5.0),0.0,1.0,0.0,0.0,3.012590747153133,3.0706545340292446,400
2894,NETLIB,5,15,0.1,TSAR-LP,[0. 0. 0. 0. 0.],0.0,0.0,0.0,0.0,0.0,0.033598899986827746,True,0.0,5.0,0.0,BS_only,BS-only(γ=5.0),0.0,1.0,0.0,0.0,3.0329132884030776,3.145576785488599,400
2894,NETLIB,5,15,0.1,Bertsimas-Sim(γ=3.0),[0. 0. 0. 0. 0.],,,,,,0.00327139999717474,False,,3.0,0.0,,parametric robust (γ=3.0),0.0,1.0,0.0,0.0,3.0329132884030776,3.145576785488599,400
2894,NETLIB,5,15,0.1,HiGHS-SAA,[0. 0. 0. 0. 0.],,,,,,0.012916100007714704,False,,,,,100,0.0,1.0,0.0,0.0,3.0329132884030776,3.145576785488599,400
2894,NETLIB,5,15,0.1,Nominal-LP,[0. 0. 0. 0. 0.],,,,,,0.0023988999892026186,False,,,,,deterministic (mean only),0.0,1.0,0.0,0.0,3.0329132884030776,3.145576785488599,400
2894,NETLIB,5,15,0.1,TSAR-No-calib,[0. 0. 0. 0. 0.],0.0,0.0,0.0,0.0,0.0,0.004142899997532368,True,0.0,2.0,0.0,fixed_γ=2.0,No-calibration(fixed γ=2.0),0.0,1.0,0.0,0.0,3.0329132884030776,3.145576785488599,400
2894,NETLIB,5,15,0.2,TSAR-LP,[0. 0. 0. 0. 0.],0.0,0.0,0.0,0.0,0.0,0.03301489999284968,True,0.0,5.0,0.0,BS_only,BS-only(γ=5.0),0.0,1.0,0.0,0.0,3.096329301746025,3.295421288407309,400
2894,NETLIB,5,15,0.2,Bertsimas-Sim(γ=3.0),[0. 0. 0. 0. 0.],,,,,,0.0027028000040445477,False,,3.0,0.0,,parametric robust (γ=3.0),0.0,1.0,0.0,0.0,3.096329301746025,3.295421288407309,400
2894,NETLIB,5,15,0.2,HiGHS-SAA,[0. 0. 0. 0. 0.],,,,,,0.011647400009678677,False,,,,,100,0.0,1.0,0.0,0.0,3.096329301746025,3.295421288407309,400
2894,NETLIB,5,15,0.2,Nominal-LP,[0. 0. 0. 0. 0.],,,,,,0.002424100006464869,False,,,,,deterministic (mean only),0.0,1.0,0.0,0.0,3.096329301746025,3.295421288407309,400
2894,NETLIB,5,15,0.2,TSAR-No-calib,[0. 0. 0. 0. 0.],0.0,0.0,0.0,0.0,0.0,0.0042224000208079815,True,0.0,2.0,0.0,fixed_γ=2.0,No-calibration(fixed γ=2.0),0.0,1.0,0.0,0.0,3.096329301746025,3.295421288407309,400
2894,NETLIB,5,15,0.3,TSAR-LP,[0. 0. 0. 0. 0.],0.0,0.0,0.0,0.0,0.0,0.04058699999586679,True,0.0,5.0,0.0,BS_only,BS-only(γ=5.0),0.0,1.0,0.0,0.0,3.172240258456217,3.476240178155815,400
2894,NETLIB,5,15,0.3,Bertsimas-Sim(γ=3.0),[0. 0. 0. 0. 0.],,,,,,0.002761799987638369,False,,3.0,0.0,,parametric robust (γ=3.0),0.0,1.0,0.0,0.0,3.172240258456217,3.476240178155815,400
2894,NETLIB,5,15,0.3,HiGHS-SAA,[0. 0. 0. 0. 0.],,,,,,0.010884300019824877,False,,,,,100,0.0,1.0,0.0,0.0,3.172240258456217,3.476240178155815,400
2894,NETLIB,5,15,0.3,Nominal-LP,[0. 0. 0. 0. 0.],,,,,,0.002507299999706447,False,,,,,deterministic (mean only),0.0,1.0,0.0,0.0,3.172240258456217,3.476240178155815,400
2894,NETLIB,5,15,0.3,TSAR-No-calib,[0. 0. 0. 0. 0.],0.0,0.0,0.0,0.0,0.0,0.003942400013329461,True,0.0,2.0,0.0,fixed_γ=2.0,No-calibration(fixed γ=2.0),0.0,1.0,0.0,0.0,3.172240258456217,3.476240178155815,400
avgas,NETLIB,8,10,0.05,TSAR-LP,"[0.         0.90768657 0.70016507 0.16179274 0.4212988  0.21646456
 0.63137966 0.        ]",-6.603511225236024,-6.603511225236024,0.044958071614786266,-6.691629045601005,-6.515393404871043,0.031100799998966977,True,0.0,5.0,1.0,BS_only,BS-only(γ=5.0),1.0,0.0,-6.604170911402146,0.043500166169191,0.0,0.0,400
avgas,NETLIB,8,10,0.05,Bertsimas-Sim(γ=3.0),"[0.         0.943329   0.71978616 0.19487605 0.45164183 0.22899083
 0.6762373  0.        ]",-6.73026217968469,,,,,0.002767800004221499,True,,3.0,1.0,,parametric robust (γ=3.0),1.0,0.0,-7.039705315248945,0.046197472486194255,0.0,0.0,400
avgas,NETLIB,8,10,0.05,HiGHS-SAA,"[0.         0.96825804 0.74101129 0.21280986 0.4779163  0.24380373
 0.713579   0.        ]",-7.389620009281864,,,,,0.010158099990803748,True,,,,,100,0.945,0.05500000000000005,-7.388413793270755,0.04848178140245689,0.00031167724089889974,0.017426602153075947,400
avgas,NETLIB,8,10,0.05,Nominal-LP,[0.   1.   0.75 0.25 0.5  0.25 0.75 0.  ],-7.750000000000001,,,,,0.0031524999940302223,True,,,,,deterministic (mean only),0.0325,0.9675,-7.750693662257183,0.05068664152583872,0.026163859546146095,0.08291940497198834,400
avgas,NETLIB,8,10,0.05,TSAR-No-calib,"[0.         0.96177666 0.72974917 0.21248454 0.46737422 0.23568058
 0.69992066 0.        ]",-7.267988828469163,-7.267988828469163,0.04927233829206989,-7.36456261152162,-7.1714150454167065,0.003488200018182397,True,0.0,2.0,1.0,fixed_γ=2.0,No-calibration(fixed γ=2.0),0.9975,0.0024999999999999467,-7.268669785537094,0.04763192823392859,4.578481321722838e-06,0.0018313925286891353,400
avgas,NETLIB,8,10,0.1,TSAR-LP,"[0.         0.82526262 0.65271392 0.09021069 0.3516343  0.18943399
 0.53222096 0.        ]",-5.63153868123877,-5.63153868123877,0.07767411041219804,-5.7837799376466785,-5.479297424830862,0.03247639999608509,True,0.0,5.0,1.0,BS_only,BS-only(γ=5.0),1.0,0.0,-5.632778971535581,0.07528479735695903,0.0,0.0,400
avgas,NETLIB,8,10,0.1,Bertsimas-Sim(γ=3.0),"[0.         0.89046378 0.69049924 0.14625797 0.40667285 0.21059655
 0.61013074 0.        ]",-5.835618143662234,,,,,0.002817400003550574,True,,3.0,1.0,,parametric robust (γ=3.0),1.0,0.0,-6.3976290724493605,0.0844641977347526,0.0,0.0,400
avgas,NETLIB,8,10,0.1,HiGHS-SAA,"[0.         0.93803644 0.73204074 0.17639984 0.45607563 0.23839992
 0.67890359 0.        ]",-7.04325432117107,,,,,0.011028299981262535,True,,,,,100,0.945,0.05500000000000005,-7.041075329401304,0.09285526396961767,0.0006273554725220751,0.03395496342919707,400
avgas,NETLIB,8,10,0.1,Nominal-LP,[0.   1.   0.75 0.25 0.5  0.25 0.75 0.  ],-7.750000000000001,,,,,0.0023865999828558415,True,,,,,deterministic (mean only),0.0325,0.9675,-7.751387324232938,0.10137327742805431,0.05232771425830682,0.16583879361261022,400
avgas,NETLIB,8,10,0.1,TSAR-No-calib,"[0.         0.92530379 0.7099261  0.17798912 0.43628593 0.22259092
 0.65340313 0.        ]",-6.817645957853998,-6.817645957853998,0.09267526232326806,-6.999289472007603,-6.636002443700392,0.003348300000652671,True,0.0,2.0,1.0,fixed_γ=2.0,No-calibration(fixed γ=2.0),0.9975,0.0024999999999999467,-6.818980020108895,0.08964222303258051,9.148413256244991e-06,0.0036593653024979966,400
avgas,NETLIB,8,10,0.2,TSAR-LP,"[0.01059683 0.67458781 0.54927378 0.         0.23689441 0.1424093
 0.38094577 0.        ]",-4.0847127613802385,-4.0847127613802385,0.11740283763703409,-4.314822323148825,-3.8546031996116517,0.029806400008965284,True,0.0,5.0,1.0,BS_only,BS-only(γ=5.0),1.0,0.0,-4.086832939989447,0.11419753824405211,0.0,0.0,400
avgas,NETLIB,8,10,0.2,Bertsimas-Sim(γ=3.0),"[0.         0.79471359 0.63429827 0.06551682 0.32609602 0.18006875
 0.4971044  0.        ]",-4.358180510836958,,,,,0.002713099995162338,True,,3.0,1.0,,parametric robust (γ=3.0),1.0,0.0,-5.286469748867294,0.14243162608984858,0.0,0.0,400
avgas,NETLIB,8,10,0.2,HiGHS-SAA,"[0.0747139  0.81500729 0.59500891 0.24476    0.41235122 0.16542235
 0.65727292 0.        ]",-6.425487935861431,,,,,0.010364699992351234,True,,,,,100,0.945,0.05500000000000005,-6.419855726567809,0.16934005290397852,0.0009269488672085807,0.051577603160768336,400
avgas,NETLIB,8,10,0.2,Nominal-LP,[0.   1.   0.75 0.25 0.5  0.25 0.75 0.  ],-7.750000000000001,,,,,0.0028452000115066767,True,,,,,deterministic (mean only),0.0325,0.9675,-7.752774648184443,0.20274654923248558,0.10465542368262824,0.3316775708938544,400
avgas,NETLIB,8,10,0.2,TSAR-No-calib,"[0.         0.85714944 0.67143824 0.11706522 0.37847488 0.19957909
 0.56982095 0.        ]",-6.001661752954465,-6.001661752954465,0.16455770722707444,-6.324194859119531,-5.679128646789399,0.005545199994230643,True,0.0,2.0,0.99,fixed_γ=2.0,No-calibration(fixed γ=2.0),0.9975,0.0024999999999999467,-6.004207491426473,0.15938047125528454,1.8264764518939604e-05,0.007305905807575841,400
avgas,NETLIB,8,10,0.3,TSAR-LP,"[0.06231684 0.51275137 0.40228575 0.         0.15305749 0.08673882
 0.27900829 0.        ]",-2.9178836016109457,-2.9178836016109457,0.1272676313859016,-3.167328159127313,-2.6684390440945784,0.032566299982136115,True,0.0,5.0,1.0,BS_only,BS-only(γ=5.0),1.0,0.0,-2.920433950254062,0.12387897351103859,0.0,0.0,400
avgas,NETLIB,8,10,0.3,Bertsimas-Sim(γ=3.0),"[0.         0.71030083 0.58063978 0.00290057 0.25678423 0.15587449
 0.40472071 0.        ]",-3.2140907425382212,,,,,0.002791800012346357,True,,3.0,1.0,,parametric robust (γ=3.0),1.0,0.0,-4.364482027391415,0.18224838749538175,0.0,0.0,400
avgas,NETLIB,8,10,0.3,HiGHS-SAA,"[0.1207465  0.7281217  0.50424606 0.27818948 0.38101599 0.1192642
 0.61176628 0.        ]",-5.8821025489303915,,,,,0.009011999994982034,True,,,,,100,0.9475,0.05249999999999999,-5.872807031028417,0.23317783768710032,0.0011042981143862482,0.06433252124559255,400
avgas,NETLIB,8,10,0.3,Nominal-LP,[0.   1.   0.75 0.25 0.5  0.25 0.75 0.  ],-7.750000000000001,,,,,0.0023344999935943633,True,,,,,deterministic (mean only),0.0325,0.9675,-7.7541619721359485,0.3041198210369168,0.15698313310694964,0.4975163481750986,400
avgas,NETLIB,8,10,0.3,TSAR-No-calib,"[0.         0.7947136  0.63429827 0.06551683 0.32609602 0.18006875
 0.49710442 0.        ]",-5.284056237202211,-5.284056237202211,0.22025872106235553,-5.715763330484428,-4.852349143919994,0.003425000002607703,True,0.0,2.0,0.99,fixed_γ=2.0,No-calibration(fixed γ=2.0),0.9975,0.0024999999999999467,-5.287676672945118,0.2136474411255951,2.7353053703232098e-05,0.01094122148129284,400
galenet,NETLIB,8,6,0.05,TSAR-LP,"[ 0.          0.          0.          0.         10.72307156  0.
 22.79110474 34.8163464 ]",0.0,0.0,1.7543264117835666e-07,-3.4384797670957905e-07,3.4384797670957905e-07,0.03157749999081716,True,0.0,5.0,1.0,BS_only,BS-only(γ=5.0),1.0,0.0,5.6427062083147636e-09,1.5520978922035713e-07,0.0,0.0,400
galenet,NETLIB,8,6,0.05,Bertsimas-Sim(γ=3.0),"[ 0.          0.          0.          0.         10.42755539  0.
 21.63643708 32.7859177 ]",7.94245948909097e-07,,,,,0.002953099989099428,True,,3.0,1.0,,parametric robust (γ=3.0),1.0,0.0,5.275325991517849e-09,1.4680995787890892e-07,0.0,0.0,400
galenet,NETLIB,8,6,0.05,HiGHS-SAA,"[ 0.          0.         18.99451237 19.64033923 10.25270468  0.
 20.88606897 31.60343952]",-2.3332537828383964e-08,,,,,0.006465399987064302,True,,,,,100,0.97,0.030000000000000027,2.4691531931752017e-09,1.7727492628848362e-07,0.002024167707903932,0.2779738833733951,400
galenet,NETLIB,8,6,0.05,Nominal-LP,[ 0.  0.  0.  0. 10. 20.  0. 30.],0.0,,,,,0.002294400008395314,True,,,,,deterministic (mean only),0.1425,0.8575,4.474041500922479e-09,1.4582734650175641e-07,0.3690734659730069,1.830786420324337,400
galenet,NETLIB,8,6,0.05,TSAR-No-calib,"[ 0.          0.          0.          0.         10.28298632  0.
 21.07864747 31.8244829 ]",0.0,0.0,1.6139221887013865e-07,-3.1632874898547173e-07,3.1632874898547173e-07,0.003647799981990829,True,0.0,2.0,1.0,fixed_γ=2.0,No-calibration(fixed γ=2.0),0.9975,0.0024999999999999467,5.101143532646458e-09,1.4281202801410505e-07,0.00015977445390222834,0.06390978156089133,400
galenet,NETLIB,8,6,0.1,TSAR-LP,"[ 0.          0.          0.          0.         11.5013374   0.
 25.92841449 40.62305661]",0.0,0.0,2.0227028816093113e-07,-3.96449764795425e-07,3.96449764795425e-07,0.03570789998047985,True,0.0,5.0,1.0,BS_only,BS-only(γ=5.0),1.0,0.0,6.689633092447987e-09,1.7893291999446385e-07,0.0,0.0,400
galenet,NETLIB,8,6,0.1,Bertsimas-Sim(γ=3.0),"[ 0.          0.          0.          0.         10.87411223  0.
 23.38890573 35.88942653]",8.591884661680592e-07,,,,,0.0037539000040851533,True,,3.0,1.0,,parametric robust (γ=3.0),1.0,0.0,5.836600754159109e-09,1.5962622834858602e-07,0.0,0.0,400
galenet,NETLIB,8,6,0.1,HiGHS-SAA,"[ 0.          0.         18.04787528 19.28436507 10.51247963  0.
 21.79433253 33.31193976]",-2.192477030070514e-08,,,,,0.007374399981927127,True,,,,,100,0.965,0.03500000000000003,2.8747603347540147e-09,1.8041560717111974e-07,0.0041940713960174,0.5587751256983786,400
galenet,NETLIB,8,6,0.1,Nominal-LP,[ 0.  0.  0.  0. 10. 20.  0. 30.],0.0,,,,,0.002279500011354685,True,,,,,deterministic (mean only),0.1425,0.8575,4.4740415009224785e-09,1.4582734650175644e-07,0.7381468741995871,3.661572568173664,400
galenet,NETLIB,8,6,0.1,TSAR-No-calib,"[ 0.          0.          0.          0.         10.57423439  0.
 22.20710516 33.78254868]",0.0,0.0,1.7059848318334643e-07,-3.34373027039359e-07,3.34373027039359e-07,0.004310399992391467,True,0.0,2.0,1.0,fixed_γ=2.0,No-calibration(fixed γ=2.0),0.9975,0.0024999999999999467,5.455734811898262e-09,1.5094020581752627e-07,0.00029471067412930376,0.1178842696517215,400
forest6,NETLIB,95,36,0.05,TSAR-LP,"[0.00000000e+00 0.00000000e+00 0.00000000e+00 0.00000000e+00
 0.00000000e+00 0.00000000e+00 0.00000000e+00 4.41841383e-04
 0.00000000e+00 0.00000000e+00 4.42890745e-04 0.00000000e+00
 0.00000000e+00 4.34927702e-04 0.00000000e+00 3.02657573e+03
 4.33554531e-04 0.00000000e+00 0.00000000e+00 4.12291874e-04
 0.00000000e+00 3.18679556e+03 4.26721045e-04 0.00000000e+00
 0.00000000e+00 4.25151597e-04 0.00000000e+00 0.00000000e+00
 4.29429561e-04 0.00000000e+00 0.00000000e+00 4.29875773e-04
 0.00000000e+00 0.00000000e+00 4.28456390e-04 0.00000000e+00
 3.15457189e+03 4.16051017e-04 0.00000000e+00 0.00000000e+00
 4.34450024e-04 0.00000000e+00 0.00000000e+00 4.43113843e-04
 0.00000000e+00 0.00000000e+00 4.33242645e-04 0.00000000e+00
 0.00000000e+00 4.43612513e-04 0.00000000e+00 3.25306394e+03
 4.37723245e-04 0.00000000e+00 0.00000000e+00 4.46096340e-04
 0.00000000e+00 0.00000000e+00 4.37982040e-04 0.00000000e+00
 0.00000000e+00 4.20130963e-04 0.00000000e+00 0.00000000e+00
 4.36291469e-04 0.00000000e+00 3.40608164e+03 4.24055169e-04
 0.00000000e+00 0.00000000e+00 4.25823881e-04 0.00000000e+00
 0.00000000e+00 4.22577812e-04 0.00000000e+00 0.00000000e+00
 4.26608378e-04 0.00000000e+00 0.00000000e+00 4.35332002e-04
 0.00000000e+00 3.61624891e+03 4.22480927e-04 0.00000000e+00
 0.00000000e+00 4.20547479e-04 0.00000000e+00 0.00000000e+00
 4.14272123e-04 0.00000000e+00 0.00000000e+00 4.32555114e-04
 0.00000000e+00 0.00000000e+00 4.43500301e-04]",136723.2273307062,136723.22733070617,538.9099121279958,135666.9639029353,137779.49075847704,0.07484769998700358,True,0,5.0,1.0,BS_only,BS-only(γ=5.0),1.0,0.0,136712.26829878378,528.2121845981696,0.0,0.0,400
forest6,NETLIB,95,36,0.1,TSAR-LP,"[0.00000000e+00 0.00000000e+00 0.00000000e+00 0.00000000e+00
 0.00000000e+00 0.00000000e+00 0.00000000e+00 5.48271616e-04
 0.00000000e+00 0.00000000e+00 5.51179773e-04 0.00000000e+00
 0.00000000e+00 5.29527022e-04 0.00000000e+00 3.48332978e+03
 5.25887775e-04 0.00000000e+00 0.00000000e+00 4.72809745e-04
 0.00000000e+00 3.68056567e+03 5.08173403e-04 0.00000000e+00
 0.00000000e+00 5.04195662e-04 0.00000000e+00 0.00000000e+00
 5.15116918e-04 0.00000000e+00 0.00000000e+00 5.16270520e-04
 0.00000000e+00 0.00000000e+00 5.12610518e-04 0.00000000e+00
 3.46845627e+03 4.81768098e-04 0.00000000e+00 0.00000000e+00
 5.28257970e-04 0.00000000e+00 0.00000000e+00 5.51800248e-04
 0.00000000e+00 0.00000000e+00 5.25064979e-04 0.00000000e+00
 0.00000000e+00 5.53189934e-04 0.00000000e+00 3.52973101e+03
 5.37020697e-04 0.00000000e+00 0.00000000e+00 5.60169835e-04
 0.00000000e+00 0.00000000e+00 5.37720240e-04 0.00000000e+00
 0.00000000e+00 4.91690559e-04 0.00000000e+00 0.00000000e+00
 5.33168394e-04 0.00000000e+00 3.71014521e+03 5.01436386e-04
 0.00000000e+00 0.00000000e+00 5.05895491e-04 0.00000000e+00
 0.00000000e+00 4.97743683e-04 0.00000000e+00 0.00000000e+00
 5.07886741e-04 0.00000000e+00 0.00000000e+00 5.30603712e-04
 0.00000000e+00 4.01955989e+03 4.97502522e-04 0.00000000e+00
 0.00000000e+00 4.92715468e-04 0.00000000e+00 0.00000000e+00
 4.77507190e-04 0.00000000e+00 0.00000000e+00 5.23256083e-04
 0.00000000e+00 0.00000000e+00 5.52876886e-04]",152875.81126694623,152875.81126694623,1209.6767864890032,150504.84476542778,155246.77776846467,0.06548779999138787,True,0,5.0,1.0,BS_only,BS-only(γ=5.0),1.0,0.0,152850.80842234974,1188.429677194583,0.0,0.0,400
forest6,NETLIB,95,36,0.2,TSAR-LP,"[0.00000000e+00 0.00000000e+00 0.00000000e+00 0.00000000e+00
 0.00000000e+00 0.00000000e+00 0.00000000e+00 8.83173592e-04
 0.00000000e+00 0.00000000e+00 8.95394933e-04 0.00000000e+00
 0.00000000e+00 8.09083357e-04 0.00000000e+00 4.61511424e+03
 7.95574031e-04 0.00000000e+00 0.00000000e+00 6.25088696e-04
 0.00000000e+00 4.89031244e+03 7.33457684e-04 0.00000000e+00
 0.00000000e+00 7.20286191e-04 0.00000000e+00 0.00000000e+00
 7.57112894e-04 0.00000000e+00 0.00000000e+00 7.61127291e-04
 0.00000000e+00 0.00000000e+00 7.48474675e-04 0.00000000e+00
 4.22796943e+03 6.50781412e-04 0.00000000e+00 0.00000000e+00
 8.04341933e-04 0.00000000e+00 0.00000000e+00 8.98029345e-04
 0.00000000e+00 0.00000000e+00 7.92556674e-04 0.00000000e+00
 0.00000000e+00 9.03964500e-04 0.00000000e+00 4.16844581e+03
 8.37768874e-04 0.00000000e+00 0.00000000e+00 9.34522569e-04
 0.00000000e+00 0.00000000e+00 8.40508317e-04 0.00000000e+00
 0.00000000e+00 6.80575521e-04 0.00000000e+00 0.00000000e+00
 8.22873484e-04 0.00000000e+00 4.39950009e+03 7.11306291e-04
 0.00000000e+00 0.00000000e+00 7.25881777e-04 0.00000000e+00
 0.00000000e+00 6.99484401e-04 0.00000000e+00 0.00000000e+00
 7.32499381e-04 0.00000000e+00 0.00000000e+00 8.13132059e-04
 0.00000000e+00 4.96240834e+03 6.98720007e-04 0.00000000e+00
 0.00000000e+00 6.83737014e-04 0.00000000e+00 0.00000000e+00
 6.38423148e-04 0.00000000e+00 0.00000000e+00 7.85970215e-04
 0.00000000e+00 0.00000000e+00 9.02623291e-04]",191669.54901647722,191669.5490164772,3057.844365128953,185676.17406082444,197662.92397212994,0.06697200000053272,True,0,5.0,1.0,BS_only,BS-only(γ=5.0),1.0,0.0,191603.8516901465,3018.238609177568,0.0,0.0,400
forest6,NETLIB,95,36,0.3,TSAR-LP,"[0.00000000e+00 0.00000000e+00 0.00000000e+00 0.00000000e+00
 0.00000000e+00 0.00000000e+00 0.00000000e+00 1.57069466e-03
 0.00000000e+00 0.00000000e+00 1.61756683e-03 0.00000000e+00
 0.00000000e+00 1.31503922e-03 0.00000000e+00 6.17579603e+03
 1.27309592e-03 0.00000000e+00 0.00000000e+00 8.37018303e-04
 0.00000000e+00 6.52705128e+03 1.09581867e-03 0.00000000e+00
 0.00000000e+00 1.06120901e-03 0.00000000e+00 0.00000000e+00
 1.16048407e-03 0.00000000e+00 0.00000000e+00 1.17179231e-03
 0.00000000e+00 0.00000000e+00 1.13648511e-03 0.00000000e+00
 5.23457612e+03 8.93397079e-04 0.00000000e+00 0.00000000e+00
 1.30016904e-03 0.00000000e+00 0.00000000e+00 1.62786505e-03
 0.00000000e+00 0.00000000e+00 1.26390426e-03 0.00000000e+00
 0.00000000e+00 1.65132593e-03 0.00000000e+00 4.95363497e+03
 1.40861862e-03 0.00000000e+00 0.00000000e+00 1.77811453e-03
 0.00000000e+00 0.00000000e+00 1.41789410e-03 0.00000000e+00
 0.00000000e+00 9.62443581e-04 0.00000000e+00 0.00000000e+00
 1.35923472e-03 0.00000000e+00 5.22362574e+03 1.03815867e-03
 0.00000000e+00 0.00000000e+00 1.07579405e-03 0.00000000e+00
 0.00000000e+00 1.00846394e-03 0.00000000e+00 0.00000000e+00
 1.09326780e-03 0.00000000e+00 0.00000000e+00 1.32786719e-03
 0.00000000e+00 6.14450451e+03 1.00656880e-03 0.00000000e+00
 0.00000000e+00 9.70015108e-04 0.00000000e+00 0.00000000e+00
 8.65928070e-04 0.00000000e+00 0.00000000e+00 1.24405824e-03
 0.00000000e+00 0.00000000e+00 1.64599256e-03]",242611.60981659082,242611.60981659082,5859.972036669481,231126.06462471862,254097.155008463,0.06805610001902096,True,0,5.0,1.0,BS_only,BS-only(γ=5.0),1.0,0.0,242479.42022867885,5812.6047220034225,0.0,0.0,400
klein1,NETLIB,54,54,0.05,TSAR-LP,"[0. 0. 0. 0. 0. 0. 0. 0. 0. 0. 0. 0. 0. 0. 0. 0. 0. 0. 0. 0. 0. 0. 0. 0.
 0. 0. 0. 0. 0. 0. 0. 0. 0. 0. 0. 0. 0. 0. 0. 0. 0. 0. 0. 0. 0. 0. 0. 0.
 0. 0. 0. 0. 0. 0.]",0.0,0.0,0.0,0.0,0.0,0.06580710000707768,True,0,5.0,0.0,BS_only,BS-only(γ=5.0),0.0,1.0,0.0,0.0,48.02087944377662,49.56038441844873,400
klein1,NETLIB,54,54,0.1,TSAR-LP,"[0. 0. 0. 0. 0. 0. 0. 0. 0. 0. 0. 0. 0. 0. 0. 0. 0. 0. 0. 0. 0. 0. 0. 0.
 0. 0. 0. 0. 0. 0. 0. 0. 0. 0. 0. 0. 0. 0. 0. 0. 0. 0. 0. 0. 0. 0. 0. 0.
 0. 0. 0. 0. 0. 0.]",0.0,0.0,0.0,0.0,0.0,0.0750438000250142,True,0,5.0,0.0,BS_only,BS-only(γ=5.0),0.0,1.0,0.0,0.0,48.04175888742493,51.12076882730875,400
klein1,NETLIB,54,54,0.2,TSAR-LP,"[0. 0. 0. 0. 0. 0. 0. 0. 0. 0. 0. 0. 0. 0. 0. 0. 0. 0. 0. 0. 0. 0. 0. 0.
 0. 0. 0. 0. 0. 0. 0. 0. 0. 0. 0. 0. 0. 0. 0. 0. 0. 0. 0. 0. 0. 0. 0. 0.
 0. 0. 0. 0. 0. 0.]",0.0,0.0,0.0,0.0,0.0,0.0730084000097122,True,0,5.0,0.0,BS_only,BS-only(γ=5.0),0.0,1.0,0.0,0.0,48.08351777472154,54.24153764502881,400
klein1,NETLIB,54,54,0.3,TSAR-LP,"[0. 0. 0. 0. 0. 0. 0. 0. 0. 0. 0. 0. 0. 0. 0. 0. 0. 0. 0. 0. 0. 0. 0. 0.
 0. 0. 0. 0. 0. 0. 0. 0. 0. 0. 0. 0. 0. 0. 0. 0. 0. 0. 0. 0. 0. 0. 0. 0.
 0. 0. 0. 0. 0. 0.]",0.0,0.0,0.0,0.0,0.0,0.07304849999491125,True,0,5.0,0.0,BS_only,BS-only(γ=5.0),0.0,1.0,0.0,0.0,48.12527666201815,57.362306462748855,400
gams10am,NETLIB,61,110,0.05,TSAR-LP,"[0. 0. 0. 0. 0. 0. 0. 0. 0. 0. 0. 0. 0. 0. 0. 0. 0. 0. 0. 0. 0. 0. 0. 0.
 0. 0. 0. 0. 0. 0. 0. 0. 0. 0. 0. 0. 0. 0. 0. 0. 0. 0. 0. 0. 0. 0. 0. 0.
 0. 0. 0. 0. 0. 0. 0. 0. 0. 0. 0. 0. 0.]",0.0,0.0,0.0,0.0,0.0,0.1061459000047762,True,0.0,5.0,1.0,BS_only,BS-only(γ=5.0),1.0,0.0,0.0,0.0,0.0,0.0,400
gams10am,NETLIB,61,110,0.05,Bertsimas-Sim(γ=3.0),"[0. 0. 0. 0. 0. 0. 0. 0. 0. 0. 0. 0. 0. 0. 0. 0. 0. 0. 0. 0. 0. 0. 0. 0.
 0. 0. 0. 0. 0. 0. 0. 0. 0. 0. 0. 0. 0. 0. 0. 0. 0. 0. 0. 0. 0. 0. 0. 0.
 0. 0. 0. 0. 0. 0. 0. 0. 0. 0. 0. 0. 0.]",0.0,,,,,0.00885420001577586,True,,3.0,1.0,,parametric robust (γ=3.0),1.0,0.0,0.0,0.0,0.0,0.0,400
gams10am,NETLIB,61,110,0.05,HiGHS-SAA,"[75.47918342 76.51189991 77.85475508 77.23856582 78.06322134 79.4528145
 78.49301694 78.99261472 79.02061913 77.36724055 77.62867805 77.79395668
 75.76077095 75.82988426 75.20410366 77.00671747 77.57081523 77.98270919
 78.68070617 76.75406958  7.85395876 11.22721268  7.77480941 11.02230797
  7.47324515  3.9272173   7.52511271  3.96126306  0.32577618  4.02532174
  0.98922126  0.29580173  0.9900998   1.64006774  2.32079856  1.71553135
  2.37056472  1.7473129   2.41446106  1.8100035  13.80183674 13.76140052
 13.8387956  13.86056749 13.87320097 13.54443206 13.62076675 13.57007621
 13.90728052 13.65047875  0.          0.          0.70179926  1.38990362
  2.00300629  2.59253759  1.96952034  2.58043687  1.93642709  2.59520706
  0.        ]",-3.180142151692052e-07,,,,,0.6940303999872413,True,,,,,100,0.5525,0.4475,-2.4684444592364035e-08,1.4353254313686733e-06,0.05954450776672297,1.133166092381678,400
gams10am,NETLIB,61,110,0.05,Nominal-LP,"[0. 0. 0. 0. 0. 0. 0. 0. 0. 0. 0. 0. 0. 0. 0. 0. 0. 0. 0. 0. 0. 0. 0. 0.
 0. 0. 0. 0. 0. 0. 0. 0. 0. 0. 0. 0. 0. 0. 0. 0. 0. 0. 0. 0. 0. 0. 0. 0.
 0. 0. 0. 0. 0. 0. 0. 0. 0. 0. 0. 0. 0.]",0.0,,,,,0.0039043000142555684,True,,,,,deterministic (mean only),1.0,0.0,0.0,0.0,0.0,0.0,400
gams10am,NETLIB,61,110,0.05,TSAR-No-calib,"[0. 0. 0. 0. 0. 0. 0. 0. 0. 0. 0. 0. 0. 0. 0. 0. 0. 0. 0. 0. 0. 0. 0. 0.
 0. 0. 0. 0. 0. 0. 0. 0. 0. 0. 0. 0. 0. 0. 0. 0. 0. 0. 0. 0. 0. 0. 0. 0.
 0. 0. 0. 0. 0. 0. 0. 0. 0. 0. 0. 0. 0.]",0.0,0.0,0.0,0.0,0.0,0.01221590000204742,True,0.0,2.0,1.0,fixed_γ=2.0,No-calibration(fixed γ=2.0),1.0,0.0,0.0,0.0,0.0,0.0,400
gams10am,NETLIB,61,110,0.1,TSAR-LP,"[0. 0. 0. 0. 0. 0. 0. 0. 0. 0. 0. 0. 0. 0. 0. 0. 0. 0. 0. 0. 0. 0. 0. 0.
 0. 0. 0. 0. 0. 0. 0. 0. 0. 0. 0. 0. 0. 0. 0. 0. 0. 0. 0. 0. 0. 0. 0. 0.
 0. 0. 0. 0. 0. 0. 0. 0. 0. 0. 0. 0. 0.]",0.0,0.0,0.0,0.0,0.0,0.09277320001274347,True,0.0,5.0,1.0,BS_only,BS-only(γ=5.0),1.0,0.0,0.0,0.0,0.0,0.0,400
gams10am,NETLIB,61,110,0.1,Bertsimas-Sim(γ=3.0),"[0. 0. 0. 0. 0. 0. 0. 0. 0. 0. 0. 0. 0. 0. 0. 0. 0. 0. 0. 0. 0. 0. 0. 0.
 0. 0. 0. 0. 0. 0. 0. 0. 0. 0. 0. 0. 0. 0. 0. 0. 0. 0. 0. 0. 0. 0. 0. 0.
 0. 0. 0. 0. 0. 0. 0. 0. 0. 0. 0. 0. 0.]",0.0,,,,,0.0097607999923639,True,,3.0,1.0,,parametric robust (γ=3.0),1.0,0.0,0.0,0.0,0.0,0.0,400
gams10am,NETLIB,61,110,0.1,HiGHS-SAA,"[3.58258843e+01 3.69725861e+01 3.84110265e+01 3.77892843e+01
 3.86396792e+01 4.00116584e+01 3.91421335e+01 3.96506006e+01
 3.97017528e+01 3.81721501e+01 4.00773023e+01 4.01038850e+01
 3.81282371e+01 3.82518992e+01 3.76392873e+01 3.93788871e+01
 3.98993358e+01 4.01587884e+01 4.07682956e+01 3.90257988e+01
 7.76342668e+00 1.07244726e+01 7.61267801e+00 1.03416687e+01
 7.02564169e+00 3.72696895e+00 7.11542953e+00 3.79478381e+00
 3.39707955e-01 3.92591468e+00 6.62603647e-01 0.00000000e+00
 0.00000000e+00 6.69748749e-01 7.13429522e-01 5.89167434e-02
 7.39022476e-01 6.86495988e-02 7.44134325e-01 9.38800385e-02
 1.52949147e+00 9.57904362e-01 1.54149466e+00 9.63488511e-01
 3.18439332e-01 1.10752883e-01 7.74610812e-01 8.53431345e-02
 7.60964373e-01 8.75013729e-02 0.00000000e+00 0.00000000e+00
 2.70107379e-02 7.15913270e-01 1.29589697e+00 1.83894786e+00
 1.25915120e+00 1.81666949e+00 1.20838335e+00 1.82896127e+00
 0.00000000e+00]",-1.6242162954543292e-07,,,,,0.656835100002354,True,,,,,100,0.6325,0.36750000000000005,-7.683204770275596e-09,7.084812633932221e-07,0.05567167224201353,1.0933926290569214,400
gams10am,NETLIB,61,110,0.1,Nominal-LP,"[0. 0. 0. 0. 0. 0. 0. 0. 0. 0. 0. 0. 0. 0. 0. 0. 0. 0. 0. 0. 0. 0. 0. 0.
 0. 0. 0. 0. 0. 0. 0. 0. 0. 0. 0. 0. 0. 0. 0. 0. 0. 0. 0. 0. 0. 0. 0. 0.
 0. 0. 0. 0. 0. 0. 0. 0. 0. 0. 0. 0. 0.]",0.0,,,,,0.004107399989152327,True,,,,,deterministic (mean only),1.0,0.0,0.0,0.0,0.0,0.0,400
gams10am,NETLIB,61,110,0.1,TSAR-No-calib,"[0. 0. 0. 0. 0. 0. 0. 0. 0. 0. 0. 0. 0. 0. 0. 0. 0. 0. 0. 0. 0. 0. 0. 0.
 0. 0. 0. 0. 0. 0. 0. 0. 0. 0. 0. 0. 0. 0. 0. 0. 0. 0. 0. 0. 0. 0. 0. 0.
 0. 0. 0. 0. 0. 0. 0. 0. 0. 0. 0. 0. 0.]",0.0,0.0,0.0,0.0,0.0,0.013396400026977062,True,0.0,2.0,1.0,fixed_γ=2.0,No-calibration(fixed γ=2.0),1.0,0.0,0.0,0.0,0.0,0.0,400
gams10am,NETLIB,61,110,0.2,TSAR-LP,"[0. 0. 0. 0. 0. 0. 0. 0. 0. 0. 0. 0. 0. 0. 0. 0. 0. 0. 0. 0. 0. 0. 0. 0.
 0. 0. 0. 0. 0. 0. 0. 0. 0. 0. 0. 0. 0. 0. 0. 0. 0. 0. 0. 0. 0. 0. 0. 0.
 0. 0. 0. 0. 0. 0. 0. 0. 0. 0. 0. 0. 0.]",0.0,0.0,0.0,0.0,0.0,0.09741389998816885,True,0.0,5.0,1.0,BS_only,BS-only(γ=5.0),1.0,0.0,0.0,0.0,0.0,0.0,400
gams10am,NETLIB,61,110,0.2,Bertsimas-Sim(γ=3.0),"[0. 0. 0. 0. 0. 0. 0. 0. 0. 0. 0. 0. 0. 0. 0. 0. 0. 0. 0. 0. 0. 0. 0. 0.
 0. 0. 0. 0. 0. 0. 0. 0. 0. 0. 0. 0. 0. 0. 0. 0. 0. 0. 0. 0. 0. 0. 0. 0.
 0. 0. 0. 0. 0. 0. 0. 0. 0. 0. 0. 0. 0.]",0.0,,,,,0.008364600013010204,True,,3.0,1.0,,parametric robust (γ=3.0),1.0,0.0,0.0,0.0,0.0,0.0,400
gams10am,NETLIB,61,110,0.2,HiGHS-SAA,"[ 0.          0.          3.03524497  0.          0.58535913  3.74087901
  0.61070217  3.7640203   6.80289291  4.08909608  8.02960206 10.12536356
  7.263199    4.71154146  1.46982322  4.63046073  7.544688    9.73794917
 11.84308993  9.56049593  1.34708024  4.21272972  0.97262335  3.91369488
  0.42783496  2.97306437  6.00108074  3.11883974  0.          3.35071896
  0.5999962   0.          0.          0.61788053  0.67139251  0.08520639
  0.71989134  0.10309265  0.72815726  0.15286849  1.18938886  0.71433676
  1.20629866  0.71876221  0.13561034  0.13113648  0.73523892  0.08067508
  0.70676326  0.08284558  0.          0.          0.          0.
  0.16956712  0.71943356  0.10052774  0.68176427  0.05537616  0.65645789
  0.        ]",-4.4248219671338006e-08,,,,,0.5485291999939363,True,,,,,100,0.695,0.30500000000000005,-6.032373944790394e-10,1.1788004321610738e-07,0.02574180595934133,0.48063143859582436,400
gams10am,NETLIB,61,110,0.2,Nominal-LP,"[0. 0. 0. 0. 0. 0. 0. 0. 0. 0. 0. 0. 0. 0. 0. 0. 0. 0. 0. 0. 0. 0. 0. 0.
 0. 0. 0. 0. 0. 0. 0. 0. 0. 0. 0. 0. 0. 0. 0. 0. 0. 0. 0. 0. 0. 0. 0. 0.
 0. 0. 0. 0. 0. 0. 0. 0. 0. 0. 0. 0. 0.]",0.0,,,,,0.003983200003858656,True,,,,,deterministic (mean only),1.0,0.0,0.0,0.0,0.0,0.0,400
gams10am,NETLIB,61,110,0.2,TSAR-No-calib,"[0. 0. 0. 0. 0. 0. 0. 0. 0. 0. 0. 0. 0. 0. 0. 0. 0. 0. 0. 0. 0. 0. 0. 0.
 0. 0. 0. 0. 0. 0. 0. 0. 0. 0. 0. 0. 0. 0. 0. 0. 0. 0. 0. 0. 0. 0. 0. 0.
 0. 0. 0. 0. 0. 0. 0. 0. 0. 0. 0. 0. 0.]",0.0,0.0,0.0,0.0,0.0,0.013741200004005805,True,0.0,2.0,1.0,fixed_γ=2.0,No-calibration(fixed γ=2.0),1.0,0.0,0.0,0.0,0.0,0.0,400
gams10am,NETLIB,61,110,0.3,TSAR-LP,"[0. 0. 0. 0. 0. 0. 0. 0. 0. 0. 0. 0. 0. 0. 0. 0. 0. 0. 0. 0. 0. 0. 0. 0.
 0. 0. 0. 0. 0. 0. 0. 0. 0. 0. 0. 0. 0. 0. 0. 0. 0. 0. 0. 0. 0. 0. 0. 0.
 0. 0. 0. 0. 0. 0. 0. 0. 0. 0. 0. 0. 0.]",0.0,0.0,0.0,0.0,0.0,0.10738110000966117,True,0.0,5.0,1.0,BS_only,BS-only(γ=5.0),1.0,0.0,0.0,0.0,0.0,0.0,400
gams10am,NETLIB,61,110,0.3,Bertsimas-Sim(γ=3.0),"[0. 0. 0. 0. 0. 0. 0. 0. 0. 0. 0. 0. 0. 0. 0. 0. 0. 0. 0. 0. 0. 0. 0. 0.
 0. 0. 0. 0. 0. 0. 0. 0. 0. 0. 0. 0. 0. 0. 0. 0. 0. 0. 0. 0. 0. 0. 0. 0.
 0. 0. 0. 0. 0. 0. 0. 0. 0. 0. 0. 0. 0.]",0.0,,,,,0.009842700004810467,True,,3.0,1.0,,parametric robust (γ=3.0),1.0,0.0,0.0,0.0,0.0,0.0,400
gams10am,NETLIB,61,110,0.3,HiGHS-SAA,"[0.         0.         2.69751566 0.         0.66613788 3.52288857
 0.71515082 3.79096029 6.46918647 4.29127457 7.42744251 8.89050532
 6.37327836 4.26312784 1.28623373 2.02256958 4.94814998 7.01024772
 8.90267456 6.99901224 1.44163947 3.88878307 0.91962258 3.51081105
 0.16438606 2.56288732 5.25831956 2.78383192 0.         3.14340443
 0.53935598 0.         0.         0.57087282 0.63229723 0.11051954
 0.70143674 0.13514319 0.7111306  0.20843139 1.01727588 0.62754286
 1.04072079 0.63772844 0.11388448 0.15169363 0.6991342  0.07638543
 0.65493064 0.07639759 0.         0.         0.         0.
 0.20949874 0.67487829 0.10667673 0.62368263 0.04133314 0.58516675
 0.        ]",-3.870666108491933e-08,,,,,0.5297192999860272,True,,,,,100,0.6875,0.3125,-8.094944380525115e-10,9.832574773879389e-08,0.035966019627606684,0.67565630080921,400
gams10am,NETLIB,61,110,0.3,Nominal-LP,"[0. 0. 0. 0. 0. 0. 0. 0. 0. 0. 0. 0. 0. 0. 0. 0. 0. 0. 0. 0. 0. 0. 0. 0.
 0. 0. 0. 0. 0. 0. 0. 0. 0. 0. 0. 0. 0. 0. 0. 0. 0. 0. 0. 0. 0. 0. 0. 0.
 0. 0. 0. 0. 0. 0. 0. 0. 0. 0. 0. 0. 0.]",0.0,,,,,0.004049999988637865,True,,,,,deterministic (mean only),1.0,0.0,0.0,0.0,0.0,0.0,400
gams10am,NETLIB,61,110,0.3,TSAR-No-calib,"[0. 0. 0. 0. 0. 0. 0. 0. 0. 0. 0. 0. 0. 0. 0. 0. 0. 0. 0. 0. 0. 0. 0. 0.
 0. 0. 0. 0. 0. 0. 0. 0. 0. 0. 0. 0. 0. 0. 0. 0. 0. 0. 0. 0. 0. 0. 0. 0.
 0. 0. 0. 0. 0. 0. 0. 0. 0. 0. 0. 0. 0.]",0.0,0.0,0.0,0.0,0.0,0.013264500012155622,True,0.0,2.0,1.0,fixed_γ=2.0,No-calibration(fixed γ=2.0),1.0,0.0,0.0,0.0,0.0,0.0,400
semi-integer,NETLIB,4,4,0.05,TSAR-LP,[1.53053230e+00 1.21174122e+00 0.00000000e+00 8.17397791e+07],-245219333.28930354,-245219333.28930354,3869396.5884680357,-252803350.6027009,-237635315.9759062,0.03785969997989014,True,0,5.0,1.0,BS_only,BS-only(γ=5.0),1.0,0.0,-245101187.2486729,3866524.1204762724,0.0,0.0,400
semi-integer,NETLIB,4,4,0.1,TSAR-LP,[1.39210134e+00 1.16686097e+00 0.00000000e+00 6.27388352e+07],-188216501.97532183,-188216501.97532183,5939860.060274747,-199858627.69346035,-176574376.2571833,0.03721759998006746,True,0,5.0,1.0,BS_only,BS-only(γ=5.0),1.0,0.0,-188035137.5342594,5935450.571577669,0.0,0.0,400
semi-integer,NETLIB,4,4,0.2,TSAR-LP,[1.10934324e+00 1.05300531e+00 0.00000000e+00 2.93704782e+07],-88111431.35442238,-88111431.35442238,5561356.883349533,-99011690.84578747,-77211171.86305729,0.036956199997803196,True,0,5.0,1.0,BS_only,BS-only(γ=5.0),1.0,0.0,-87941623.92088486,5557228.37573887,0.0,0.0,400
semi-integer,NETLIB,4,4,0.3,TSAR-LP,[8.21312243e-01 8.97864123e-01 0.00000000e+00 3.59836096e+06],-10795080.267395623,-10795080.267395623,1022034.9101231477,-12798268.691236991,-8791891.843554255,0.03642039999249391,True,0,5.0,1.0,BS_only,BS-only(γ=5.0),1.0,0.0,-10763874.007984733,1021276.1896564113,0.0,0.0,400
primal1,NETLIB,325,85,0.05,TSAR-LP,"[2.78788498e-02 0.00000000e+00 2.63402246e-04 0.00000000e+00
 0.00000000e+00 0.00000000e+00 0.00000000e+00 0.00000000e+00
 0.00000000e+00 0.00000000e+00 0.00000000e+00 1.32376516e-03
 0.00000000e+00 3.71938303e-04 0.00000000e+00 0.00000000e+00
 0.00000000e+00 8.15599197e-03 0.00000000e+00 0.00000000e+00
 0.00000000e+00 0.00000000e+00 0.00000000e+00 1.35307638e-03
 0.00000000e+00 1.26967857e-03 0.00000000e+00 0.00000000e+00
 0.00000000e+00 0.00000000e+00 0.00000000e+00 0.00000000e+00
 0.00000000e+00 0.00000000e+00 0.00000000e+00 0.00000000e+00
 0.00000000e+00 0.00000000e+00 0.00000000e+00 1.86391208e-03
 0.00000000e+00 0.00000000e+00 0.00000000e+00 0.00000000e+00
 0.00000000e+00 0.00000000e+00 0.00000000e+00 0.00000000e+00
 0.00000000e+00 0.00000000e+00 0.00000000e+00 7.29492723e-03
 0.00000000e+00 0.00000000e+00 0.00000000e+00 0.00000000e+00
 0.00000000e+00 0.00000000e+00 0.00000000e+00 0.00000000e+00
 3.17145047e-03 0.00000000e+00 0.00000000e+00 2.76945206e-04
 0.00000000e+00 0.00000000e+00 0.00000000e+00 0.00000000e+00
 7.51728992e-03 0.00000000e+00 0.00000000e+00 0.00000000e+00
 1.29162759e-03 0.00000000e+00 0.00000000e+00 0.00000000e+00
 0.00000000e+00 0.00000000e+00 0.00000000e+00 0.00000000e+00
 0.00000000e+00 0.00000000e+00 0.00000000e+00 0.00000000e+00
 2.04001477e-03 0.00000000e+00 3.00145102e-03 1.18801793e-03
 0.00000000e+00 0.00000000e+00 0.00000000e+00 0.00000000e+00
 1.48959720e-03 0.00000000e+00 0.00000000e+00 0.00000000e+00
 1.34422561e-03 3.34114254e-03 0.00000000e+00 0.00000000e+00
 0.00000000e+00 0.00000000e+00 0.00000000e+00 0.00000000e+00
 0.00000000e+00 0.00000000e+00 2.87418529e-03 0.00000000e+00
 0.00000000e+00 5.59319602e-05 0.00000000e+00 0.00000000e+00
 0.00000000e+00 0.00000000e+00 0.00000000e+00 0.00000000e+00
 0.00000000e+00 0.00000000e+00 0.00000000e+00 0.00000000e+00
 3.22597333e-02 0.00000000e+00 0.00000000e+00 5.12171535e-04
 0.00000000e+00 0.00000000e+00 5.58374309e-03 0.00000000e+00
 0.00000000e+00 2.18902608e-02 0.00000000e+00 0.00000000e+00
 0.00000000e+00 0.00000000e+00 0.00000000e+00 0.00000000e+00
 0.00000000e+00 0.00000000e+00 0.00000000e+00 0.00000000e+00
 0.00000000e+00 2.54684919e-03 0.00000000e+00 0.00000000e+00
 0.00000000e+00 0.00000000e+00 0.00000000e+00 0.00000000e+00
 0.00000000e+00 7.52340617e-04 0.00000000e+00 0.00000000e+00
 4.10158449e-03 1.95831128e-04 1.08212470e-04 4.84324540e-03
 0.00000000e+00 0.00000000e+00 1.47584497e-03 0.00000000e+00
 1.26469152e-03 0.00000000e+00 0.00000000e+00 8.06149151e-06
 0.00000000e+00 0.00000000e+00 0.00000000e+00 0.00000000e+00
 0.00000000e+00 0.00000000e+00 0.00000000e+00 0.00000000e+00
 0.00000000e+00 3.00371769e-03 0.00000000e+00 0.00000000e+00
 0.00000000e+00 0.00000000e+00 0.00000000e+00 0.00000000e+00
 0.00000000e+00 5.21116008e-05 0.00000000e+00 0.00000000e+00
 0.00000000e+00 0.00000000e+00 0.00000000e+00 3.76982613e-03
 0.00000000e+00 0.00000000e+00 0.00000000e+00 0.00000000e+00
 0.00000000e+00 0.00000000e+00 1.15196968e-04 0.00000000e+00
 0.00000000e+00 5.54487318e-04 0.00000000e+00 0.00000000e+00
 0.00000000e+00 0.00000000e+00 0.00000000e+00 1.69721195e-03
 0.00000000e+00 0.00000000e+00 1.27360580e-03 0.00000000e+00
 0.00000000e+00 0.00000000e+00 0.00000000e+00 0.00000000e+00
 0.00000000e+00 9.39625131e-04 0.00000000e+00 0.00000000e+00
 1.60828497e-04 0.00000000e+00 0.00000000e+00 0.00000000e+00
 0.00000000e+00 0.00000000e+00 0.00000000e+00 0.00000000e+00
 0.00000000e+00 0.00000000e+00 0.00000000e+00 0.00000000e+00
 0.00000000e+00 0.00000000e+00 0.00000000e+00 3.97707916e-03
 0.00000000e+00 0.00000000e+00 3.03269780e-03 0.00000000e+00
 0.00000000e+00 1.70080502e-03 0.00000000e+00 0.00000000e+00
 1.77804123e-02 0.00000000e+00 0.00000000e+00 0.00000000e+00
 3.19361068e-03 0.00000000e+00 0.00000000e+00 0.00000000e+00
 7.74646251e-03 1.42387204e-02 0.00000000e+00 1.63233157e-03
 0.00000000e+00 0.00000000e+00 0.00000000e+00 0.00000000e+00
 0.00000000e+00 0.00000000e+00 0.00000000e+00 0.00000000e+00
 0.00000000e+00 0.00000000e+00 1.06627366e-02 0.00000000e+00
 0.00000000e+00 0.00000000e+00 0.00000000e+00 0.00000000e+00
 0.00000000e+00 0.00000000e+00 0.00000000e+00 0.00000000e+00
 0.00000000e+00 0.00000000e+00 0.00000000e+00 0.00000000e+00
 0.00000000e+00 0.00000000e+00 0.00000000e+00 0.00000000e+00
 0.00000000e+00 0.00000000e+00 0.00000000e+00 0.00000000e+00
 0.00000000e+00 0.00000000e+00 0.00000000e+00 4.24188781e-03
 0.00000000e+00 0.00000000e+00 0.00000000e+00 0.00000000e+00
 4.72016910e-02 0.00000000e+00 0.00000000e+00 0.00000000e+00
 1.70460927e-03 1.25076046e-03 0.00000000e+00 0.00000000e+00
 0.00000000e+00 0.00000000e+00 0.00000000e+00 0.00000000e+00
 0.00000000e+00 0.00000000e+00 0.00000000e+00 0.00000000e+00
 0.00000000e+00 0.00000000e+00 0.00000000e+00 0.00000000e+00
 0.00000000e+00 0.00000000e+00 0.00000000e+00 0.00000000e+00
 0.00000000e+00 0.00000000e+00 0.00000000e+00 0.00000000e+00
 0.00000000e+00 0.00000000e+00 0.00000000e+00 0.00000000e+00
 1.65827833e-03]",-0.02787884982396286,-0.02787884982396286,0.00047259784279578233,-0.028805141595842593,-0.026952558052083127,0.7893341000017244,True,0,5.0,1.0,BS_only,BS-only(γ=5.0),1.0,0.0,-0.027899637238327384,0.00047859837744471296,0.0,0.0,400
primal1,NETLIB,325,85,0.1,TSAR-LP,"[2.33420130e-02 0.00000000e+00 1.14985044e-03 0.00000000e+00
 0.00000000e+00 0.00000000e+00 6.55344790e-04 0.00000000e+00
 0.00000000e+00 0.00000000e+00 0.00000000e+00 6.44638082e-04
 0.00000000e+00 0.00000000e+00 0.00000000e+00 0.00000000e+00
 0.00000000e+00 8.03296802e-03 0.00000000e+00 0.00000000e+00
 0.00000000e+00 0.00000000e+00 0.00000000e+00 3.17291234e-03
 0.00000000e+00 0.00000000e+00 0.00000000e+00 0.00000000e+00
 1.71618247e-03 0.00000000e+00 0.00000000e+00 0.00000000e+00
 0.00000000e+00 0.00000000e+00 0.00000000e+00 0.00000000e+00
 0.00000000e+00 0.00000000e+00 0.00000000e+00 6.67866300e-04
 0.00000000e+00 0.00000000e+00 0.00000000e+00 0.00000000e+00
 0.00000000e+00 0.00000000e+00 0.00000000e+00 0.00000000e+00
 0.00000000e+00 0.00000000e+00 0.00000000e+00 5.59395872e-04
 0.00000000e+00 0.00000000e+00 0.00000000e+00 0.00000000e+00
 0.00000000e+00 0.00000000e+00 0.00000000e+00 0.00000000e+00
 0.00000000e+00 0.00000000e+00 0.00000000e+00 1.41010552e-03
 0.00000000e+00 0.00000000e+00 0.00000000e+00 0.00000000e+00
 6.84117805e-03 0.00000000e+00 0.00000000e+00 0.00000000e+00
 0.00000000e+00 2.57521578e-03 0.00000000e+00 0.00000000e+00
 0.00000000e+00 0.00000000e+00 0.00000000e+00 0.00000000e+00
 0.00000000e+00 0.00000000e+00 0.00000000e+00 0.00000000e+00
 7.46712713e-04 0.00000000e+00 0.00000000e+00 1.05443082e-03
 0.00000000e+00 0.00000000e+00 0.00000000e+00 0.00000000e+00
 2.16516305e-03 0.00000000e+00 0.00000000e+00 0.00000000e+00
 0.00000000e+00 4.86689797e-04 0.00000000e+00 0.00000000e+00
 0.00000000e+00 0.00000000e+00 0.00000000e+00 0.00000000e+00
 0.00000000e+00 0.00000000e+00 5.05472090e-04 0.00000000e+00
 0.00000000e+00 1.01834240e-03 0.00000000e+00 0.00000000e+00
 0.00000000e+00 0.00000000e+00 0.00000000e+00 0.00000000e+00
 0.00000000e+00 0.00000000e+00 0.00000000e+00 0.00000000e+00
 2.00377125e-02 0.00000000e+00 0.00000000e+00 4.04308526e-04
 0.00000000e+00 0.00000000e+00 1.21810481e-02 0.00000000e+00
 0.00000000e+00 9.15194246e-03 0.00000000e+00 0.00000000e+00
 1.10207777e-03 0.00000000e+00 0.00000000e+00 0.00000000e+00
 0.00000000e+00 0.00000000e+00 0.00000000e+00 0.00000000e+00
 0.00000000e+00 2.42036082e-03 0.00000000e+00 0.00000000e+00
 0.00000000e+00 0.00000000e+00 0.00000000e+00 0.00000000e+00
 0.00000000e+00 0.00000000e+00 0.00000000e+00 0.00000000e+00
 3.02939824e-03 0.00000000e+00 0.00000000e+00 2.27136874e-03
 0.00000000e+00 0.00000000e+00 0.00000000e+00 0.00000000e+00
 1.32839722e-03 0.00000000e+00 0.00000000e+00 0.00000000e+00
 0.00000000e+00 0.00000000e+00 0.00000000e+00 9.25977806e-05
 0.00000000e+00 0.00000000e+00 0.00000000e+00 0.00000000e+00
 0.00000000e+00 4.52862182e-03 0.00000000e+00 0.00000000e+00
 0.00000000e+00 0.00000000e+00 0.00000000e+00 0.00000000e+00
 0.00000000e+00 0.00000000e+00 0.00000000e+00 0.00000000e+00
 0.00000000e+00 0.00000000e+00 0.00000000e+00 1.90870020e-03
 0.00000000e+00 0.00000000e+00 0.00000000e+00 0.00000000e+00
 0.00000000e+00 0.00000000e+00 0.00000000e+00 0.00000000e+00
 0.00000000e+00 0.00000000e+00 0.00000000e+00 0.00000000e+00
 0.00000000e+00 0.00000000e+00 0.00000000e+00 0.00000000e+00
 0.00000000e+00 0.00000000e+00 1.30107791e-03 0.00000000e+00
 0.00000000e+00 0.00000000e+00 0.00000000e+00 0.00000000e+00
 0.00000000e+00 9.98294353e-04 0.00000000e+00 0.00000000e+00
 1.84213548e-03 0.00000000e+00 1.78474230e-03 0.00000000e+00
 0.00000000e+00 0.00000000e+00 0.00000000e+00 0.00000000e+00
 0.00000000e+00 0.00000000e+00 0.00000000e+00 0.00000000e+00
 0.00000000e+00 0.00000000e+00 0.00000000e+00 0.00000000e+00
 0.00000000e+00 0.00000000e+00 0.00000000e+00 0.00000000e+00
 0.00000000e+00 1.81101025e-03 0.00000000e+00 0.00000000e+00
 2.46827826e-02 0.00000000e+00 0.00000000e+00 0.00000000e+00
 2.04188851e-03 0.00000000e+00 0.00000000e+00 0.00000000e+00
 2.78178720e-03 1.09006207e-02 0.00000000e+00 1.42276835e-03
 0.00000000e+00 0.00000000e+00 0.00000000e+00 0.00000000e+00
 0.00000000e+00 0.00000000e+00 0.00000000e+00 0.00000000e+00
 0.00000000e+00 0.00000000e+00 1.18361517e-02 0.00000000e+00
 2.90824372e-02 0.00000000e+00 0.00000000e+00 0.00000000e+00
 3.53057858e-04 0.00000000e+00 0.00000000e+00 0.00000000e+00
 0.00000000e+00 0.00000000e+00 0.00000000e+00 0.00000000e+00
 0.00000000e+00 0.00000000e+00 0.00000000e+00 0.00000000e+00
 0.00000000e+00 0.00000000e+00 0.00000000e+00 0.00000000e+00
 0.00000000e+00 0.00000000e+00 1.74698632e-03 0.00000000e+00
 0.00000000e+00 0.00000000e+00 0.00000000e+00 0.00000000e+00
 0.00000000e+00 0.00000000e+00 0.00000000e+00 0.00000000e+00
 6.84017507e-04 0.00000000e+00 0.00000000e+00 0.00000000e+00
 0.00000000e+00 0.00000000e+00 0.00000000e+00 0.00000000e+00
 0.00000000e+00 0.00000000e+00 0.00000000e+00 0.00000000e+00
 0.00000000e+00 0.00000000e+00 0.00000000e+00 0.00000000e+00
 1.49062580e-04 0.00000000e+00 0.00000000e+00 0.00000000e+00
 0.00000000e+00 0.00000000e+00 0.00000000e+00 0.00000000e+00
 4.19468965e-04 0.00000000e+00 0.00000000e+00 0.00000000e+00
 4.85704135e-04]",-0.02334201302155724,-0.02334201302155724,0.0007913801137291316,-0.02489311804446634,-0.02179090799864814,2.22172239999054,True,0,5.0,1.0,BS_only,BS-only(γ=5.0),1.0,0.0,-0.023376822170538363,0.0008014281943332566,0.0,0.0,400
primal1,NETLIB,325,85,0.2,TSAR-LP,"[0.01594987 0.         0.         0.         0.         0.
 0.         0.         0.         0.         0.         0.00164122
 0.         0.00083471 0.         0.         0.         0.00793525
 0.         0.         0.         0.00053878 0.         0.00228782
 0.         0.         0.         0.         0.00168809 0.
 0.         0.         0.         0.         0.         0.
 0.         0.         0.         0.00222643 0.         0.
 0.         0.         0.         0.         0.         0.
 0.         0.         0.         0.00212726 0.         0.
 0.         0.         0.         0.         0.         0.
 0.00075615 0.00269137 0.         0.00104679 0.         0.
 0.         0.         0.00715266 0.0014854  0.         0.
 0.00056928 0.00308531 0.         0.         0.         0.
 0.         0.         0.         0.         0.         0.
 0.00211196 0.         0.00024661 0.00165083 0.         0.
 0.         0.         0.00687312 0.         0.         0.
 0.         0.00135312 0.         0.         0.         0.
 0.         0.         0.         0.         0.         0.
 0.         0.         0.         0.         0.         0.
 0.         0.         0.         0.         0.         0.
 0.00339695 0.         0.         0.00086817 0.         0.
 0.01766739 0.         0.         0.01412189 0.         0.0003541
 0.         0.         0.         0.         0.         0.
 0.         0.         0.         0.00192111 0.         0.
 0.         0.         0.         0.         0.         0.
 0.         0.         0.00139262 0.         0.         0.
 0.         0.         0.         0.         0.         0.
 0.         0.         0.         0.         0.         0.00016498
 0.         0.         0.00031498 0.         0.         0.00451348
 0.         0.         0.         0.         0.         0.
 0.         0.         0.         0.         0.         0.
 0.         0.0011553  0.         0.         0.         0.
 0.         0.         0.         0.         0.         0.
 0.         0.         0.         0.         0.         0.
 0.         0.         0.         0.         0.         0.
 0.         0.         0.         0.         0.         0.
 0.00078603 0.         0.         0.         0.         0.
 0.         0.         0.         0.         0.         0.
 0.         0.         0.         0.00062194 0.         0.
 0.         0.         0.         0.         0.         0.
 0.01984686 0.         0.         0.         0.00066762 0.
 0.         0.         0.0020688  0.01203048 0.         0.0022751
 0.         0.         0.         0.         0.         0.
 0.         0.         0.         0.         0.00488399 0.
 0.0093857  0.         0.         0.         0.         0.
 0.         0.         0.         0.         0.         0.
 0.         0.         0.         0.         0.         0.
 0.         0.00060502 0.         0.00118802 0.00403329 0.
 0.         0.         0.         0.         0.         0.
 0.         0.         0.         0.         0.         0.
 0.         0.         0.         0.         0.         0.
 0.         0.         0.         0.         0.         0.
 0.         0.         0.         0.         0.         0.
 0.         0.         0.00498639 0.         0.         0.
 0.        ]",-0.015949865151072093,-0.015949865151072093,0.001081518147179853,-0.018069640719544606,-0.013830089582599582,0.9162865000253078,True,0,5.0,1.0,BS_only,BS-only(γ=5.0),1.0,0.0,-0.01599743613108395,0.001095250081553231,0.0,0.0,400
primal1,NETLIB,325,85,0.3,TSAR-LP,"[9.90985890e-03 0.00000000e+00 6.38826427e-04 0.00000000e+00
 0.00000000e+00 0.00000000e+00 0.00000000e+00 0.00000000e+00
 0.00000000e+00 0.00000000e+00 0.00000000e+00 4.85881045e-04
 0.00000000e+00 0.00000000e+00 0.00000000e+00 0.00000000e+00
 0.00000000e+00 6.38297278e-03 0.00000000e+00 0.00000000e+00
 0.00000000e+00 0.00000000e+00 0.00000000e+00 0.00000000e+00
 0.00000000e+00 0.00000000e+00 0.00000000e+00 0.00000000e+00
 0.00000000e+00 0.00000000e+00 0.00000000e+00 0.00000000e+00
 0.00000000e+00 0.00000000e+00 0.00000000e+00 0.00000000e+00
 0.00000000e+00 0.00000000e+00 0.00000000e+00 2.75393698e-03
 0.00000000e+00 0.00000000e+00 0.00000000e+00 0.00000000e+00
 0.00000000e+00 0.00000000e+00 0.00000000e+00 0.00000000e+00
 0.00000000e+00 0.00000000e+00 0.00000000e+00 7.34545548e-03
 0.00000000e+00 0.00000000e+00 0.00000000e+00 0.00000000e+00
 0.00000000e+00 0.00000000e+00 0.00000000e+00 0.00000000e+00
 1.42723427e-05 2.76186200e-03 0.00000000e+00 7.32874961e-04
 0.00000000e+00 0.00000000e+00 0.00000000e+00 0.00000000e+00
 4.49164039e-03 2.56262130e-03 0.00000000e+00 0.00000000e+00
 2.42761720e-03 0.00000000e+00 0.00000000e+00 3.43473337e-05
 0.00000000e+00 0.00000000e+00 0.00000000e+00 0.00000000e+00
 0.00000000e+00 0.00000000e+00 0.00000000e+00 0.00000000e+00
 0.00000000e+00 0.00000000e+00 0.00000000e+00 2.55255951e-03
 0.00000000e+00 0.00000000e+00 0.00000000e+00 0.00000000e+00
 2.46018779e-03 0.00000000e+00 0.00000000e+00 0.00000000e+00
 0.00000000e+00 0.00000000e+00 0.00000000e+00 0.00000000e+00
 0.00000000e+00 0.00000000e+00 0.00000000e+00 0.00000000e+00
 0.00000000e+00 0.00000000e+00 0.00000000e+00 0.00000000e+00
 0.00000000e+00 0.00000000e+00 0.00000000e+00 0.00000000e+00
 0.00000000e+00 0.00000000e+00 0.00000000e+00 0.00000000e+00
 0.00000000e+00 0.00000000e+00 0.00000000e+00 0.00000000e+00
 4.06940851e-03 0.00000000e+00 0.00000000e+00 2.49408058e-04
 0.00000000e+00 0.00000000e+00 1.44567675e-02 0.00000000e+00
 0.00000000e+00 1.17333731e-02 0.00000000e+00 4.47363417e-03
 0.00000000e+00 0.00000000e+00 0.00000000e+00 0.00000000e+00
 0.00000000e+00 0.00000000e+00 0.00000000e+00 0.00000000e+00
 0.00000000e+00 6.91826984e-04 0.00000000e+00 0.00000000e+00
 0.00000000e+00 0.00000000e+00 0.00000000e+00 0.00000000e+00
 0.00000000e+00 0.00000000e+00 0.00000000e+00 0.00000000e+00
 0.00000000e+00 0.00000000e+00 0.00000000e+00 0.00000000e+00
 0.00000000e+00 0.00000000e+00 0.00000000e+00 0.00000000e+00
 0.00000000e+00 0.00000000e+00 0.00000000e+00 0.00000000e+00
 0.00000000e+00 0.00000000e+00 0.00000000e+00 6.22920184e-04
 0.00000000e+00 0.00000000e+00 1.01610258e-03 0.00000000e+00
 0.00000000e+00 2.27262185e-03 0.00000000e+00 0.00000000e+00
 0.00000000e+00 0.00000000e+00 0.00000000e+00 0.00000000e+00
 0.00000000e+00 0.00000000e+00 0.00000000e+00 0.00000000e+00
 0.00000000e+00 0.00000000e+00 9.92016021e-04 5.44829445e-05
 0.00000000e+00 0.00000000e+00 0.00000000e+00 0.00000000e+00
 0.00000000e+00 0.00000000e+00 0.00000000e+00 0.00000000e+00
 0.00000000e+00 0.00000000e+00 0.00000000e+00 0.00000000e+00
 0.00000000e+00 0.00000000e+00 0.00000000e+00 0.00000000e+00
 0.00000000e+00 0.00000000e+00 0.00000000e+00 0.00000000e+00
 0.00000000e+00 0.00000000e+00 0.00000000e+00 0.00000000e+00
 0.00000000e+00 0.00000000e+00 0.00000000e+00 0.00000000e+00
 0.00000000e+00 0.00000000e+00 0.00000000e+00 0.00000000e+00
 0.00000000e+00 0.00000000e+00 0.00000000e+00 0.00000000e+00
 0.00000000e+00 0.00000000e+00 0.00000000e+00 0.00000000e+00
 0.00000000e+00 0.00000000e+00 0.00000000e+00 3.09245178e-03
 0.00000000e+00 0.00000000e+00 0.00000000e+00 0.00000000e+00
 0.00000000e+00 8.47922780e-04 0.00000000e+00 0.00000000e+00
 1.58430989e-02 0.00000000e+00 0.00000000e+00 0.00000000e+00
 1.81678374e-03 0.00000000e+00 0.00000000e+00 0.00000000e+00
 4.76811913e-05 1.05466323e-02 0.00000000e+00 0.00000000e+00
 5.73572429e-03 0.00000000e+00 0.00000000e+00 0.00000000e+00
 0.00000000e+00 0.00000000e+00 0.00000000e+00 0.00000000e+00
 0.00000000e+00 0.00000000e+00 6.77465872e-03 0.00000000e+00
 8.29379968e-03 0.00000000e+00 0.00000000e+00 0.00000000e+00
 4.02355076e-04 0.00000000e+00 0.00000000e+00 0.00000000e+00
 0.00000000e+00 0.00000000e+00 0.00000000e+00 0.00000000e+00
 0.00000000e+00 0.00000000e+00 0.00000000e+00 0.00000000e+00
 0.00000000e+00 0.00000000e+00 0.00000000e+00 3.95794305e-03
 0.00000000e+00 1.66017895e-03 2.94452573e-03 0.00000000e+00
 0.00000000e+00 0.00000000e+00 8.77745707e-04 0.00000000e+00
 0.00000000e+00 0.00000000e+00 0.00000000e+00 0.00000000e+00
 0.00000000e+00 3.07259337e-04 0.00000000e+00 0.00000000e+00
 0.00000000e+00 0.00000000e+00 0.00000000e+00 0.00000000e+00
 0.00000000e+00 0.00000000e+00 0.00000000e+00 0.00000000e+00
 0.00000000e+00 0.00000000e+00 0.00000000e+00 0.00000000e+00
 0.00000000e+00 0.00000000e+00 0.00000000e+00 0.00000000e+00
 0.00000000e+00 0.00000000e+00 0.00000000e+00 0.00000000e+00
 4.16248756e-03 0.00000000e+00 0.00000000e+00 0.00000000e+00
 0.00000000e+00]",-0.009909858898002088,-0.009909858898002088,0.0010079419403461467,-0.011885425101080536,-0.00793429269492364,0.7960665000136942,True,0,5.0,1.0,BS_only,BS-only(γ=5.0),1.0,0.0,-0.00995419360118515,0.0010207396876204425,0.0,0.0,400
bgetam,NETLIB,688,128,0.05,TSAR-LP,"[0.00000000e+00 0.00000000e+00 0.00000000e+00 0.00000000e+00
 0.00000000e+00 0.00000000e+00 0.00000000e+00 0.00000000e+00
 0.00000000e+00 0.00000000e+00 0.00000000e+00 0.00000000e+00
 0.00000000e+00 0.00000000e+00 0.00000000e+00 0.00000000e+00
 0.00000000e+00 0.00000000e+00 0.00000000e+00 0.00000000e+00
 0.00000000e+00 0.00000000e+00 0.00000000e+00 0.00000000e+00
 0.00000000e+00 0.00000000e+00 0.00000000e+00 0.00000000e+00
 0.00000000e+00 0.00000000e+00 0.00000000e+00 0.00000000e+00
 0.00000000e+00 0.00000000e+00 0.00000000e+00 0.00000000e+00
 0.00000000e+00 0.00000000e+00 0.00000000e+00 0.00000000e+00
 0.00000000e+00 0.00000000e+00 0.00000000e+00 0.00000000e+00
 0.00000000e+00 0.00000000e+00 0.00000000e+00 0.00000000e+00
 0.00000000e+00 0.00000000e+00 0.00000000e+00 0.00000000e+00
 0.00000000e+00 0.00000000e+00 0.00000000e+00 0.00000000e+00
 0.00000000e+00 0.00000000e+00 0.00000000e+00 0.00000000e+00
 0.00000000e+00 0.00000000e+00 0.00000000e+00 0.00000000e+00
 5.24929305e+07 0.00000000e+00 0.00000000e+00 0.00000000e+00
 0.00000000e+00 0.00000000e+00 0.00000000e+00 0.00000000e+00
 0.00000000e+00 0.00000000e+00 0.00000000e+00 0.00000000e+00
 0.00000000e+00 0.00000000e+00 0.00000000e+00 0.00000000e+00
 1.10920705e+00 1.13873221e+00 0.00000000e+00 0.00000000e+00
 0.00000000e+00 1.10945808e+00 0.00000000e+00 0.00000000e+00
 0.00000000e+00 0.00000000e+00 0.00000000e+00 1.11187161e+00
 0.00000000e+00 0.00000000e+00 0.00000000e+00 0.00000000e+00
 0.00000000e+00 0.00000000e+00 0.00000000e+00 0.00000000e+00
 0.00000000e+00 0.00000000e+00 0.00000000e+00 0.00000000e+00
 0.00000000e+00 0.00000000e+00 0.00000000e+00 0.00000000e+00
 0.00000000e+00 0.00000000e+00 0.00000000e+00 0.00000000e+00
 0.00000000e+00 0.00000000e+00 0.00000000e+00 0.00000000e+00
 0.00000000e+00 0.00000000e+00 0.00000000e+00 0.00000000e+00
 0.00000000e+00 0.00000000e+00 0.00000000e+00 0.00000000e+00
 0.00000000e+00 0.00000000e+00 0.00000000e+00 0.00000000e+00
 0.00000000e+00 0.00000000e+00 0.00000000e+00 0.00000000e+00
 0.00000000e+00 0.00000000e+00 0.00000000e+00 0.00000000e+00
 0.00000000e+00 0.00000000e+00 0.00000000e+00 0.00000000e+00
 0.00000000e+00 0.00000000e+00 0.00000000e+00 0.00000000e+00
 0.00000000e+00 0.00000000e+00 0.00000000e+00 0.00000000e+00
 0.00000000e+00 0.00000000e+00 0.00000000e+00 0.00000000e+00
 0.00000000e+00 0.00000000e+00 0.00000000e+00 0.00000000e+00
 0.00000000e+00 0.00000000e+00 0.00000000e+00 0.00000000e+00
 0.00000000e+00 0.00000000e+00 0.00000000e+00 0.00000000e+00
 0.00000000e+00 0.00000000e+00 0.00000000e+00 0.00000000e+00
 0.00000000e+00 0.00000000e+00 0.00000000e+00 0.00000000e+00
 0.00000000e+00 0.00000000e+00 0.00000000e+00 0.00000000e+00
 0.00000000e+00 0.00000000e+00 0.00000000e+00 0.00000000e+00
 0.00000000e+00 0.00000000e+00 0.00000000e+00 0.00000000e+00
 0.00000000e+00 0.00000000e+00 0.00000000e+00 0.00000000e+00
 0.00000000e+00 0.00000000e+00 0.00000000e+00 0.00000000e+00
 0.00000000e+00 0.00000000e+00 1.10466315e+00 0.00000000e+00
 0.00000000e+00 0.00000000e+00 0.00000000e+00 0.00000000e+00
 1.12781638e+00 0.00000000e+00 1.10409648e+00 0.00000000e+00
 1.13227642e+00 0.00000000e+00 0.00000000e+00 1.10753339e+00
 0.00000000e+00 0.00000000e+00 0.00000000e+00 1.15321091e+00
 1.12694351e+00 0.00000000e+00 1.10021241e+00 1.10830248e+00
 0.00000000e+00 1.12932430e+00 0.00000000e+00 0.00000000e+00
 0.00000000e+00 1.11341274e+00 1.11358772e+00 0.00000000e+00
 0.00000000e+00 0.00000000e+00 0.00000000e+00 0.00000000e+00
 0.00000000e+00 0.00000000e+00 0.00000000e+00 0.00000000e+00
 0.00000000e+00 0.00000000e+00 0.00000000e+00 0.00000000e+00
 0.00000000e+00 0.00000000e+00 0.00000000e+00 0.00000000e+00
 0.00000000e+00 0.00000000e+00 0.00000000e+00 0.00000000e+00
 0.00000000e+00 0.00000000e+00 0.00000000e+00 0.00000000e+00
 0.00000000e+00 0.00000000e+00 0.00000000e+00 0.00000000e+00
 0.00000000e+00 0.00000000e+00 0.00000000e+00 0.00000000e+00
 1.10676923e+00 1.14605702e+00 1.12252430e+00 0.00000000e+00
 0.00000000e+00 1.12296948e+00 0.00000000e+00 0.00000000e+00
 0.00000000e+00 0.00000000e+00 0.00000000e+00 0.00000000e+00
 1.10299713e+00 0.00000000e+00 0.00000000e+00 1.10390090e+00
 0.00000000e+00 0.00000000e+00 0.00000000e+00 1.16224035e+00
 1.11389018e+00 0.00000000e+00 1.12678222e+00 1.15008122e+00
 1.13541764e+00 0.00000000e+00 0.00000000e+00 0.00000000e+00
 0.00000000e+00 0.00000000e+00 1.14019231e+00 0.00000000e+00
 0.00000000e+00 0.00000000e+00 0.00000000e+00 0.00000000e+00
 0.00000000e+00 0.00000000e+00 0.00000000e+00 0.00000000e+00
 0.00000000e+00 0.00000000e+00 0.00000000e+00 0.00000000e+00
 0.00000000e+00 0.00000000e+00 0.00000000e+00 0.00000000e+00
 0.00000000e+00 0.00000000e+00 0.00000000e+00 0.00000000e+00
 0.00000000e+00 0.00000000e+00 0.00000000e+00 0.00000000e+00
 0.00000000e+00 1.12669518e+00 1.10528727e+00 1.12534362e+00
 0.00000000e+00 1.13999277e+00 0.00000000e+00 0.00000000e+00
 0.00000000e+00 0.00000000e+00 0.00000000e+00 0.00000000e+00
 0.00000000e+00 0.00000000e+00 0.00000000e+00 0.00000000e+00
 0.00000000e+00 1.11617466e+00 0.00000000e+00 0.00000000e+00
 0.00000000e+00 0.00000000e+00 0.00000000e+00 0.00000000e+00
 0.00000000e+00 0.00000000e+00 3.59224310e-01 3.80884710e-01
 0.00000000e+00 3.85569061e-01 2.42147609e-01 4.14218283e+01
 8.55597244e-02 0.00000000e+00 0.00000000e+00 0.00000000e+00
 0.00000000e+00 0.00000000e+00 0.00000000e+00 0.00000000e+00
 0.00000000e+00 1.85725146e+00 1.59861822e+00 1.58027032e+00
 1.85969276e+00 1.53570393e+00 1.37388894e+00 4.08783718e+01
 1.23169859e+00 0.00000000e+00 1.10097952e+00 0.00000000e+00
 1.11709867e+00 0.00000000e+00 0.00000000e+00 0.00000000e+00
 0.00000000e+00 0.00000000e+00 0.00000000e+00 0.00000000e+00
 0.00000000e+00 0.00000000e+00 0.00000000e+00 0.00000000e+00
 0.00000000e+00 0.00000000e+00 0.00000000e+00 0.00000000e+00
 0.00000000e+00 0.00000000e+00 0.00000000e+00 0.00000000e+00
 2.11168717e+01 0.00000000e+00 0.00000000e+00 0.00000000e+00
 0.00000000e+00 0.00000000e+00 0.00000000e+00 0.00000000e+00
 0.00000000e+00 0.00000000e+00 0.00000000e+00 0.00000000e+00
 0.00000000e+00 0.00000000e+00 0.00000000e+00 0.00000000e+00
 0.00000000e+00 0.00000000e+00 0.00000000e+00 0.00000000e+00
 0.00000000e+00 0.00000000e+00 0.00000000e+00 6.86898064e+00
 0.00000000e+00 0.00000000e+00 0.00000000e+00 0.00000000e+00
 0.00000000e+00 0.00000000e+00 0.00000000e+00 0.00000000e+00
 0.00000000e+00 0.00000000e+00 0.00000000e+00 0.00000000e+00
 0.00000000e+00 0.00000000e+00 0.00000000e+00 0.00000000e+00
 0.00000000e+00 0.00000000e+00 0.00000000e+00 0.00000000e+00
 0.00000000e+00 0.00000000e+00 1.11487915e+00 0.00000000e+00
 0.00000000e+00 0.00000000e+00 0.00000000e+00 0.00000000e+00
 0.00000000e+00 0.00000000e+00 0.00000000e+00 0.00000000e+00
 0.00000000e+00 0.00000000e+00 0.00000000e+00 1.12366920e+00
 0.00000000e+00 1.10298482e+00 0.00000000e+00 1.12475552e+00
 0.00000000e+00 0.00000000e+00 0.00000000e+00 0.00000000e+00
 0.00000000e+00 0.00000000e+00 0.00000000e+00 0.00000000e+00
 0.00000000e+00 0.00000000e+00 0.00000000e+00 0.00000000e+00
 0.00000000e+00 0.00000000e+00 0.00000000e+00 0.00000000e+00
 0.00000000e+00 0.00000000e+00 0.00000000e+00 0.00000000e+00
 0.00000000e+00 0.00000000e+00 0.00000000e+00 0.00000000e+00
 0.00000000e+00 0.00000000e+00 0.00000000e+00 0.00000000e+00
 0.00000000e+00 0.00000000e+00 0.00000000e+00 0.00000000e+00
 0.00000000e+00 0.00000000e+00 0.00000000e+00 0.00000000e+00
 0.00000000e+00 0.00000000e+00 0.00000000e+00 0.00000000e+00
 0.00000000e+00 0.00000000e+00 0.00000000e+00 0.00000000e+00
 0.00000000e+00 0.00000000e+00 0.00000000e+00 0.00000000e+00
 0.00000000e+00 0.00000000e+00 0.00000000e+00 0.00000000e+00
 0.00000000e+00 0.00000000e+00 0.00000000e+00 0.00000000e+00
 0.00000000e+00 0.00000000e+00 0.00000000e+00 0.00000000e+00
 0.00000000e+00 0.00000000e+00 0.00000000e+00 0.00000000e+00
 0.00000000e+00 0.00000000e+00 0.00000000e+00 0.00000000e+00
 0.00000000e+00 0.00000000e+00 0.00000000e+00 0.00000000e+00
 0.00000000e+00 0.00000000e+00 0.00000000e+00 0.00000000e+00
 0.00000000e+00 0.00000000e+00 0.00000000e+00 0.00000000e+00
 0.00000000e+00 0.00000000e+00 0.00000000e+00 0.00000000e+00
 0.00000000e+00 0.00000000e+00 0.00000000e+00 0.00000000e+00
 0.00000000e+00 0.00000000e+00 0.00000000e+00 0.00000000e+00
 0.00000000e+00 0.00000000e+00 0.00000000e+00 0.00000000e+00
 0.00000000e+00 0.00000000e+00 0.00000000e+00 0.00000000e+00
 0.00000000e+00 0.00000000e+00 0.00000000e+00 0.00000000e+00
 0.00000000e+00 0.00000000e+00 0.00000000e+00 0.00000000e+00
 0.00000000e+00 1.11986711e+00 0.00000000e+00 0.00000000e+00
 1.11803756e+00 0.00000000e+00 1.12168034e+00 0.00000000e+00
 0.00000000e+00 0.00000000e+00 0.00000000e+00 0.00000000e+00
 0.00000000e+00 0.00000000e+00 0.00000000e+00 1.12336139e+00
 0.00000000e+00 0.00000000e+00 0.00000000e+00 0.00000000e+00
 0.00000000e+00 1.12036650e+00 0.00000000e+00 0.00000000e+00
 1.12793463e+00 1.13154770e+00 0.00000000e+00 1.11639997e+00
 0.00000000e+00 0.00000000e+00 0.00000000e+00 0.00000000e+00
 1.11012162e+00 0.00000000e+00 0.00000000e+00 0.00000000e+00
 0.00000000e+00 0.00000000e+00 0.00000000e+00 1.13805641e+00
 0.00000000e+00 0.00000000e+00 1.13544200e+00 0.00000000e+00
 1.12553007e+00 1.13123632e+00 1.10164068e+00 0.00000000e+00
 0.00000000e+00 0.00000000e+00 1.12034773e+00 1.11046274e+00
 1.12643354e+00 1.10698224e+00 1.17246525e+00 1.14096267e+00
 1.18483252e+00 1.16653171e+00 1.10158346e+00 1.19135010e+00
 1.16366567e+00 1.13854011e+00 1.13030653e+00 1.16529458e+00
 1.13703295e+00 1.12704280e+00 1.13305835e+00 1.14199794e+00
 0.00000000e+00 0.00000000e+00 2.67021483e-01 0.00000000e+00
 0.00000000e+00 0.00000000e+00 0.00000000e+00 0.00000000e+00
 0.00000000e+00 0.00000000e+00 0.00000000e+00 0.00000000e+00
 0.00000000e+00 0.00000000e+00 0.00000000e+00 0.00000000e+00
 0.00000000e+00 0.00000000e+00 0.00000000e+00 0.00000000e+00
 0.00000000e+00 0.00000000e+00 0.00000000e+00 0.00000000e+00
 0.00000000e+00 0.00000000e+00 0.00000000e+00 0.00000000e+00
 0.00000000e+00 0.00000000e+00 0.00000000e+00 0.00000000e+00
 1.19238422e+00 1.12464062e+00 8.89494474e-01 1.12334458e+00
 1.12116982e+00 1.19141632e+00 0.00000000e+00 1.17015901e+00
 1.16770702e+00 1.10677711e+00 1.17191495e+00 1.11450367e+00
 1.14592521e+00 5.55119835e-01 1.16605689e+00 1.11411212e+00
 0.00000000e+00 0.00000000e+00 0.00000000e+00 0.00000000e+00
 0.00000000e+00 0.00000000e+00 0.00000000e+00 0.00000000e+00
 0.00000000e+00 0.00000000e+00 0.00000000e+00 0.00000000e+00
 0.00000000e+00 0.00000000e+00 0.00000000e+00 0.00000000e+00]",-40922942652.71347,-40922942652.71346,606486347.1815456,-42111655893.18929,-39734229412.23763,1.005924800003413,True,0,5.0,1.0,BS_only,BS-only(γ=5.0),1.0,0.0,-40855675640.0407,614759535.3453478,0.0,0.0,400
bgetam,NETLIB,688,128,0.1,TSAR-LP,"[0.00000000e+00 0.00000000e+00 0.00000000e+00 0.00000000e+00
 0.00000000e+00 0.00000000e+00 0.00000000e+00 0.00000000e+00
 0.00000000e+00 0.00000000e+00 0.00000000e+00 0.00000000e+00
 0.00000000e+00 0.00000000e+00 0.00000000e+00 0.00000000e+00
 0.00000000e+00 0.00000000e+00 0.00000000e+00 0.00000000e+00
 0.00000000e+00 0.00000000e+00 0.00000000e+00 0.00000000e+00
 0.00000000e+00 0.00000000e+00 0.00000000e+00 0.00000000e+00
 0.00000000e+00 0.00000000e+00 0.00000000e+00 0.00000000e+00
 0.00000000e+00 0.00000000e+00 0.00000000e+00 0.00000000e+00
 0.00000000e+00 0.00000000e+00 0.00000000e+00 0.00000000e+00
 0.00000000e+00 0.00000000e+00 0.00000000e+00 0.00000000e+00
 0.00000000e+00 0.00000000e+00 0.00000000e+00 0.00000000e+00
 0.00000000e+00 0.00000000e+00 0.00000000e+00 0.00000000e+00
 0.00000000e+00 0.00000000e+00 0.00000000e+00 0.00000000e+00
 0.00000000e+00 0.00000000e+00 0.00000000e+00 0.00000000e+00
 0.00000000e+00 0.00000000e+00 0.00000000e+00 0.00000000e+00
 5.03944872e+07 0.00000000e+00 0.00000000e+00 0.00000000e+00
 0.00000000e+00 0.00000000e+00 0.00000000e+00 0.00000000e+00
 0.00000000e+00 0.00000000e+00 0.00000000e+00 0.00000000e+00
 0.00000000e+00 0.00000000e+00 0.00000000e+00 0.00000000e+00
 9.86132681e-01 1.03587768e+00 0.00000000e+00 0.00000000e+00
 0.00000000e+00 9.86546115e-01 0.00000000e+00 0.00000000e+00
 0.00000000e+00 0.00000000e+00 0.00000000e+00 9.90529195e-01
 0.00000000e+00 0.00000000e+00 0.00000000e+00 0.00000000e+00
 0.00000000e+00 0.00000000e+00 0.00000000e+00 0.00000000e+00
 0.00000000e+00 0.00000000e+00 0.00000000e+00 0.00000000e+00
 0.00000000e+00 0.00000000e+00 0.00000000e+00 0.00000000e+00
 0.00000000e+00 0.00000000e+00 0.00000000e+00 0.00000000e+00
 0.00000000e+00 0.00000000e+00 0.00000000e+00 0.00000000e+00
 0.00000000e+00 0.00000000e+00 0.00000000e+00 0.00000000e+00
 0.00000000e+00 0.00000000e+00 0.00000000e+00 0.00000000e+00
 0.00000000e+00 0.00000000e+00 0.00000000e+00 0.00000000e+00
 0.00000000e+00 0.00000000e+00 0.00000000e+00 0.00000000e+00
 0.00000000e+00 0.00000000e+00 0.00000000e+00 0.00000000e+00
 0.00000000e+00 0.00000000e+00 0.00000000e+00 0.00000000e+00
 0.00000000e+00 0.00000000e+00 0.00000000e+00 0.00000000e+00
 0.00000000e+00 0.00000000e+00 0.00000000e+00 0.00000000e+00
 0.00000000e+00 0.00000000e+00 0.00000000e+00 0.00000000e+00
 0.00000000e+00 0.00000000e+00 0.00000000e+00 0.00000000e+00
 0.00000000e+00 0.00000000e+00 0.00000000e+00 0.00000000e+00
 0.00000000e+00 0.00000000e+00 0.00000000e+00 0.00000000e+00
 0.00000000e+00 0.00000000e+00 0.00000000e+00 0.00000000e+00
 0.00000000e+00 0.00000000e+00 0.00000000e+00 0.00000000e+00
 0.00000000e+00 0.00000000e+00 0.00000000e+00 0.00000000e+00
 0.00000000e+00 0.00000000e+00 0.00000000e+00 0.00000000e+00
 0.00000000e+00 0.00000000e+00 0.00000000e+00 0.00000000e+00
 0.00000000e+00 0.00000000e+00 0.00000000e+00 0.00000000e+00
 0.00000000e+00 0.00000000e+00 0.00000000e+00 0.00000000e+00
 0.00000000e+00 0.00000000e+00 9.78676638e-01 0.00000000e+00
 0.00000000e+00 0.00000000e+00 0.00000000e+00 0.00000000e+00
 1.01721957e+00 0.00000000e+00 9.77750436e-01 0.00000000e+00
 1.02480450e+00 0.00000000e+00 0.00000000e+00 9.83380339e-01
 0.00000000e+00 0.00000000e+00 0.00000000e+00 1.06112539e+00
 1.01574131e+00 0.00000000e+00 9.71423570e-01 9.84644231e-01
 0.00000000e+00 1.01977810e+00 0.00000000e+00 0.00000000e+00
 0.00000000e+00 9.93080302e-01 9.93370335e-01 0.00000000e+00
 0.00000000e+00 0.00000000e+00 0.00000000e+00 0.00000000e+00
 0.00000000e+00 0.00000000e+00 0.00000000e+00 0.00000000e+00
 0.00000000e+00 0.00000000e+00 0.00000000e+00 0.00000000e+00
 0.00000000e+00 0.00000000e+00 0.00000000e+00 0.00000000e+00
 0.00000000e+00 0.00000000e+00 0.00000000e+00 0.00000000e+00
 0.00000000e+00 0.00000000e+00 0.00000000e+00 0.00000000e+00
 0.00000000e+00 0.00000000e+00 0.00000000e+00 0.00000000e+00
 0.00000000e+00 0.00000000e+00 0.00000000e+00 0.00000000e+00
 9.82126020e-01 1.04857832e+00 1.00828778e+00 0.00000000e+00
 0.00000000e+00 1.00903630e+00 0.00000000e+00 0.00000000e+00
 0.00000000e+00 0.00000000e+00 0.00000000e+00 0.00000000e+00
 9.75955864e-01 0.00000000e+00 0.00000000e+00 9.77430943e-01
 0.00000000e+00 0.00000000e+00 0.00000000e+00 1.07716721e+00
 9.93871853e-01 0.00000000e+00 1.01546836e+00 1.05561877e+00
 1.03017843e+00 0.00000000e+00 0.00000000e+00 0.00000000e+00
 0.00000000e+00 0.00000000e+00 1.03839770e+00 0.00000000e+00
 0.00000000e+00 0.00000000e+00 0.00000000e+00 0.00000000e+00
 0.00000000e+00 0.00000000e+00 0.00000000e+00 0.00000000e+00
 0.00000000e+00 0.00000000e+00 0.00000000e+00 0.00000000e+00
 0.00000000e+00 0.00000000e+00 0.00000000e+00 0.00000000e+00
 0.00000000e+00 0.00000000e+00 0.00000000e+00 0.00000000e+00
 0.00000000e+00 0.00000000e+00 0.00000000e+00 0.00000000e+00
 0.00000000e+00 1.01532111e+00 9.79697673e-01 1.01303698e+00
 0.00000000e+00 1.03805297e+00 0.00000000e+00 0.00000000e+00
 0.00000000e+00 0.00000000e+00 0.00000000e+00 0.00000000e+00
 0.00000000e+00 0.00000000e+00 0.00000000e+00 0.00000000e+00
 0.00000000e+00 9.97667414e-01 0.00000000e+00 0.00000000e+00
 0.00000000e+00 0.00000000e+00 0.00000000e+00 0.00000000e+00
 0.00000000e+00 0.00000000e+00 3.11739142e-01 3.48748610e-01
 0.00000000e+00 3.55574748e-01 2.18801377e-01 4.65127504e+01
 9.51656934e-02 0.00000000e+00 0.00000000e+00 0.00000000e+00
 0.00000000e+00 0.00000000e+00 0.00000000e+00 0.00000000e+00
 0.00000000e+00 1.65772706e+00 1.52190487e+00 1.49115080e+00
 1.66178350e+00 1.41161579e+00 1.24264980e+00 4.65862849e+01
 1.14764729e+00 0.00000000e+00 9.72670159e-01 0.00000000e+00
 9.99206432e-01 0.00000000e+00 0.00000000e+00 0.00000000e+00
 0.00000000e+00 0.00000000e+00 0.00000000e+00 0.00000000e+00
 0.00000000e+00 0.00000000e+00 0.00000000e+00 0.00000000e+00
 0.00000000e+00 0.00000000e+00 0.00000000e+00 0.00000000e+00
 0.00000000e+00 0.00000000e+00 0.00000000e+00 0.00000000e+00
 2.58260562e+01 0.00000000e+00 0.00000000e+00 0.00000000e+00
 0.00000000e+00 0.00000000e+00 0.00000000e+00 0.00000000e+00
 0.00000000e+00 0.00000000e+00 0.00000000e+00 0.00000000e+00
 0.00000000e+00 0.00000000e+00 0.00000000e+00 0.00000000e+00
 0.00000000e+00 0.00000000e+00 0.00000000e+00 0.00000000e+00
 0.00000000e+00 0.00000000e+00 0.00000000e+00 1.20584779e+01
 0.00000000e+00 0.00000000e+00 0.00000000e+00 0.00000000e+00
 0.00000000e+00 0.00000000e+00 0.00000000e+00 0.00000000e+00
 0.00000000e+00 0.00000000e+00 0.00000000e+00 0.00000000e+00
 0.00000000e+00 0.00000000e+00 0.00000000e+00 0.00000000e+00
 0.00000000e+00 0.00000000e+00 0.00000000e+00 0.00000000e+00
 0.00000000e+00 0.00000000e+00 9.95513348e-01 0.00000000e+00
 0.00000000e+00 0.00000000e+00 0.00000000e+00 0.00000000e+00
 0.00000000e+00 0.00000000e+00 0.00000000e+00 0.00000000e+00
 0.00000000e+00 0.00000000e+00 0.00000000e+00 1.01021387e+00
 0.00000000e+00 9.75935780e-01 0.00000000e+00 1.01204460e+00
 0.00000000e+00 0.00000000e+00 0.00000000e+00 0.00000000e+00
 0.00000000e+00 0.00000000e+00 0.00000000e+00 0.00000000e+00
 0.00000000e+00 0.00000000e+00 0.00000000e+00 0.00000000e+00
 0.00000000e+00 0.00000000e+00 0.00000000e+00 0.00000000e+00
 0.00000000e+00 0.00000000e+00 0.00000000e+00 0.00000000e+00
 0.00000000e+00 0.00000000e+00 0.00000000e+00 0.00000000e+00
 0.00000000e+00 0.00000000e+00 0.00000000e+00 0.00000000e+00
 0.00000000e+00 0.00000000e+00 0.00000000e+00 0.00000000e+00
 0.00000000e+00 0.00000000e+00 0.00000000e+00 0.00000000e+00
 0.00000000e+00 0.00000000e+00 0.00000000e+00 0.00000000e+00
 0.00000000e+00 0.00000000e+00 0.00000000e+00 0.00000000e+00
 0.00000000e+00 0.00000000e+00 0.00000000e+00 0.00000000e+00
 0.00000000e+00 0.00000000e+00 0.00000000e+00 0.00000000e+00
 0.00000000e+00 0.00000000e+00 0.00000000e+00 0.00000000e+00
 0.00000000e+00 0.00000000e+00 0.00000000e+00 0.00000000e+00
 0.00000000e+00 0.00000000e+00 0.00000000e+00 0.00000000e+00
 0.00000000e+00 0.00000000e+00 0.00000000e+00 0.00000000e+00
 0.00000000e+00 0.00000000e+00 0.00000000e+00 0.00000000e+00
 0.00000000e+00 0.00000000e+00 0.00000000e+00 0.00000000e+00
 0.00000000e+00 0.00000000e+00 0.00000000e+00 0.00000000e+00
 0.00000000e+00 0.00000000e+00 0.00000000e+00 0.00000000e+00
 0.00000000e+00 0.00000000e+00 0.00000000e+00 0.00000000e+00
 0.00000000e+00 0.00000000e+00 0.00000000e+00 0.00000000e+00
 0.00000000e+00 0.00000000e+00 0.00000000e+00 0.00000000e+00
 0.00000000e+00 0.00000000e+00 0.00000000e+00 0.00000000e+00
 0.00000000e+00 0.00000000e+00 0.00000000e+00 0.00000000e+00
 0.00000000e+00 0.00000000e+00 0.00000000e+00 0.00000000e+00
 0.00000000e+00 1.00383067e+00 0.00000000e+00 0.00000000e+00
 1.00077248e+00 0.00000000e+00 1.00687015e+00 0.00000000e+00
 0.00000000e+00 0.00000000e+00 0.00000000e+00 0.00000000e+00
 0.00000000e+00 0.00000000e+00 0.00000000e+00 1.00969569e+00
 0.00000000e+00 0.00000000e+00 0.00000000e+00 0.00000000e+00
 0.00000000e+00 1.00466694e+00 0.00000000e+00 0.00000000e+00
 1.01742000e+00 1.02356160e+00 0.00000000e+00 9.98042492e-01
 0.00000000e+00 0.00000000e+00 0.00000000e+00 0.00000000e+00
 9.87639680e-01 0.00000000e+00 0.00000000e+00 0.00000000e+00
 0.00000000e+00 0.00000000e+00 0.00000000e+00 1.03471326e+00
 0.00000000e+00 0.00000000e+00 1.03022020e+00 0.00000000e+00
 1.01335179e+00 1.02303093e+00 9.73745760e-01 0.00000000e+00
 0.00000000e+00 0.00000000e+00 1.00463549e+00 9.88202314e-01
 1.01487857e+00 9.82475522e-01 1.09561533e+00 1.03972960e+00
 1.11833994e+00 1.08487292e+00 9.73652627e-01 1.13050131e+00
 1.07972068e+00 1.03554657e+00 1.02144791e+00 1.08264604e+00
 1.03295218e+00 1.01590936e+00 1.02613974e+00 1.04152209e+00
 0.00000000e+00 0.00000000e+00 2.65358441e-01 0.00000000e+00
 0.00000000e+00 0.00000000e+00 0.00000000e+00 0.00000000e+00
 0.00000000e+00 0.00000000e+00 0.00000000e+00 0.00000000e+00
 0.00000000e+00 0.00000000e+00 0.00000000e+00 0.00000000e+00
 0.00000000e+00 0.00000000e+00 0.00000000e+00 0.00000000e+00
 0.00000000e+00 2.26738306e-02 0.00000000e+00 0.00000000e+00
 0.00000000e+00 0.00000000e+00 0.00000000e+00 0.00000000e+00
 0.00000000e+00 0.00000000e+00 0.00000000e+00 0.00000000e+00
 1.13244287e+00 1.01185081e+00 7.99829082e-01 1.00966741e+00
 1.00601351e+00 1.10734796e+00 0.00000000e+00 1.09142778e+00
 1.08699262e+00 9.82138949e-01 1.09461470e+00 9.94889822e-01
 1.04834847e+00 0.00000000e+00 1.08401769e+00 9.94240005e-01
 0.00000000e+00 0.00000000e+00 0.00000000e+00 0.00000000e+00
 0.00000000e+00 0.00000000e+00 0.00000000e+00 0.00000000e+00
 0.00000000e+00 0.00000000e+00 0.00000000e+00 0.00000000e+00
 0.00000000e+00 0.00000000e+00 0.00000000e+00 0.00000000e+00]",-39287018062.32913,-39287018062.32913,1164483222.7375808,-41569405178.89479,-37004630945.76347,0.9595482999866363,True,0,4.5,1.0,BS_only,BS-only(γ=4.5),1.0,0.0,-39157862133.1559,1180368145.5557904,0.0,0.0,400
bgetam,NETLIB,688,128,0.2,TSAR-LP,"[0.00000000e+00 0.00000000e+00 0.00000000e+00 0.00000000e+00
 0.00000000e+00 0.00000000e+00 0.00000000e+00 0.00000000e+00
 0.00000000e+00 0.00000000e+00 0.00000000e+00 0.00000000e+00
 0.00000000e+00 0.00000000e+00 0.00000000e+00 0.00000000e+00
 0.00000000e+00 0.00000000e+00 0.00000000e+00 0.00000000e+00
 0.00000000e+00 0.00000000e+00 0.00000000e+00 0.00000000e+00
 0.00000000e+00 0.00000000e+00 0.00000000e+00 0.00000000e+00
 0.00000000e+00 0.00000000e+00 0.00000000e+00 0.00000000e+00
 0.00000000e+00 0.00000000e+00 0.00000000e+00 0.00000000e+00
 0.00000000e+00 0.00000000e+00 0.00000000e+00 0.00000000e+00
 0.00000000e+00 0.00000000e+00 0.00000000e+00 0.00000000e+00
 0.00000000e+00 0.00000000e+00 0.00000000e+00 0.00000000e+00
 0.00000000e+00 0.00000000e+00 0.00000000e+00 0.00000000e+00
 0.00000000e+00 0.00000000e+00 0.00000000e+00 0.00000000e+00
 0.00000000e+00 0.00000000e+00 0.00000000e+00 0.00000000e+00
 0.00000000e+00 0.00000000e+00 0.00000000e+00 0.00000000e+00
 2.62119019e+07 0.00000000e+00 0.00000000e+00 0.00000000e+00
 0.00000000e+00 0.00000000e+00 0.00000000e+00 0.00000000e+00
 0.00000000e+00 0.00000000e+00 0.00000000e+00 0.00000000e+00
 0.00000000e+00 0.00000000e+00 0.00000000e+00 0.00000000e+00
 6.19227542e-01 7.00443597e-01 0.00000000e+00 0.00000000e+00
 0.00000000e+00 6.19854742e-01 0.00000000e+00 0.00000000e+00
 0.00000000e+00 0.00000000e+00 0.00000000e+00 6.25935628e-01
 0.00000000e+00 0.00000000e+00 0.00000000e+00 0.00000000e+00
 0.00000000e+00 0.00000000e+00 0.00000000e+00 0.00000000e+00
 0.00000000e+00 0.00000000e+00 0.00000000e+00 0.00000000e+00
 0.00000000e+00 0.00000000e+00 0.00000000e+00 0.00000000e+00
 0.00000000e+00 0.00000000e+00 0.00000000e+00 0.00000000e+00
 0.00000000e+00 0.00000000e+00 0.00000000e+00 0.00000000e+00
 0.00000000e+00 0.00000000e+00 0.00000000e+00 0.00000000e+00
 0.00000000e+00 0.00000000e+00 0.00000000e+00 0.00000000e+00
 0.00000000e+00 0.00000000e+00 0.00000000e+00 0.00000000e+00
 0.00000000e+00 0.00000000e+00 0.00000000e+00 0.00000000e+00
 0.00000000e+00 0.00000000e+00 0.00000000e+00 0.00000000e+00
 0.00000000e+00 0.00000000e+00 0.00000000e+00 0.00000000e+00
 0.00000000e+00 0.00000000e+00 0.00000000e+00 0.00000000e+00
 0.00000000e+00 0.00000000e+00 0.00000000e+00 0.00000000e+00
 0.00000000e+00 0.00000000e+00 0.00000000e+00 0.00000000e+00
 0.00000000e+00 0.00000000e+00 0.00000000e+00 0.00000000e+00
 0.00000000e+00 0.00000000e+00 0.00000000e+00 0.00000000e+00
 0.00000000e+00 0.00000000e+00 0.00000000e+00 0.00000000e+00
 0.00000000e+00 0.00000000e+00 0.00000000e+00 0.00000000e+00
 0.00000000e+00 0.00000000e+00 0.00000000e+00 0.00000000e+00
 0.00000000e+00 0.00000000e+00 0.00000000e+00 0.00000000e+00
 0.00000000e+00 0.00000000e+00 0.00000000e+00 0.00000000e+00
 0.00000000e+00 0.00000000e+00 0.00000000e+00 0.00000000e+00
 0.00000000e+00 0.00000000e+00 0.00000000e+00 0.00000000e+00
 0.00000000e+00 0.00000000e+00 0.00000000e+00 0.00000000e+00
 0.00000000e+00 0.00000000e+00 6.08042670e-01 0.00000000e+00
 0.00000000e+00 0.00000000e+00 0.00000000e+00 0.00000000e+00
 6.68559753e-01 0.00000000e+00 6.06669773e-01 0.00000000e+00
 6.81303273e-01 0.00000000e+00 0.00000000e+00 6.15070983e-01
 0.00000000e+00 0.00000000e+00 0.00000000e+00 7.46632735e-01
 6.66109825e-01 0.00000000e+00 5.97387100e-01 6.16975632e-01
 0.00000000e+00 6.72825802e-01 0.00000000e+00 0.00000000e+00
 0.00000000e+00 6.29867221e-01 6.30316040e-01 0.00000000e+00
 0.00000000e+00 0.00000000e+00 0.00000000e+00 0.00000000e+00
 0.00000000e+00 0.00000000e+00 0.00000000e+00 0.00000000e+00
 0.00000000e+00 0.00000000e+00 0.00000000e+00 0.00000000e+00
 0.00000000e+00 0.00000000e+00 0.00000000e+00 0.00000000e+00
 0.00000000e+00 0.00000000e+00 0.00000000e+00 0.00000000e+00
 0.00000000e+00 0.00000000e+00 0.00000000e+00 0.00000000e+00
 0.00000000e+00 0.00000000e+00 0.00000000e+00 0.00000000e+00
 0.00000000e+00 0.00000000e+00 0.00000000e+00 0.00000000e+00
 6.13187548e-01 7.23219330e-01 6.53920550e-01 0.00000000e+00
 0.00000000e+00 6.55132487e-01 0.00000000e+00 0.00000000e+00
 0.00000000e+00 0.00000000e+00 0.00000000e+00 0.00000000e+00
 6.04019936e-01 0.00000000e+00 0.00000000e+00 6.06197029e-01
 0.00000000e+00 0.00000000e+00 0.00000000e+00 7.77979434e-01
 6.31093020e-01 0.00000000e+00 6.65658657e-01 7.36241874e-01
 6.90511207e-01 0.00000000e+00 0.00000000e+00 0.00000000e+00
 0.00000000e+00 0.00000000e+00 7.04891340e-01 0.00000000e+00
 0.00000000e+00 0.00000000e+00 0.00000000e+00 0.00000000e+00
 0.00000000e+00 0.00000000e+00 0.00000000e+00 0.00000000e+00
 0.00000000e+00 0.00000000e+00 0.00000000e+00 0.00000000e+00
 0.00000000e+00 0.00000000e+00 0.00000000e+00 0.00000000e+00
 0.00000000e+00 0.00000000e+00 0.00000000e+00 0.00000000e+00
 0.00000000e+00 0.00000000e+00 0.00000000e+00 0.00000000e+00
 0.00000000e+00 6.65415413e-01 6.09560324e-01 6.61655909e-01
 0.00000000e+00 7.04280862e-01 0.00000000e+00 0.00000000e+00
 0.00000000e+00 0.00000000e+00 0.00000000e+00 0.00000000e+00
 0.00000000e+00 0.00000000e+00 0.00000000e+00 0.00000000e+00
 0.00000000e+00 6.37010167e-01 0.00000000e+00 0.00000000e+00
 0.00000000e+00 0.00000000e+00 0.00000000e+00 0.00000000e+00
 0.00000000e+00 0.00000000e+00 1.82049921e-01 2.46529071e-01
 0.00000000e+00 2.51503427e-01 1.44747305e-01 5.24797382e+01
 1.02340505e-01 0.00000000e+00 0.00000000e+00 0.00000000e+00
 0.00000000e+00 0.00000000e+00 0.00000000e+00 0.00000000e+00
 0.00000000e+00 1.05379910e+00 1.19960214e+00 1.14996367e+00
 1.06012445e+00 9.90129498e-01 8.24232813e-01 7.41983007e+01
 8.53622140e-01 0.00000000e+00 5.99202999e-01 0.00000000e+00
 6.39428152e-01 0.00000000e+00 0.00000000e+00 0.00000000e+00
 0.00000000e+00 0.00000000e+00 0.00000000e+00 0.00000000e+00
 0.00000000e+00 0.00000000e+00 0.00000000e+00 0.00000000e+00
 0.00000000e+00 0.00000000e+00 0.00000000e+00 0.00000000e+00
 0.00000000e+00 0.00000000e+00 0.00000000e+00 0.00000000e+00
 1.73959938e+01 0.00000000e+00 0.00000000e+00 0.00000000e+00
 0.00000000e+00 0.00000000e+00 0.00000000e+00 0.00000000e+00
 0.00000000e+00 0.00000000e+00 0.00000000e+00 0.00000000e+00
 0.00000000e+00 0.00000000e+00 0.00000000e+00 0.00000000e+00
 0.00000000e+00 0.00000000e+00 0.00000000e+00 0.00000000e+00
 0.00000000e+00 0.00000000e+00 0.00000000e+00 7.42059257e+00
 0.00000000e+00 0.00000000e+00 0.00000000e+00 0.00000000e+00
 0.00000000e+00 0.00000000e+00 0.00000000e+00 0.00000000e+00
 0.00000000e+00 0.00000000e+00 0.00000000e+00 0.00000000e+00
 0.00000000e+00 0.00000000e+00 0.00000000e+00 0.00000000e+00
 0.00000000e+00 0.00000000e+00 0.00000000e+00 0.00000000e+00
 0.00000000e+00 0.00000000e+00 6.33644039e-01 0.00000000e+00
 0.00000000e+00 0.00000000e+00 0.00000000e+00 0.00000000e+00
 0.00000000e+00 0.00000000e+00 0.00000000e+00 0.00000000e+00
 0.00000000e+00 0.00000000e+00 0.00000000e+00 6.57044558e-01
 0.00000000e+00 6.03990357e-01 0.00000000e+00 6.60030499e-01
 0.00000000e+00 0.00000000e+00 0.00000000e+00 0.00000000e+00
 0.00000000e+00 0.00000000e+00 0.00000000e+00 0.00000000e+00
 0.00000000e+00 0.00000000e+00 0.00000000e+00 0.00000000e+00
 0.00000000e+00 0.00000000e+00 0.00000000e+00 0.00000000e+00
 0.00000000e+00 0.00000000e+00 0.00000000e+00 0.00000000e+00
 0.00000000e+00 0.00000000e+00 0.00000000e+00 0.00000000e+00
 0.00000000e+00 0.00000000e+00 0.00000000e+00 0.00000000e+00
 0.00000000e+00 0.00000000e+00 0.00000000e+00 0.00000000e+00
 0.00000000e+00 0.00000000e+00 0.00000000e+00 0.00000000e+00
 0.00000000e+00 0.00000000e+00 0.00000000e+00 0.00000000e+00
 0.00000000e+00 0.00000000e+00 0.00000000e+00 0.00000000e+00
 0.00000000e+00 0.00000000e+00 0.00000000e+00 0.00000000e+00
 0.00000000e+00 0.00000000e+00 0.00000000e+00 0.00000000e+00
 0.00000000e+00 0.00000000e+00 0.00000000e+00 0.00000000e+00
 0.00000000e+00 0.00000000e+00 0.00000000e+00 0.00000000e+00
 0.00000000e+00 0.00000000e+00 0.00000000e+00 0.00000000e+00
 0.00000000e+00 0.00000000e+00 0.00000000e+00 0.00000000e+00
 0.00000000e+00 0.00000000e+00 0.00000000e+00 0.00000000e+00
 0.00000000e+00 0.00000000e+00 0.00000000e+00 0.00000000e+00
 0.00000000e+00 0.00000000e+00 0.00000000e+00 0.00000000e+00
 0.00000000e+00 0.00000000e+00 0.00000000e+00 0.00000000e+00
 0.00000000e+00 0.00000000e+00 0.00000000e+00 0.00000000e+00
 0.00000000e+00 0.00000000e+00 0.00000000e+00 0.00000000e+00
 0.00000000e+00 0.00000000e+00 0.00000000e+00 0.00000000e+00
 0.00000000e+00 0.00000000e+00 0.00000000e+00 0.00000000e+00
 0.00000000e+00 0.00000000e+00 0.00000000e+00 0.00000000e+00
 0.00000000e+00 0.00000000e+00 0.00000000e+00 0.00000000e+00
 0.00000000e+00 6.46759304e-01 0.00000000e+00 0.00000000e+00
 6.41899805e-01 0.00000000e+00 6.51632609e-01 0.00000000e+00
 0.00000000e+00 0.00000000e+00 0.00000000e+00 0.00000000e+00
 0.00000000e+00 0.00000000e+00 0.00000000e+00 6.56202345e-01
 0.00000000e+00 0.00000000e+00 0.00000000e+00 0.00000000e+00
 0.00000000e+00 6.48095759e-01 0.00000000e+00 0.00000000e+00
 6.68892764e-01 6.79194988e-01 0.00000000e+00 6.37598460e-01
 0.00000000e+00 0.00000000e+00 0.00000000e+00 0.00000000e+00
 6.21517330e-01 0.00000000e+00 0.00000000e+00 0.00000000e+00
 0.00000000e+00 0.00000000e+00 0.00000000e+00 6.98400110e-01
 0.00000000e+00 0.00000000e+00 6.90583370e-01 0.00000000e+00
 6.62172542e-01 6.78297251e-01 6.00774949e-01 0.00000000e+00
 0.00000000e+00 0.00000000e+00 6.48045449e-01 6.22374762e-01
 6.64685017e-01 6.13711668e-01 8.16143852e-01 7.07256178e-01
 8.66581332e-01 7.93634405e-01 6.00638650e-01 8.95277045e-01
 7.83122795e-01 6.99861764e-01 6.75627791e-01 7.89069000e-01
 6.95323426e-01 6.66387790e-01 6.83577068e-01 7.10454285e-01
 0.00000000e+00 0.00000000e+00 2.59640779e-01 0.00000000e+00
 0.00000000e+00 0.00000000e+00 0.00000000e+00 0.00000000e+00
 0.00000000e+00 0.00000000e+00 0.00000000e+00 0.00000000e+00
 0.00000000e+00 0.00000000e+00 0.00000000e+00 0.00000000e+00
 0.00000000e+00 0.00000000e+00 0.00000000e+00 0.00000000e+00
 0.00000000e+00 7.59862187e-02 0.00000000e+00 0.00000000e+00
 0.00000000e+00 0.00000000e+00 0.00000000e+00 0.00000000e+00
 0.00000000e+00 0.00000000e+00 0.00000000e+00 0.00000000e+00
 8.99975617e-01 6.59713658e-01 4.75696107e-01 6.56156408e-01
 6.50254699e-01 8.13427989e-01 0.00000000e+00 8.07272155e-01
 7.98011755e-01 6.13206928e-01 8.14012457e-01 6.32673595e-01
 7.22799055e-01 0.00000000e+00 7.91877058e-01 6.31664101e-01
 0.00000000e+00 0.00000000e+00 0.00000000e+00 0.00000000e+00
 0.00000000e+00 0.00000000e+00 0.00000000e+00 0.00000000e+00
 0.00000000e+00 0.00000000e+00 0.00000000e+00 0.00000000e+00
 0.00000000e+00 0.00000000e+00 0.00000000e+00 0.00000000e+00]",-20434526130.614788,-20434526130.614788,1211375360.8807428,-22808821837.941044,-18060230423.288532,1.0279927999945357,True,0,5.0,1.0,BS_only,BS-only(γ=5.0),1.0,0.0,-20300169269.77114,1227899947.698114,0.0,0.0,400
bgetam,NETLIB,688,128,0.3,TSAR-LP,"[0.00000000e+00 0.00000000e+00 0.00000000e+00 0.00000000e+00
 0.00000000e+00 0.00000000e+00 0.00000000e+00 0.00000000e+00
 0.00000000e+00 0.00000000e+00 0.00000000e+00 0.00000000e+00
 0.00000000e+00 0.00000000e+00 0.00000000e+00 0.00000000e+00
 0.00000000e+00 0.00000000e+00 0.00000000e+00 0.00000000e+00
 0.00000000e+00 0.00000000e+00 0.00000000e+00 0.00000000e+00
 0.00000000e+00 0.00000000e+00 0.00000000e+00 0.00000000e+00
 0.00000000e+00 0.00000000e+00 0.00000000e+00 0.00000000e+00
 0.00000000e+00 0.00000000e+00 0.00000000e+00 0.00000000e+00
 0.00000000e+00 0.00000000e+00 0.00000000e+00 0.00000000e+00
 0.00000000e+00 0.00000000e+00 0.00000000e+00 0.00000000e+00
 0.00000000e+00 0.00000000e+00 0.00000000e+00 0.00000000e+00
 0.00000000e+00 0.00000000e+00 0.00000000e+00 0.00000000e+00
 0.00000000e+00 0.00000000e+00 0.00000000e+00 0.00000000e+00
 0.00000000e+00 0.00000000e+00 0.00000000e+00 0.00000000e+00
 0.00000000e+00 0.00000000e+00 0.00000000e+00 0.00000000e+00
 1.41644450e+07 0.00000000e+00 0.00000000e+00 0.00000000e+00
 0.00000000e+00 0.00000000e+00 0.00000000e+00 0.00000000e+00
 0.00000000e+00 0.00000000e+00 0.00000000e+00 0.00000000e+00
 0.00000000e+00 0.00000000e+00 0.00000000e+00 0.00000000e+00
 3.63191023e-01 4.47705872e-01 0.00000000e+00 0.00000000e+00
 0.00000000e+00 3.63790316e-01 0.00000000e+00 0.00000000e+00
 0.00000000e+00 0.00000000e+00 0.00000000e+00 3.69640433e-01
 0.00000000e+00 0.00000000e+00 0.00000000e+00 0.00000000e+00
 0.00000000e+00 0.00000000e+00 0.00000000e+00 0.00000000e+00
 0.00000000e+00 0.00000000e+00 0.00000000e+00 0.00000000e+00
 0.00000000e+00 0.00000000e+00 0.00000000e+00 0.00000000e+00
 0.00000000e+00 0.00000000e+00 0.00000000e+00 0.00000000e+00
 0.00000000e+00 0.00000000e+00 0.00000000e+00 0.00000000e+00
 0.00000000e+00 0.00000000e+00 0.00000000e+00 0.00000000e+00
 0.00000000e+00 0.00000000e+00 0.00000000e+00 0.00000000e+00
 0.00000000e+00 0.00000000e+00 0.00000000e+00 0.00000000e+00
 0.00000000e+00 0.00000000e+00 0.00000000e+00 0.00000000e+00
 0.00000000e+00 0.00000000e+00 0.00000000e+00 0.00000000e+00
 0.00000000e+00 0.00000000e+00 0.00000000e+00 0.00000000e+00
 0.00000000e+00 0.00000000e+00 0.00000000e+00 0.00000000e+00
 0.00000000e+00 0.00000000e+00 0.00000000e+00 0.00000000e+00
 0.00000000e+00 0.00000000e+00 0.00000000e+00 0.00000000e+00
 0.00000000e+00 0.00000000e+00 0.00000000e+00 0.00000000e+00
 0.00000000e+00 0.00000000e+00 0.00000000e+00 0.00000000e+00
 0.00000000e+00 0.00000000e+00 0.00000000e+00 0.00000000e+00
 0.00000000e+00 0.00000000e+00 0.00000000e+00 0.00000000e+00
 0.00000000e+00 0.00000000e+00 0.00000000e+00 0.00000000e+00
 0.00000000e+00 0.00000000e+00 0.00000000e+00 0.00000000e+00
 0.00000000e+00 0.00000000e+00 0.00000000e+00 0.00000000e+00
 0.00000000e+00 0.00000000e+00 0.00000000e+00 0.00000000e+00
 0.00000000e+00 0.00000000e+00 0.00000000e+00 0.00000000e+00
 0.00000000e+00 0.00000000e+00 0.00000000e+00 0.00000000e+00
 0.00000000e+00 0.00000000e+00 3.52630431e-01 0.00000000e+00
 0.00000000e+00 0.00000000e+00 0.00000000e+00 0.00000000e+00
 4.12779397e-01 0.00000000e+00 3.51350465e-01 0.00000000e+00
 4.26449800e-01 0.00000000e+00 0.00000000e+00 3.59238602e-01
 0.00000000e+00 0.00000000e+00 0.00000000e+00 5.02903979e-01
 4.10193800e-01 0.00000000e+00 3.42787638e-01 3.61045583e-01
 0.00000000e+00 4.17314120e-01 0.00000000e+00 0.00000000e+00
 0.00000000e+00 3.73461652e-01 3.73899832e-01 0.00000000e+00
 0.00000000e+00 0.00000000e+00 0.00000000e+00 0.00000000e+00
 0.00000000e+00 0.00000000e+00 0.00000000e+00 0.00000000e+00
 0.00000000e+00 0.00000000e+00 0.00000000e+00 0.00000000e+00
 0.00000000e+00 0.00000000e+00 0.00000000e+00 0.00000000e+00
 0.00000000e+00 0.00000000e+00 0.00000000e+00 0.00000000e+00
 0.00000000e+00 0.00000000e+00 0.00000000e+00 0.00000000e+00
 0.00000000e+00 0.00000000e+00 0.00000000e+00 0.00000000e+00
 0.00000000e+00 0.00000000e+00 0.00000000e+00 0.00000000e+00
 3.57458572e-01 4.74201327e-01 3.97527493e-01 0.00000000e+00
 0.00000000e+00 3.98772309e-01 0.00000000e+00 0.00000000e+00
 0.00000000e+00 0.00000000e+00 0.00000000e+00 0.00000000e+00
 3.48889921e-01 0.00000000e+00 0.00000000e+00 3.50910536e-01
 0.00000000e+00 0.00000000e+00 0.00000000e+00 5.43876092e-01
 3.74659347e-01 0.00000000e+00 4.09719118e-01 4.89974843e-01
 4.36564524e-01 0.00000000e+00 0.00000000e+00 0.00000000e+00
 0.00000000e+00 0.00000000e+00 4.52774681e-01 0.00000000e+00
 0.00000000e+00 0.00000000e+00 0.00000000e+00 0.00000000e+00
 0.00000000e+00 0.00000000e+00 0.00000000e+00 0.00000000e+00
 0.00000000e+00 0.00000000e+00 0.00000000e+00 0.00000000e+00
 0.00000000e+00 0.00000000e+00 0.00000000e+00 0.00000000e+00
 0.00000000e+00 0.00000000e+00 0.00000000e+00 0.00000000e+00
 0.00000000e+00 0.00000000e+00 0.00000000e+00 0.00000000e+00
 0.00000000e+00 4.09463385e-01 3.54049465e-01 4.05527634e-01
 0.00000000e+00 4.52075995e-01 0.00000000e+00 0.00000000e+00
 0.00000000e+00 0.00000000e+00 0.00000000e+00 0.00000000e+00
 0.00000000e+00 0.00000000e+00 0.00000000e+00 0.00000000e+00
 0.00000000e+00 3.80483485e-01 0.00000000e+00 0.00000000e+00
 0.00000000e+00 0.00000000e+00 0.00000000e+00 0.00000000e+00
 0.00000000e+00 0.00000000e+00 9.88802129e-02 1.74623225e-01
 0.00000000e+00 1.69973238e-01 9.01340429e-02 6.33009981e+01
 9.73663280e-02 0.00000000e+00 0.00000000e+00 0.00000000e+00
 0.00000000e+00 0.00000000e+00 0.00000000e+00 0.00000000e+00
 0.00000000e+00 6.26369116e-01 9.37951745e-01 8.87106269e-01
 6.32596618e-01 6.64544783e-01 5.14426998e-01 1.12728530e+02
 6.34539465e-01 0.00000000e+00 3.44450286e-01 0.00000000e+00
 3.82884004e-01 0.00000000e+00 0.00000000e+00 0.00000000e+00
 0.00000000e+00 0.00000000e+00 0.00000000e+00 0.00000000e+00
 0.00000000e+00 0.00000000e+00 0.00000000e+00 0.00000000e+00
 0.00000000e+00 0.00000000e+00 0.00000000e+00 0.00000000e+00
 0.00000000e+00 0.00000000e+00 0.00000000e+00 0.00000000e+00
 1.09260436e+01 0.00000000e+00 0.00000000e+00 0.00000000e+00
 0.00000000e+00 0.00000000e+00 0.00000000e+00 0.00000000e+00
 0.00000000e+00 0.00000000e+00 0.00000000e+00 0.00000000e+00
 0.00000000e+00 0.00000000e+00 0.00000000e+00 0.00000000e+00
 0.00000000e+00 0.00000000e+00 0.00000000e+00 0.00000000e+00
 0.00000000e+00 0.00000000e+00 0.00000000e+00 4.26103526e+00
 0.00000000e+00 0.00000000e+00 0.00000000e+00 0.00000000e+00
 0.00000000e+00 0.00000000e+00 0.00000000e+00 0.00000000e+00
 0.00000000e+00 0.00000000e+00 0.00000000e+00 0.00000000e+00
 0.00000000e+00 0.00000000e+00 0.00000000e+00 0.00000000e+00
 0.00000000e+00 0.00000000e+00 0.00000000e+00 0.00000000e+00
 0.00000000e+00 0.00000000e+00 3.77161567e-01 0.00000000e+00
 0.00000000e+00 0.00000000e+00 0.00000000e+00 0.00000000e+00
 0.00000000e+00 0.00000000e+00 0.00000000e+00 0.00000000e+00
 0.00000000e+00 0.00000000e+00 0.00000000e+00 4.00742721e-01
 0.00000000e+00 3.48862529e-01 0.00000000e+00 4.03835718e-01
 0.00000000e+00 0.00000000e+00 0.00000000e+00 0.00000000e+00
 0.00000000e+00 0.00000000e+00 0.00000000e+00 0.00000000e+00
 0.00000000e+00 0.00000000e+00 0.00000000e+00 0.00000000e+00
 0.00000000e+00 0.00000000e+00 0.00000000e+00 0.00000000e+00
 0.00000000e+00 0.00000000e+00 0.00000000e+00 0.00000000e+00
 0.00000000e+00 0.00000000e+00 0.00000000e+00 0.00000000e+00
 0.00000000e+00 0.00000000e+00 0.00000000e+00 0.00000000e+00
 0.00000000e+00 0.00000000e+00 0.00000000e+00 0.00000000e+00
 0.00000000e+00 0.00000000e+00 0.00000000e+00 0.00000000e+00
 0.00000000e+00 0.00000000e+00 0.00000000e+00 0.00000000e+00
 0.00000000e+00 0.00000000e+00 0.00000000e+00 0.00000000e+00
 0.00000000e+00 0.00000000e+00 0.00000000e+00 0.00000000e+00
 0.00000000e+00 0.00000000e+00 0.00000000e+00 0.00000000e+00
 0.00000000e+00 0.00000000e+00 0.00000000e+00 0.00000000e+00
 0.00000000e+00 0.00000000e+00 0.00000000e+00 0.00000000e+00
 0.00000000e+00 0.00000000e+00 0.00000000e+00 0.00000000e+00
 0.00000000e+00 0.00000000e+00 0.00000000e+00 0.00000000e+00
 0.00000000e+00 0.00000000e+00 0.00000000e+00 0.00000000e+00
 0.00000000e+00 0.00000000e+00 0.00000000e+00 0.00000000e+00
 0.00000000e+00 0.00000000e+00 0.00000000e+00 0.00000000e+00
 0.00000000e+00 0.00000000e+00 0.00000000e+00 0.00000000e+00
 0.00000000e+00 0.00000000e+00 0.00000000e+00 0.00000000e+00
 0.00000000e+00 0.00000000e+00 0.00000000e+00 0.00000000e+00
 0.00000000e+00 0.00000000e+00 0.00000000e+00 0.00000000e+00
 0.00000000e+00 0.00000000e+00 0.00000000e+00 0.00000000e+00
 0.00000000e+00 0.00000000e+00 0.00000000e+00 0.00000000e+00
 0.00000000e+00 0.00000000e+00 0.00000000e+00 0.00000000e+00
 0.00000000e+00 3.90236237e-01 0.00000000e+00 0.00000000e+00
 3.85350260e-01 0.00000000e+00 3.95186111e-01 0.00000000e+00
 0.00000000e+00 0.00000000e+00 0.00000000e+00 0.00000000e+00
 0.00000000e+00 0.00000000e+00 0.00000000e+00 3.99873832e-01
 0.00000000e+00 0.00000000e+00 0.00000000e+00 0.00000000e+00
 0.00000000e+00 3.91588674e-01 0.00000000e+00 0.00000000e+00
 4.13131895e-01 4.24162195e-01 0.00000000e+00 3.81066424e-01
 0.00000000e+00 0.00000000e+00 0.00000000e+00 0.00000000e+00
 3.65382624e-01 0.00000000e+00 0.00000000e+00 0.00000000e+00
 0.00000000e+00 0.00000000e+00 0.00000000e+00 4.45393711e-01
 0.00000000e+00 0.00000000e+00 4.36644597e-01 0.00000000e+00
 4.06066627e-01 4.23191261e-01 3.45894427e-01 0.00000000e+00
 0.00000000e+00 0.00000000e+00 3.91537693e-01 3.66205917e-01
 4.08696285e-01 3.57953238e-01 5.98154050e-01 4.55490183e-01
 6.78492218e-01 5.65523244e-01 3.45769031e-01 7.29294686e-01
 5.50897211e-01 4.47046477e-01 4.20315225e-01 5.59124577e-01
 4.41932103e-01 4.10486478e-01 4.28928723e-01 4.59185349e-01
 0.00000000e+00 0.00000000e+00 0.00000000e+00 0.00000000e+00
 0.00000000e+00 2.09506026e-01 0.00000000e+00 0.00000000e+00
 0.00000000e+00 0.00000000e+00 0.00000000e+00 0.00000000e+00
 0.00000000e+00 0.00000000e+00 0.00000000e+00 0.00000000e+00
 0.00000000e+00 0.00000000e+00 0.00000000e+00 0.00000000e+00
 0.00000000e+00 0.00000000e+00 0.00000000e+00 9.54833133e-02
 0.00000000e+00 0.00000000e+00 0.00000000e+00 0.00000000e+00
 0.00000000e+00 0.00000000e+00 0.00000000e+00 0.00000000e+00
 7.38006886e-01 4.03506591e-01 5.80939964e-01 3.99826485e-01
 3.93781427e-01 3.65746413e-01 0.00000000e+00 4.35469186e-01
 5.71726317e-01 3.57476853e-01 5.94984689e-01 3.76208140e-01
 4.73700026e-01 0.00000000e+00 5.63051721e-01 3.75218365e-01
 0.00000000e+00 0.00000000e+00 0.00000000e+00 0.00000000e+00
 0.00000000e+00 0.00000000e+00 0.00000000e+00 0.00000000e+00
 0.00000000e+00 0.00000000e+00 0.00000000e+00 0.00000000e+00
 0.00000000e+00 0.00000000e+00 0.00000000e+00 0.00000000e+00]",-11042453979.877537,-11042453979.877537,981908505.4129542,-12966994650.486927,-9117913309.268147,0.9859081000031438,True,0,5.0,1.0,BS_only,BS-only(γ=5.0),1.0,0.0,-10933547897.846083,995302894.0297185,0.0,0.0,400
test,NETLIB,7,6,0.05,TSAR-LP,"[0.         1.02292971 0.         0.1173464  1.14683243 0.
 9.46594104]",-7.413525302219391,-7.413525302219391,0.15925593440666583,-7.725666933656456,-7.101383670782326,0.032431600004201755,True,0,5.0,1.0,BS_only,BS-only(γ=5.0),1.0,0.0,-7.414647725552738,0.15282778243797143,0.0,0.0,400
test,NETLIB,7,6,0.1,TSAR-LP,"[0.         1.18980591 0.         0.10511015 1.32876084 0.
 8.96103421]",-6.547577602263335,-6.547577602263335,0.3021296797449332,-7.139751774563404,-5.955403429963265,0.03142300000763498,True,0,5.0,1.0,BS_only,BS-only(γ=5.0),1.0,0.0,-6.550456847887607,0.28908561197320837,0.0,0.0,400
test,NETLIB,7,6,0.2,TSAR-LP,"[0.         1.50285657 0.         0.0739091  1.73167975 0.
 8.2081107 ]",-5.047483476459261,-5.047483476459261,0.5565686108875337,-6.1383579537988275,-3.956608999119695,0.03173909999895841,True,0,4.5,1.0,BS_only,BS-only(γ=4.5),1.0,0.0,-5.055609358410855,0.5293224318532819,0.0,0.0,400
test,NETLIB,7,6,0.3,TSAR-LP,"[0.         1.50285649 0.         0.07390908 1.73167963 0.
 8.20811077]",-5.047483729582936,-5.047483729582936,0.8348529048684612,-6.68379542312512,-3.4111720360407523,0.02964860000065528,True,0,3.0,1.0,BS_only,BS-only(γ=3.0),1.0,0.0,-5.059672551272317,0.7939836383050063,0.0,0.0,400
galenet,NETLIB,8,6,0.2,TSAR-LP,"[ 0.          0.          0.          0.         13.25082494  0.
 33.5357971  56.74572391]",0.0,0.0,2.744786339693521e-07,-5.379781225799301e-07,5.379781225799301e-07,0.03223489999072626,True,0.0,5.0,1.0,BS_only,BS-only(γ=5.0),1.0,0.0,9.565665267412105e-09,2.4294613959743056e-07,0.0,0.0,400
galenet,NETLIB,8,6,0.2,Bertsimas-Sim(γ=3.0),"[ 0.          0.          0.          0.         11.82953536  0.
 27.29507131 43.29440133]",1.0094225735273922e-06,,,,,0.0033063000009860843,True,,3.0,1.0,,parametric robust (γ=3.0),1.0,0.0,7.169331584255705e-09,1.8971199467037412e-07,0.0,0.0,400
galenet,NETLIB,8,6,0.2,HiGHS-SAA,"[ 0.          0.         16.3116282  18.58325197 11.05446069  0.
 23.68086558 37.0883223 ]",-1.9200398087596466e-08,,,,,0.0083458999870345,True,,,,,100,0.965,0.03500000000000003,3.728646342700864e-09,1.8894220525491388e-07,0.009213483073696177,1.130049074370163,400
galenet,NETLIB,8,6,0.2,Nominal-LP,[ 0.  0.  0.  0. 10. 20.  0. 30.],0.0,,,,,0.0027048999909311533,True,,,,,deterministic (mean only),0.1425,0.8575,4.4740415009224785e-09,1.4582734650175644e-07,1.4762936906527486,7.323144863872326,400
galenet,NETLIB,8,6,0.2,TSAR-No-calib,"[ 0.          0.          0.          0.         11.18300823  0.
 24.62792208 38.16275   ]",0.0,0.0,1.9096202532701467e-07,-3.7428556964094874e-07,3.7428556964094874e-07,0.004031899996334687,True,0.0,2.0,1.0,fixed_γ=2.0,No-calibration(fixed γ=2.0),0.9975,0.0024999999999999467,6.246741009147124e-09,1.6893280540278913e-07,0.0004782932675571949,0.19131730702287797,400
galenet,NETLIB,8,6,0.3,TSAR-LP,"[ 0.          0.          0.          0.         15.31553097  0.
 43.65305239 84.13037573]",0.0,0.0,3.9196246828603316e-07,-7.682464378406249e-07,7.682464378406249e-07,0.031640200002584606,True,0.0,5.0,1.0,BS_only,BS-only(γ=5.0),1.0,0.0,1.434975286809331e-08,3.477512438815159e-07,0.0,0.0,400
galenet,NETLIB,8,6,0.3,Bertsimas-Sim(γ=3.0),"[ 0.          0.          0.          0.         12.87816925  0.
 31.84670917 52.88631391]",1.1954880719685765e-06,,,,,0.0030459000263363123,True,,3.0,1.0,,parametric robust (γ=3.0),1.0,0.0,8.881391071199491e-09,2.2782965058119359e-07,0.0,0.0,400
galenet,NETLIB,8,6,0.3,HiGHS-SAA,"[ 0.          0.         14.75732534 17.89622307 11.62856585  0.
 25.6668933  41.43420979]",-1.654913950627185e-08,,,,,0.011462099995696917,True,,,,,100,0.965,0.03500000000000003,4.656154259637397e-09,2.0060299902369867e-07,0.015189356631476247,1.7166491829669823,400
galenet,NETLIB,8,6,0.3,Nominal-LP,[ 0.  0.  0.  0. 10. 20.  0. 30.],0.0,,,,,0.0035420999920461327,True,,,,,deterministic (mean only),0.1425,0.8575,4.4740415009224785e-09,1.4582734650175644e-07,2.2144405071059112,10.984717159570984,400
galenet,NETLIB,8,6,0.3,TSAR-No-calib,"[ 0.          0.          0.          0.         11.82953499  0.
 27.29507092 43.2944009 ]",0.0,0.0,2.1445139090155117e-07,-4.203247261670403e-07,4.203247261670403e-07,0.003965000010794029,True,0.0,2.0,1.0,fixed_γ=2.0,No-calibration(fixed γ=2.0),0.9975,0.0024999999999999467,7.169331544095641e-09,1.897119923577541e-07,0.000522150171829061,0.20886006873162444,400
sctest,NETLIB,6,5,0.05,TSAR-LP,[0. 0. 0. 0. 0. 0.],0.0,0.0,0.0,0.0,0.0,0.028174700011732057,True,0,5.0,0.0,BS_only,BS-only(γ=5.0),0.0,1.0,0.0,0.0,2.999780888991463,3.0509363027319134,400
sctest,NETLIB,6,5,0.1,TSAR-LP,[0. 0. 0. 0. 0. 0.],0.0,0.0,0.0,0.0,0.0,0.028666400001384318,True,0,5.0,0.0,BS_only,BS-only(γ=5.0),0.0,1.0,0.0,0.0,2.9995617780249693,3.10187259569022,400
sctest,NETLIB,6,5,0.2,TSAR-LP,[0. 0. 0. 0. 0. 0.],0.0,0.0,0.0,0.0,0.0,0.025954500015359372,True,0,5.0,0.0,BS_only,BS-only(γ=5.0),0.0,1.0,0.0,0.0,2.9991235560919813,3.2037451816068336,400
cap41,OR-Library,816,866,0.05,TSAR-LP,"[1.24793000e+00 1.23668198e+00 4.39281727e+00 1.70234148e+00
 1.71913498e-06 1.67491557e+00 1.24392970e+00 1.26305648e+00
 1.33413389e+00 3.64467184e-02 1.47221458e+00 1.20382074e+00
 1.73589824e+00 1.72923627e-06 1.72080346e-06 1.72298749e-06
 0.00000000e+00 0.00000000e+00 0.00000000e+00 0.00000000e+00
 0.00000000e+00 0.00000000e+00 0.00000000e+00 1.05581964e+00
 0.00000000e+00 0.00000000e+00 0.00000000e+00 7.46849553e-02
 0.00000000e+00 0.00000000e+00 0.00000000e+00 0.00000000e+00
 0.00000000e+00 0.00000000e+00 0.00000000e+00 0.00000000e+00
 0.00000000e+00 0.00000000e+00 1.09314967e+00 0.00000000e+00
 0.00000000e+00 0.00000000e+00 0.00000000e+00 5.93870673e-02
 0.00000000e+00 0.00000000e+00 0.00000000e+00 0.00000000e+00
 1.08401166e+00 0.00000000e+00 0.00000000e+00 0.00000000e+00
 4.40499729e-08 0.00000000e+00 0.00000000e+00 0.00000000e+00
 0.00000000e+00 0.00000000e+00 6.48273119e-02 0.00000000e+00
 0.00000000e+00 0.00000000e+00 0.00000000e+00 0.00000000e+00
 0.00000000e+00 0.00000000e+00 0.00000000e+00 0.00000000e+00
 6.75357374e-08 1.09351119e+00 0.00000000e+00 0.00000000e+00
 0.00000000e+00 0.00000000e+00 0.00000000e+00 0.00000000e+00
 0.00000000e+00 0.00000000e+00 0.00000000e+00 0.00000000e+00
 0.00000000e+00 0.00000000e+00 0.00000000e+00 0.00000000e+00
 0.00000000e+00 0.00000000e+00 0.00000000e+00 1.10828711e+00
 0.00000000e+00 0.00000000e+00 0.00000000e+00 5.80489038e-02
 0.00000000e+00 0.00000000e+00 0.00000000e+00 0.00000000e+00
 1.06520996e+00 0.00000000e+00 0.00000000e+00 0.00000000e+00
 0.00000000e+00 0.00000000e+00 0.00000000e+00 0.00000000e+00
 0.00000000e+00 0.00000000e+00 5.94639314e-02 0.00000000e+00
 0.00000000e+00 1.09433446e-07 0.00000000e+00 0.00000000e+00
 0.00000000e+00 1.10597633e+00 0.00000000e+00 0.00000000e+00
 0.00000000e+00 0.00000000e+00 0.00000000e+00 0.00000000e+00
 0.00000000e+00 0.00000000e+00 0.00000000e+00 0.00000000e+00
 0.00000000e+00 0.00000000e+00 0.00000000e+00 0.00000000e+00
 0.00000000e+00 0.00000000e+00 1.20135632e+00 0.00000000e+00
 0.00000000e+00 0.00000000e+00 0.00000000e+00 0.00000000e+00
 0.00000000e+00 0.00000000e+00 0.00000000e+00 0.00000000e+00
 0.00000000e+00 0.00000000e+00 0.00000000e+00 0.00000000e+00
 0.00000000e+00 0.00000000e+00 0.00000000e+00 0.00000000e+00
 0.00000000e+00 0.00000000e+00 0.00000000e+00 9.68521718e-02
 0.00000000e+00 0.00000000e+00 0.00000000e+00 1.01484168e+00
 0.00000000e+00 0.00000000e+00 0.00000000e+00 0.00000000e+00
 0.00000000e+00 0.00000000e+00 0.00000000e+00 0.00000000e+00
 0.00000000e+00 0.00000000e+00 0.00000000e+00 1.15333178e+00
 0.00000000e+00 0.00000000e+00 0.00000000e+00 0.00000000e+00
 0.00000000e+00 0.00000000e+00 0.00000000e+00 0.00000000e+00
 0.00000000e+00 0.00000000e+00 0.00000000e+00 1.15908644e+00
 0.00000000e+00 0.00000000e+00 0.00000000e+00 0.00000000e+00
 0.00000000e+00 0.00000000e+00 0.00000000e+00 0.00000000e+00
 0.00000000e+00 0.00000000e+00 0.00000000e+00 0.00000000e+00
 0.00000000e+00 0.00000000e+00 0.00000000e+00 0.00000000e+00
 1.03332202e-07 0.00000000e+00 0.00000000e+00 0.00000000e+00
 0.00000000e+00 0.00000000e+00 1.10233914e+00 0.00000000e+00
 0.00000000e+00 0.00000000e+00 0.00000000e+00 0.00000000e+00
 0.00000000e+00 0.00000000e+00 0.00000000e+00 0.00000000e+00
 0.00000000e+00 1.09605037e+00 0.00000000e+00 0.00000000e+00
 0.00000000e+00 0.00000000e+00 0.00000000e+00 0.00000000e+00
 0.00000000e+00 0.00000000e+00 0.00000000e+00 0.00000000e+00
 1.09327237e+00 0.00000000e+00 0.00000000e+00 0.00000000e+00
 0.00000000e+00 0.00000000e+00 0.00000000e+00 0.00000000e+00
 0.00000000e+00 0.00000000e+00 0.00000000e+00 0.00000000e+00
 0.00000000e+00 0.00000000e+00 0.00000000e+00 0.00000000e+00
 0.00000000e+00 0.00000000e+00 0.00000000e+00 0.00000000e+00
 0.00000000e+00 0.00000000e+00 1.07227154e+00 0.00000000e+00
 0.00000000e+00 0.00000000e+00 0.00000000e+00 0.00000000e+00
 0.00000000e+00 3.24725427e-08 0.00000000e+00 0.00000000e+00
 0.00000000e+00 0.00000000e+00 0.00000000e+00 0.00000000e+00
 0.00000000e+00 0.00000000e+00 0.00000000e+00 1.09722927e+00
 0.00000000e+00 0.00000000e+00 0.00000000e+00 0.00000000e+00
 0.00000000e+00 0.00000000e+00 0.00000000e+00 0.00000000e+00
 0.00000000e+00 0.00000000e+00 0.00000000e+00 0.00000000e+00
 0.00000000e+00 0.00000000e+00 0.00000000e+00 0.00000000e+00
 0.00000000e+00 0.00000000e+00 6.79532407e-02 1.06681045e+00
 0.00000000e+00 0.00000000e+00 0.00000000e+00 0.00000000e+00
 0.00000000e+00 0.00000000e+00 0.00000000e+00 0.00000000e+00
 0.00000000e+00 0.00000000e+00 0.00000000e+00 0.00000000e+00
 1.14333012e+00 0.00000000e+00 0.00000000e+00 0.00000000e+00
 0.00000000e+00 0.00000000e+00 0.00000000e+00 0.00000000e+00
 0.00000000e+00 0.00000000e+00 0.00000000e+00 0.00000000e+00
 0.00000000e+00 0.00000000e+00 0.00000000e+00 0.00000000e+00
 0.00000000e+00 0.00000000e+00 1.08781816e+00 0.00000000e+00
 0.00000000e+00 0.00000000e+00 0.00000000e+00 0.00000000e+00
 0.00000000e+00 0.00000000e+00 0.00000000e+00 0.00000000e+00
 0.00000000e+00 0.00000000e+00 1.15424899e+00 0.00000000e+00
 0.00000000e+00 0.00000000e+00 0.00000000e+00 0.00000000e+00
 0.00000000e+00 0.00000000e+00 0.00000000e+00 0.00000000e+00
 0.00000000e+00 0.00000000e+00 0.00000000e+00 0.00000000e+00
 0.00000000e+00 0.00000000e+00 0.00000000e+00 0.00000000e+00
 0.00000000e+00 0.00000000e+00 1.13800005e+00 0.00000000e+00
 0.00000000e+00 0.00000000e+00 0.00000000e+00 0.00000000e+00
 0.00000000e+00 0.00000000e+00 0.00000000e+00 0.00000000e+00
 0.00000000e+00 0.00000000e+00 1.09513248e+00 0.00000000e+00
 0.00000000e+00 3.25612318e-02 0.00000000e+00 0.00000000e+00
 0.00000000e+00 0.00000000e+00 0.00000000e+00 0.00000000e+00
 0.00000000e+00 0.00000000e+00 0.00000000e+00 0.00000000e+00
 0.00000000e+00 0.00000000e+00 0.00000000e+00 0.00000000e+00
 0.00000000e+00 0.00000000e+00 1.13546607e+00 0.00000000e+00
 0.00000000e+00 0.00000000e+00 0.00000000e+00 0.00000000e+00
 1.13021927e+00 0.00000000e+00 0.00000000e+00 0.00000000e+00
 9.37436582e-08 0.00000000e+00 0.00000000e+00 0.00000000e+00
 0.00000000e+00 0.00000000e+00 5.98391757e-02 0.00000000e+00
 0.00000000e+00 0.00000000e+00 0.00000000e+00 0.00000000e+00
 0.00000000e+00 0.00000000e+00 0.00000000e+00 0.00000000e+00
 0.00000000e+00 0.00000000e+00 0.00000000e+00 0.00000000e+00
 0.00000000e+00 0.00000000e+00 1.10403891e-01 1.02878220e+00
 0.00000000e+00 0.00000000e+00 0.00000000e+00 0.00000000e+00
 0.00000000e+00 0.00000000e+00 0.00000000e+00 0.00000000e+00
 6.89456013e-08 0.00000000e+00 0.00000000e+00 0.00000000e+00
 0.00000000e+00 0.00000000e+00 1.14853417e+00 0.00000000e+00
 0.00000000e+00 0.00000000e+00 0.00000000e+00 0.00000000e+00
 0.00000000e+00 0.00000000e+00 0.00000000e+00 0.00000000e+00
 0.00000000e+00 0.00000000e+00 0.00000000e+00 0.00000000e+00
 0.00000000e+00 0.00000000e+00 0.00000000e+00 0.00000000e+00
 1.18583163e+00 0.00000000e+00 0.00000000e+00 0.00000000e+00
 0.00000000e+00 0.00000000e+00 0.00000000e+00 0.00000000e+00
 0.00000000e+00 0.00000000e+00 0.00000000e+00 0.00000000e+00
 0.00000000e+00 0.00000000e+00 1.13630279e+00 0.00000000e+00
 0.00000000e+00 0.00000000e+00 0.00000000e+00 0.00000000e+00
 0.00000000e+00 0.00000000e+00 0.00000000e+00 0.00000000e+00
 0.00000000e+00 0.00000000e+00 0.00000000e+00 0.00000000e+00
 0.00000000e+00 0.00000000e+00 1.09232687e+00 0.00000000e+00
 0.00000000e+00 4.18474091e-08 0.00000000e+00 0.00000000e+00
 1.13827860e+00 0.00000000e+00 0.00000000e+00 0.00000000e+00
 0.00000000e+00 0.00000000e+00 0.00000000e+00 0.00000000e+00
 0.00000000e+00 0.00000000e+00 0.00000000e+00 0.00000000e+00
 0.00000000e+00 0.00000000e+00 5.92425071e-08 0.00000000e+00
 1.05940289e+00 0.00000000e+00 0.00000000e+00 0.00000000e+00
 0.00000000e+00 0.00000000e+00 0.00000000e+00 0.00000000e+00
 0.00000000e+00 0.00000000e+00 1.10415008e-01 0.00000000e+00
 0.00000000e+00 8.94795280e-08 0.00000000e+00 5.28554533e-08
 0.00000000e+00 0.00000000e+00 0.00000000e+00 0.00000000e+00
 0.00000000e+00 0.00000000e+00 0.00000000e+00 0.00000000e+00
 0.00000000e+00 0.00000000e+00 1.12590591e+00 0.00000000e+00
 0.00000000e+00 0.00000000e+00 0.00000000e+00 0.00000000e+00
 1.12192515e+00 0.00000000e+00 0.00000000e+00 0.00000000e+00
 0.00000000e+00 0.00000000e+00 0.00000000e+00 0.00000000e+00
 0.00000000e+00 0.00000000e+00 1.28777373e-02 0.00000000e+00
 0.00000000e+00 4.72374962e-08 0.00000000e+00 6.43140326e-09
 0.00000000e+00 0.00000000e+00 1.07759027e+00 0.00000000e+00
 0.00000000e+00 0.00000000e+00 0.00000000e+00 0.00000000e+00
 0.00000000e+00 0.00000000e+00 0.00000000e+00 0.00000000e+00
 0.00000000e+00 0.00000000e+00 0.00000000e+00 0.00000000e+00
 0.00000000e+00 0.00000000e+00 0.00000000e+00 0.00000000e+00
 0.00000000e+00 0.00000000e+00 6.19666342e-02 0.00000000e+00
 0.00000000e+00 0.00000000e+00 0.00000000e+00 1.08119475e+00
 0.00000000e+00 0.00000000e+00 0.00000000e+00 0.00000000e+00
 0.00000000e+00 0.00000000e+00 0.00000000e+00 0.00000000e+00
 0.00000000e+00 0.00000000e+00 0.00000000e+00 0.00000000e+00
 0.00000000e+00 0.00000000e+00 3.67295658e-02 1.08686363e+00
 0.00000000e+00 0.00000000e+00 0.00000000e+00 0.00000000e+00
 0.00000000e+00 0.00000000e+00 1.11464264e+00 0.00000000e+00
 0.00000000e+00 0.00000000e+00 0.00000000e+00 0.00000000e+00
 0.00000000e+00 0.00000000e+00 0.00000000e+00 0.00000000e+00
 0.00000000e+00 0.00000000e+00 0.00000000e+00 0.00000000e+00
 0.00000000e+00 0.00000000e+00 0.00000000e+00 0.00000000e+00
 0.00000000e+00 1.13544481e+00 0.00000000e+00 0.00000000e+00
 0.00000000e+00 0.00000000e+00 0.00000000e+00 0.00000000e+00
 0.00000000e+00 0.00000000e+00 0.00000000e+00 0.00000000e+00
 0.00000000e+00 0.00000000e+00 0.00000000e+00 0.00000000e+00
 0.00000000e+00 0.00000000e+00 0.00000000e+00 1.12493531e+00
 0.00000000e+00 0.00000000e+00 0.00000000e+00 0.00000000e+00
 0.00000000e+00 0.00000000e+00 0.00000000e+00 0.00000000e+00
 0.00000000e+00 0.00000000e+00 0.00000000e+00 0.00000000e+00
 2.83745768e-08 0.00000000e+00 0.00000000e+00 0.00000000e+00
 0.00000000e+00 0.00000000e+00 1.09987507e+00 0.00000000e+00
 0.00000000e+00 0.00000000e+00 0.00000000e+00 0.00000000e+00
 0.00000000e+00 0.00000000e+00 0.00000000e+00 0.00000000e+00
 0.00000000e+00 0.00000000e+00 0.00000000e+00 0.00000000e+00
 0.00000000e+00 0.00000000e+00 1.14902232e+00 0.00000000e+00
 0.00000000e+00 0.00000000e+00 0.00000000e+00 0.00000000e+00
 0.00000000e+00 0.00000000e+00 0.00000000e+00 1.14860295e+00
 0.00000000e+00 0.00000000e+00 0.00000000e+00 0.00000000e+00
 0.00000000e+00 0.00000000e+00 0.00000000e+00 0.00000000e+00
 0.00000000e+00 0.00000000e+00 0.00000000e+00 0.00000000e+00
 0.00000000e+00 0.00000000e+00 0.00000000e+00 0.00000000e+00
 0.00000000e+00 0.00000000e+00 0.00000000e+00 1.06766954e+00
 0.00000000e+00 0.00000000e+00 0.00000000e+00 3.16438855e-02
 0.00000000e+00 0.00000000e+00 0.00000000e+00 0.00000000e+00
 0.00000000e+00 0.00000000e+00 0.00000000e+00 0.00000000e+00
 0.00000000e+00 0.00000000e+00 1.13574433e+00 0.00000000e+00
 0.00000000e+00 3.08445474e-02 0.00000000e+00 4.16574305e-02
 0.00000000e+00 8.39959289e-08 0.00000000e+00 0.00000000e+00
 0.00000000e+00 0.00000000e+00 0.00000000e+00 0.00000000e+00
 0.00000000e+00 0.00000000e+00 0.00000000e+00 0.00000000e+00
 0.00000000e+00 0.00000000e+00 0.00000000e+00 0.00000000e+00
 1.10192530e+00 0.00000000e+00 0.00000000e+00 0.00000000e+00
 0.00000000e+00 0.00000000e+00 0.00000000e+00 0.00000000e+00
 0.00000000e+00 0.00000000e+00 0.00000000e+00 1.07044012e+00
 0.00000000e+00 0.00000000e+00 0.00000000e+00 1.32042105e-02
 0.00000000e+00 0.00000000e+00 0.00000000e+00 0.00000000e+00
 0.00000000e+00 0.00000000e+00 0.00000000e+00 0.00000000e+00
 0.00000000e+00 0.00000000e+00 0.00000000e+00 1.07271096e+00
 0.00000000e+00 0.00000000e+00 0.00000000e+00 6.55380190e-02
 0.00000000e+00 0.00000000e+00 0.00000000e+00 0.00000000e+00
 0.00000000e+00 0.00000000e+00 0.00000000e+00 0.00000000e+00
 0.00000000e+00 0.00000000e+00 1.04721305e+00 0.00000000e+00
 0.00000000e+00 0.00000000e+00 0.00000000e+00 1.01440862e-01
 0.00000000e+00 0.00000000e+00 0.00000000e+00 0.00000000e+00
 0.00000000e+00 0.00000000e+00 0.00000000e+00 0.00000000e+00
 1.10283776e-07 1.13059853e+00 0.00000000e+00 0.00000000e+00
 0.00000000e+00 0.00000000e+00 0.00000000e+00 0.00000000e+00
 0.00000000e+00 0.00000000e+00 0.00000000e+00 0.00000000e+00
 0.00000000e+00 0.00000000e+00 0.00000000e+00 0.00000000e+00
 0.00000000e+00 0.00000000e+00 0.00000000e+00 0.00000000e+00
 0.00000000e+00 0.00000000e+00 0.00000000e+00 1.10789632e+00
 0.00000000e+00 0.00000000e+00 0.00000000e+00 0.00000000e+00]",1093642.4436271354,1093642.4436271354,3240.6913069992315,1087290.6886654168,1099994.198588854,5.537001599994255,True,0.0,5.0,1.0,BS_only,BS-only(γ=5.0),1.0,0.0,1093676.8468194613,3232.473333057399,0.0,0.0,400
cap41,OR-Library,816,866,0.05,Bertsimas-Sim(γ=3.0),"[1.17807957e+00 1.13689061e+00 4.02798120e+00 1.60617331e+00
 9.33042177e-07 1.51180429e+00 1.13911537e+00 1.15008867e+00
 1.18856891e+00 2.02062192e-02 1.22428721e+00 1.11800947e+00
 1.55523844e+00 9.36188585e-07 9.33562968e-07 9.34244032e-07
 0.00000000e+00 0.00000000e+00 0.00000000e+00 0.00000000e+00
 0.00000000e+00 0.00000000e+00 0.00000000e+00 1.03278138e+00
 0.00000000e+00 0.00000000e+00 0.00000000e+00 4.35646203e-02
 0.00000000e+00 0.00000000e+00 0.00000000e+00 0.00000000e+00
 0.00000000e+00 0.00000000e+00 0.00000000e+00 0.00000000e+00
 0.00000000e+00 0.00000000e+00 1.05361809e+00 0.00000000e+00
 0.00000000e+00 0.00000000e+00 0.00000000e+00 3.53387502e-02
 0.00000000e+00 0.00000000e+00 0.00000000e+00 0.00000000e+00
 1.08265783e+00 0.00000000e+00 0.00000000e+00 0.00000000e+00
 1.48772502e-08 0.00000000e+00 0.00000000e+00 0.00000000e+00
 0.00000000e+00 0.00000000e+00 2.97205650e-03 0.00000000e+00
 0.00000000e+00 0.00000000e+00 0.00000000e+00 0.00000000e+00
 0.00000000e+00 0.00000000e+00 0.00000000e+00 0.00000000e+00
 2.24979784e-08 1.05509026e+00 0.00000000e+00 0.00000000e+00
 0.00000000e+00 0.00000000e+00 0.00000000e+00 0.00000000e+00
 0.00000000e+00 0.00000000e+00 0.00000000e+00 0.00000000e+00
 0.00000000e+00 0.00000000e+00 0.00000000e+00 0.00000000e+00
 0.00000000e+00 0.00000000e+00 0.00000000e+00 1.06265719e+00
 0.00000000e+00 0.00000000e+00 0.00000000e+00 3.44725029e-02
 0.00000000e+00 0.00000000e+00 0.00000000e+00 0.00000000e+00
 1.07203091e+00 0.00000000e+00 0.00000000e+00 0.00000000e+00
 0.00000000e+00 0.00000000e+00 0.00000000e+00 0.00000000e+00
 0.00000000e+00 0.00000000e+00 9.85794555e-05 0.00000000e+00
 0.00000000e+00 3.68792125e-08 0.00000000e+00 0.00000000e+00
 0.00000000e+00 1.06260623e+00 0.00000000e+00 0.00000000e+00
 0.00000000e+00 0.00000000e+00 0.00000000e+00 0.00000000e+00
 0.00000000e+00 0.00000000e+00 0.00000000e+00 0.00000000e+00
 0.00000000e+00 0.00000000e+00 0.00000000e+00 0.00000000e+00
 0.00000000e+00 0.00000000e+00 1.11644035e+00 0.00000000e+00
 0.00000000e+00 0.00000000e+00 0.00000000e+00 0.00000000e+00
 0.00000000e+00 0.00000000e+00 0.00000000e+00 0.00000000e+00
 0.00000000e+00 0.00000000e+00 0.00000000e+00 0.00000000e+00
 0.00000000e+00 0.00000000e+00 0.00000000e+00 0.00000000e+00
 0.00000000e+00 0.00000000e+00 0.00000000e+00 1.05893662e+00
 0.00000000e+00 0.00000000e+00 0.00000000e+00 3.96669741e-02
 0.00000000e+00 0.00000000e+00 0.00000000e+00 0.00000000e+00
 0.00000000e+00 0.00000000e+00 0.00000000e+00 0.00000000e+00
 0.00000000e+00 0.00000000e+00 0.00000000e+00 1.08935035e+00
 0.00000000e+00 0.00000000e+00 0.00000000e+00 0.00000000e+00
 0.00000000e+00 0.00000000e+00 0.00000000e+00 0.00000000e+00
 0.00000000e+00 0.00000000e+00 0.00000000e+00 1.09158342e+00
 0.00000000e+00 0.00000000e+00 0.00000000e+00 0.00000000e+00
 0.00000000e+00 0.00000000e+00 0.00000000e+00 0.00000000e+00
 0.00000000e+00 0.00000000e+00 0.00000000e+00 0.00000000e+00
 0.00000000e+00 0.00000000e+00 0.00000000e+00 0.00000000e+00
 3.46295331e-08 0.00000000e+00 0.00000000e+00 0.00000000e+00
 0.00000000e+00 0.00000000e+00 1.06006518e+00 0.00000000e+00
 0.00000000e+00 0.00000000e+00 0.00000000e+00 0.00000000e+00
 0.00000000e+00 0.00000000e+00 0.00000000e+00 0.00000000e+00
 0.00000000e+00 1.05684204e+00 0.00000000e+00 0.00000000e+00
 0.00000000e+00 0.00000000e+00 0.00000000e+00 0.00000000e+00
 0.00000000e+00 0.00000000e+00 0.00000000e+00 0.00000000e+00
 1.05477474e+00 0.00000000e+00 0.00000000e+00 0.00000000e+00
 0.00000000e+00 0.00000000e+00 0.00000000e+00 0.00000000e+00
 0.00000000e+00 0.00000000e+00 0.00000000e+00 0.00000000e+00
 0.00000000e+00 0.00000000e+00 0.00000000e+00 0.00000000e+00
 0.00000000e+00 0.00000000e+00 0.00000000e+00 0.00000000e+00
 0.00000000e+00 0.00000000e+00 1.04266454e+00 0.00000000e+00
 0.00000000e+00 0.00000000e+00 0.00000000e+00 0.00000000e+00
 0.00000000e+00 1.08048359e-08 0.00000000e+00 0.00000000e+00
 0.00000000e+00 0.00000000e+00 0.00000000e+00 0.00000000e+00
 0.00000000e+00 0.00000000e+00 0.00000000e+00 1.05765728e+00
 0.00000000e+00 0.00000000e+00 0.00000000e+00 0.00000000e+00
 0.00000000e+00 0.00000000e+00 0.00000000e+00 0.00000000e+00
 0.00000000e+00 0.00000000e+00 0.00000000e+00 4.04401983e-02
 0.00000000e+00 0.00000000e+00 0.00000000e+00 0.00000000e+00
 0.00000000e+00 0.00000000e+00 0.00000000e+00 1.03901126e+00
 0.00000000e+00 0.00000000e+00 0.00000000e+00 0.00000000e+00
 0.00000000e+00 0.00000000e+00 0.00000000e+00 0.00000000e+00
 0.00000000e+00 0.00000000e+00 0.00000000e+00 0.00000000e+00
 1.08266941e+00 0.00000000e+00 0.00000000e+00 0.00000000e+00
 0.00000000e+00 0.00000000e+00 0.00000000e+00 0.00000000e+00
 0.00000000e+00 0.00000000e+00 0.00000000e+00 1.08234628e+00
 0.00000000e+00 0.00000000e+00 0.00000000e+00 0.00000000e+00
 0.00000000e+00 0.00000000e+00 0.00000000e+00 0.00000000e+00
 0.00000000e+00 0.00000000e+00 0.00000000e+00 0.00000000e+00
 0.00000000e+00 0.00000000e+00 0.00000000e+00 0.00000000e+00
 0.00000000e+00 0.00000000e+00 1.08945949e+00 0.00000000e+00
 0.00000000e+00 0.00000000e+00 0.00000000e+00 0.00000000e+00
 0.00000000e+00 0.00000000e+00 0.00000000e+00 0.00000000e+00
 0.00000000e+00 0.00000000e+00 0.00000000e+00 1.10731278e+00
 0.00000000e+00 0.00000000e+00 0.00000000e+00 0.00000000e+00
 0.00000000e+00 0.00000000e+00 0.00000000e+00 0.00000000e+00
 0.00000000e+00 0.00000000e+00 0.00000000e+00 0.00000000e+00
 0.00000000e+00 0.00000000e+00 0.00000000e+00 0.00000000e+00
 0.00000000e+00 0.00000000e+00 1.05630417e+00 0.00000000e+00
 0.00000000e+00 1.88837580e-02 0.00000000e+00 0.00000000e+00
 0.00000000e+00 0.00000000e+00 0.00000000e+00 0.00000000e+00
 0.00000000e+00 0.00000000e+00 0.00000000e+00 0.00000000e+00
 0.00000000e+00 0.00000000e+00 0.00000000e+00 0.00000000e+00
 0.00000000e+00 0.00000000e+00 1.07859818e+00 0.00000000e+00
 0.00000000e+00 0.00000000e+00 0.00000000e+00 0.00000000e+00
 1.11022916e+00 0.00000000e+00 0.00000000e+00 0.00000000e+00
 3.11061411e-08 0.00000000e+00 0.00000000e+00 0.00000000e+00
 0.00000000e+00 0.00000000e+00 0.00000000e+00 0.00000000e+00
 0.00000000e+00 0.00000000e+00 0.00000000e+00 0.00000000e+00
 0.00000000e+00 0.00000000e+00 0.00000000e+00 0.00000000e+00
 0.00000000e+00 0.00000000e+00 0.00000000e+00 0.00000000e+00
 0.00000000e+00 0.00000000e+00 6.35189757e-02 1.01715401e+00
 0.00000000e+00 0.00000000e+00 0.00000000e+00 0.00000000e+00
 0.00000000e+00 0.00000000e+00 0.00000000e+00 0.00000000e+00
 2.32244787e-08 0.00000000e+00 0.00000000e+00 0.00000000e+00
 0.00000000e+00 0.00000000e+00 1.08650225e+00 0.00000000e+00
 0.00000000e+00 0.00000000e+00 0.00000000e+00 0.00000000e+00
 0.00000000e+00 0.00000000e+00 0.00000000e+00 0.00000000e+00
 0.00000000e+00 0.00000000e+00 0.00000000e+00 0.00000000e+00
 0.00000000e+00 0.00000000e+00 0.00000000e+00 0.00000000e+00
 1.10802121e+00 0.00000000e+00 0.00000000e+00 0.00000000e+00
 0.00000000e+00 0.00000000e+00 0.00000000e+00 0.00000000e+00
 0.00000000e+00 0.00000000e+00 0.00000000e+00 0.00000000e+00
 0.00000000e+00 0.00000000e+00 1.07950986e+00 0.00000000e+00
 0.00000000e+00 0.00000000e+00 0.00000000e+00 0.00000000e+00
 0.00000000e+00 0.00000000e+00 0.00000000e+00 0.00000000e+00
 0.00000000e+00 0.00000000e+00 0.00000000e+00 0.00000000e+00
 0.00000000e+00 0.00000000e+00 1.05436788e+00 0.00000000e+00
 0.00000000e+00 1.37765535e-08 0.00000000e+00 0.00000000e+00
 1.08160940e+00 0.00000000e+00 0.00000000e+00 0.00000000e+00
 0.00000000e+00 0.00000000e+00 0.00000000e+00 0.00000000e+00
 0.00000000e+00 0.00000000e+00 0.00000000e+00 0.00000000e+00
 0.00000000e+00 0.00000000e+00 2.00229964e-08 0.00000000e+00
 1.06783904e+00 0.00000000e+00 0.00000000e+00 0.00000000e+00
 0.00000000e+00 0.00000000e+00 0.00000000e+00 0.00000000e+00
 0.00000000e+00 0.00000000e+00 2.98840372e-02 0.00000000e+00
 0.00000000e+00 2.99098351e-08 0.00000000e+00 1.73842816e-08
 0.00000000e+00 0.00000000e+00 0.00000000e+00 0.00000000e+00
 0.00000000e+00 0.00000000e+00 0.00000000e+00 0.00000000e+00
 0.00000000e+00 0.00000000e+00 1.07422590e+00 0.00000000e+00
 0.00000000e+00 0.00000000e+00 0.00000000e+00 0.00000000e+00
 1.07923057e+00 0.00000000e+00 0.00000000e+00 0.00000000e+00
 0.00000000e+00 0.00000000e+00 0.00000000e+00 0.00000000e+00
 0.00000000e+00 0.00000000e+00 0.00000000e+00 0.00000000e+00
 0.00000000e+00 1.55628093e-08 0.00000000e+00 2.11911377e-09
 0.00000000e+00 0.00000000e+00 1.04599927e+00 0.00000000e+00
 0.00000000e+00 0.00000000e+00 0.00000000e+00 0.00000000e+00
 0.00000000e+00 0.00000000e+00 0.00000000e+00 0.00000000e+00
 0.00000000e+00 0.00000000e+00 0.00000000e+00 0.00000000e+00
 0.00000000e+00 0.00000000e+00 0.00000000e+00 0.00000000e+00
 0.00000000e+00 0.00000000e+00 3.59741401e-02 0.00000000e+00
 0.00000000e+00 0.00000000e+00 0.00000000e+00 1.04759130e+00
 0.00000000e+00 0.00000000e+00 0.00000000e+00 0.00000000e+00
 0.00000000e+00 0.00000000e+00 0.00000000e+00 0.00000000e+00
 0.00000000e+00 0.00000000e+00 0.00000000e+00 0.00000000e+00
 0.00000000e+00 0.00000000e+00 2.17070011e-02 1.05135694e+00
 0.00000000e+00 0.00000000e+00 0.00000000e+00 0.00000000e+00
 0.00000000e+00 0.00000000e+00 1.06764759e+00 0.00000000e+00
 0.00000000e+00 0.00000000e+00 0.00000000e+00 0.00000000e+00
 0.00000000e+00 0.00000000e+00 0.00000000e+00 0.00000000e+00
 0.00000000e+00 0.00000000e+00 0.00000000e+00 0.00000000e+00
 0.00000000e+00 0.00000000e+00 0.00000000e+00 0.00000000e+00
 0.00000000e+00 1.08027042e+00 0.00000000e+00 0.00000000e+00
 0.00000000e+00 0.00000000e+00 0.00000000e+00 0.00000000e+00
 0.00000000e+00 0.00000000e+00 0.00000000e+00 0.00000000e+00
 0.00000000e+00 0.00000000e+00 0.00000000e+00 0.00000000e+00
 0.00000000e+00 0.00000000e+00 0.00000000e+00 1.07288118e+00
 0.00000000e+00 0.00000000e+00 0.00000000e+00 0.00000000e+00
 0.00000000e+00 0.00000000e+00 0.00000000e+00 0.00000000e+00
 0.00000000e+00 0.00000000e+00 0.00000000e+00 0.00000000e+00
 9.42163074e-09 0.00000000e+00 0.00000000e+00 0.00000000e+00
 0.00000000e+00 0.00000000e+00 1.05827006e+00 0.00000000e+00
 0.00000000e+00 0.00000000e+00 0.00000000e+00 0.00000000e+00
 0.00000000e+00 0.00000000e+00 0.00000000e+00 0.00000000e+00
 0.00000000e+00 0.00000000e+00 0.00000000e+00 0.00000000e+00
 0.00000000e+00 0.00000000e+00 1.08756067e+00 0.00000000e+00
 0.00000000e+00 0.00000000e+00 0.00000000e+00 0.00000000e+00
 0.00000000e+00 0.00000000e+00 0.00000000e+00 1.08757361e+00
 0.00000000e+00 0.00000000e+00 0.00000000e+00 0.00000000e+00
 0.00000000e+00 0.00000000e+00 0.00000000e+00 0.00000000e+00
 0.00000000e+00 0.00000000e+00 0.00000000e+00 0.00000000e+00
 0.00000000e+00 0.00000000e+00 0.00000000e+00 0.00000000e+00
 0.00000000e+00 0.00000000e+00 0.00000000e+00 1.03994206e+00
 0.00000000e+00 0.00000000e+00 0.00000000e+00 1.79071119e-02
 0.00000000e+00 0.00000000e+00 0.00000000e+00 0.00000000e+00
 0.00000000e+00 0.00000000e+00 0.00000000e+00 0.00000000e+00
 0.00000000e+00 0.00000000e+00 1.07821356e+00 0.00000000e+00
 0.00000000e+00 1.82935607e-02 0.00000000e+00 2.35234858e-02
 0.00000000e+00 2.76454683e-08 0.00000000e+00 3.58759324e-08
 0.00000000e+00 0.00000000e+00 0.00000000e+00 0.00000000e+00
 0.00000000e+00 0.00000000e+00 0.00000000e+00 0.00000000e+00
 0.00000000e+00 0.00000000e+00 0.00000000e+00 0.00000000e+00
 1.05943422e+00 0.00000000e+00 0.00000000e+00 0.00000000e+00
 0.00000000e+00 0.00000000e+00 0.00000000e+00 0.00000000e+00
 0.00000000e+00 0.00000000e+00 0.00000000e+00 1.04229578e+00
 0.00000000e+00 0.00000000e+00 0.00000000e+00 7.01968358e-03
 0.00000000e+00 0.00000000e+00 0.00000000e+00 0.00000000e+00
 0.00000000e+00 0.00000000e+00 0.00000000e+00 0.00000000e+00
 0.00000000e+00 0.00000000e+00 0.00000000e+00 1.04272812e+00
 0.00000000e+00 0.00000000e+00 0.00000000e+00 3.70508898e-02
 0.00000000e+00 0.00000000e+00 0.00000000e+00 0.00000000e+00
 0.00000000e+00 0.00000000e+00 0.00000000e+00 0.00000000e+00
 0.00000000e+00 0.00000000e+00 1.02769978e+00 0.00000000e+00
 0.00000000e+00 0.00000000e+00 0.00000000e+00 5.89166586e-02
 0.00000000e+00 0.00000000e+00 0.00000000e+00 0.00000000e+00
 0.00000000e+00 0.00000000e+00 0.00000000e+00 0.00000000e+00
 3.68835530e-08 1.07650220e+00 0.00000000e+00 0.00000000e+00
 0.00000000e+00 0.00000000e+00 0.00000000e+00 0.00000000e+00
 0.00000000e+00 0.00000000e+00 0.00000000e+00 0.00000000e+00
 0.00000000e+00 0.00000000e+00 0.00000000e+00 0.00000000e+00
 0.00000000e+00 0.00000000e+00 0.00000000e+00 0.00000000e+00
 0.00000000e+00 0.00000000e+00 0.00000000e+00 1.06394029e+00
 0.00000000e+00 0.00000000e+00 0.00000000e+00 0.00000000e+00]",1074782.1454402555,,,,,0.50780299998587,True,,3.0,1.0,,parametric robust (γ=3.0),1.0,0.0,1038679.426654186,3103.12046647566,0.0,0.0,400
cap41,OR-Library,816,866,0.05,HiGHS-SAA,"[1.08092733e+00 1.07316823e+00 3.04048771e+00 1.51329862e+00
 7.70152063e-03 2.14194158e+00 1.06790109e+00 1.06897211e+00
 1.10591483e+00 2.23346547e-02 4.90374054e+05 1.06952881e+00
 1.45002212e+00 8.07675996e-03 9.37526206e-03 7.97179126e-03
 0.00000000e+00 0.00000000e+00 0.00000000e+00 0.00000000e+00
 0.00000000e+00 0.00000000e+00 0.00000000e+00 9.99934135e-01
 0.00000000e+00 0.00000000e+00 0.00000000e+00 4.16792753e-02
 0.00000000e+00 0.00000000e+00 0.00000000e+00 0.00000000e+00
 0.00000000e+00 0.00000000e+00 0.00000000e+00 0.00000000e+00
 0.00000000e+00 0.00000000e+00 4.40760540e-02 0.00000000e+00
 0.00000000e+00 0.00000000e+00 0.00000000e+00 1.01378748e+00
 0.00000000e+00 0.00000000e+00 0.00000000e+00 0.00000000e+00
 1.03816498e+00 0.00000000e+00 0.00000000e+00 0.00000000e+00
 0.00000000e+00 0.00000000e+00 0.00000000e+00 0.00000000e+00
 0.00000000e+00 0.00000000e+00 0.00000000e+00 0.00000000e+00
 0.00000000e+00 0.00000000e+00 0.00000000e+00 0.00000000e+00
 0.00000000e+00 0.00000000e+00 0.00000000e+00 0.00000000e+00
 1.81365666e-04 1.02487987e+00 0.00000000e+00 0.00000000e+00
 0.00000000e+00 0.00000000e+00 0.00000000e+00 0.00000000e+00
 0.00000000e+00 0.00000000e+00 0.00000000e+00 0.00000000e+00
 0.00000000e+00 0.00000000e+00 0.00000000e+00 0.00000000e+00
 0.00000000e+00 0.00000000e+00 0.00000000e+00 1.01795541e+00
 0.00000000e+00 0.00000000e+00 0.00000000e+00 4.27640600e-02
 0.00000000e+00 0.00000000e+00 0.00000000e+00 0.00000000e+00
 1.02218690e+00 0.00000000e+00 0.00000000e+00 0.00000000e+00
 0.00000000e+00 0.00000000e+00 0.00000000e+00 0.00000000e+00
 0.00000000e+00 0.00000000e+00 1.72376973e-02 0.00000000e+00
 0.00000000e+00 1.29056251e-03 0.00000000e+00 0.00000000e+00
 0.00000000e+00 1.03618113e+00 0.00000000e+00 0.00000000e+00
 0.00000000e+00 0.00000000e+00 0.00000000e+00 0.00000000e+00
 0.00000000e+00 0.00000000e+00 0.00000000e+00 0.00000000e+00
 0.00000000e+00 0.00000000e+00 0.00000000e+00 0.00000000e+00
 0.00000000e+00 0.00000000e+00 1.06445980e+00 0.00000000e+00
 0.00000000e+00 0.00000000e+00 0.00000000e+00 0.00000000e+00
 0.00000000e+00 0.00000000e+00 0.00000000e+00 0.00000000e+00
 0.00000000e+00 0.00000000e+00 0.00000000e+00 0.00000000e+00
 0.00000000e+00 0.00000000e+00 0.00000000e+00 0.00000000e+00
 0.00000000e+00 0.00000000e+00 0.00000000e+00 1.02280213e+00
 0.00000000e+00 0.00000000e+00 0.00000000e+00 2.64635442e-02
 0.00000000e+00 0.00000000e+00 0.00000000e+00 0.00000000e+00
 0.00000000e+00 0.00000000e+00 0.00000000e+00 0.00000000e+00
 0.00000000e+00 0.00000000e+00 0.00000000e+00 1.04082303e+00
 0.00000000e+00 0.00000000e+00 0.00000000e+00 2.03235173e-02
 0.00000000e+00 0.00000000e+00 0.00000000e+00 0.00000000e+00
 0.00000000e+00 0.00000000e+00 0.00000000e+00 1.05520822e+00
 0.00000000e+00 0.00000000e+00 0.00000000e+00 0.00000000e+00
 0.00000000e+00 0.00000000e+00 0.00000000e+00 0.00000000e+00
 0.00000000e+00 0.00000000e+00 0.00000000e+00 0.00000000e+00
 0.00000000e+00 0.00000000e+00 0.00000000e+00 0.00000000e+00
 9.96229043e-04 0.00000000e+00 0.00000000e+00 0.00000000e+00
 0.00000000e+00 0.00000000e+00 1.03229973e+00 0.00000000e+00
 0.00000000e+00 0.00000000e+00 0.00000000e+00 0.00000000e+00
 0.00000000e+00 0.00000000e+00 0.00000000e+00 0.00000000e+00
 0.00000000e+00 1.03457717e+00 0.00000000e+00 0.00000000e+00
 0.00000000e+00 0.00000000e+00 0.00000000e+00 0.00000000e+00
 0.00000000e+00 0.00000000e+00 0.00000000e+00 0.00000000e+00
 1.02946205e+00 0.00000000e+00 0.00000000e+00 0.00000000e+00
 2.36273932e-03 0.00000000e+00 0.00000000e+00 0.00000000e+00
 0.00000000e+00 0.00000000e+00 3.22180359e-03 0.00000000e+00
 0.00000000e+00 0.00000000e+00 0.00000000e+00 0.00000000e+00
 0.00000000e+00 0.00000000e+00 0.00000000e+00 0.00000000e+00
 0.00000000e+00 0.00000000e+00 1.02235228e+00 0.00000000e+00
 0.00000000e+00 0.00000000e+00 0.00000000e+00 0.00000000e+00
 0.00000000e+00 0.00000000e+00 0.00000000e+00 0.00000000e+00
 0.00000000e+00 0.00000000e+00 0.00000000e+00 0.00000000e+00
 0.00000000e+00 0.00000000e+00 0.00000000e+00 1.02294645e+00
 0.00000000e+00 0.00000000e+00 0.00000000e+00 1.16369431e-02
 0.00000000e+00 0.00000000e+00 0.00000000e+00 0.00000000e+00
 0.00000000e+00 0.00000000e+00 0.00000000e+00 2.18124171e-02
 0.00000000e+00 0.00000000e+00 0.00000000e+00 0.00000000e+00
 0.00000000e+00 0.00000000e+00 0.00000000e+00 1.02205089e+00
 0.00000000e+00 0.00000000e+00 0.00000000e+00 0.00000000e+00
 0.00000000e+00 0.00000000e+00 0.00000000e+00 0.00000000e+00
 0.00000000e+00 0.00000000e+00 0.00000000e+00 0.00000000e+00
 1.04316160e+00 0.00000000e+00 0.00000000e+00 0.00000000e+00
 0.00000000e+00 0.00000000e+00 0.00000000e+00 0.00000000e+00
 0.00000000e+00 0.00000000e+00 0.00000000e+00 1.04324383e+00
 0.00000000e+00 0.00000000e+00 0.00000000e+00 0.00000000e+00
 0.00000000e+00 0.00000000e+00 0.00000000e+00 0.00000000e+00
 0.00000000e+00 0.00000000e+00 0.00000000e+00 0.00000000e+00
 0.00000000e+00 0.00000000e+00 0.00000000e+00 0.00000000e+00
 0.00000000e+00 0.00000000e+00 1.03946429e+00 0.00000000e+00
 0.00000000e+00 0.00000000e+00 0.00000000e+00 2.07415975e-03
 0.00000000e+00 0.00000000e+00 0.00000000e+00 0.00000000e+00
 0.00000000e+00 0.00000000e+00 0.00000000e+00 1.07018910e+00
 0.00000000e+00 0.00000000e+00 0.00000000e+00 0.00000000e+00
 0.00000000e+00 0.00000000e+00 0.00000000e+00 0.00000000e+00
 0.00000000e+00 0.00000000e+00 0.00000000e+00 0.00000000e+00
 0.00000000e+00 0.00000000e+00 0.00000000e+00 0.00000000e+00
 0.00000000e+00 0.00000000e+00 1.02259915e+00 0.00000000e+00
 0.00000000e+00 1.69402421e-02 0.00000000e+00 0.00000000e+00
 0.00000000e+00 0.00000000e+00 0.00000000e+00 0.00000000e+00
 0.00000000e+00 0.00000000e+00 0.00000000e+00 0.00000000e+00
 0.00000000e+00 0.00000000e+00 0.00000000e+00 0.00000000e+00
 0.00000000e+00 0.00000000e+00 4.13541642e+05 0.00000000e+00
 0.00000000e+00 0.00000000e+00 0.00000000e+00 0.00000000e+00
 1.04830959e+00 0.00000000e+00 0.00000000e+00 0.00000000e+00
 1.65817077e-03 0.00000000e+00 0.00000000e+00 0.00000000e+00
 0.00000000e+00 0.00000000e+00 1.43039046e-02 0.00000000e+00
 0.00000000e+00 0.00000000e+00 0.00000000e+00 0.00000000e+00
 0.00000000e+00 0.00000000e+00 0.00000000e+00 0.00000000e+00
 0.00000000e+00 0.00000000e+00 0.00000000e+00 0.00000000e+00
 0.00000000e+00 0.00000000e+00 1.91454272e-02 1.02495085e+00
 0.00000000e+00 0.00000000e+00 0.00000000e+00 0.00000000e+00
 0.00000000e+00 0.00000000e+00 0.00000000e+00 0.00000000e+00
 2.78278367e-03 0.00000000e+00 0.00000000e+00 0.00000000e+00
 0.00000000e+00 0.00000000e+00 1.05229909e+00 0.00000000e+00
 0.00000000e+00 0.00000000e+00 0.00000000e+00 0.00000000e+00
 0.00000000e+00 0.00000000e+00 0.00000000e+00 0.00000000e+00
 0.00000000e+00 0.00000000e+00 0.00000000e+00 0.00000000e+00
 0.00000000e+00 0.00000000e+00 0.00000000e+00 0.00000000e+00
 1.06053649e+00 0.00000000e+00 0.00000000e+00 0.00000000e+00
 0.00000000e+00 0.00000000e+00 0.00000000e+00 0.00000000e+00
 0.00000000e+00 0.00000000e+00 0.00000000e+00 0.00000000e+00
 0.00000000e+00 0.00000000e+00 1.04076021e+00 0.00000000e+00
 0.00000000e+00 0.00000000e+00 0.00000000e+00 0.00000000e+00
 0.00000000e+00 0.00000000e+00 0.00000000e+00 0.00000000e+00
 0.00000000e+00 0.00000000e+00 0.00000000e+00 0.00000000e+00
 0.00000000e+00 0.00000000e+00 1.02548265e+00 0.00000000e+00
 0.00000000e+00 9.44248336e-04 0.00000000e+00 0.00000000e+00
 1.03938435e+00 0.00000000e+00 0.00000000e+00 0.00000000e+00
 0.00000000e+00 0.00000000e+00 0.00000000e+00 0.00000000e+00
 0.00000000e+00 0.00000000e+00 0.00000000e+00 0.00000000e+00
 0.00000000e+00 0.00000000e+00 2.98066179e-03 0.00000000e+00
 1.02137349e+00 0.00000000e+00 0.00000000e+00 0.00000000e+00
 0.00000000e+00 0.00000000e+00 0.00000000e+00 0.00000000e+00
 0.00000000e+00 0.00000000e+00 3.19594902e-02 0.00000000e+00
 0.00000000e+00 2.44155838e-03 0.00000000e+00 1.81491705e-03
 0.00000000e+00 0.00000000e+00 0.00000000e+00 0.00000000e+00
 0.00000000e+00 0.00000000e+00 0.00000000e+00 0.00000000e+00
 0.00000000e+00 0.00000000e+00 1.04934136e+00 0.00000000e+00
 0.00000000e+00 0.00000000e+00 0.00000000e+00 0.00000000e+00
 1.04036413e+00 0.00000000e+00 0.00000000e+00 0.00000000e+00
 0.00000000e+00 0.00000000e+00 0.00000000e+00 0.00000000e+00
 0.00000000e+00 0.00000000e+00 0.00000000e+00 0.00000000e+00
 0.00000000e+00 5.35506958e-04 0.00000000e+00 2.27378426e-03
 0.00000000e+00 0.00000000e+00 1.02487555e+00 0.00000000e+00
 0.00000000e+00 0.00000000e+00 0.00000000e+00 0.00000000e+00
 0.00000000e+00 0.00000000e+00 0.00000000e+00 0.00000000e+00
 0.00000000e+00 0.00000000e+00 0.00000000e+00 0.00000000e+00
 0.00000000e+00 0.00000000e+00 0.00000000e+00 0.00000000e+00
 0.00000000e+00 0.00000000e+00 2.77307787e-02 0.00000000e+00
 0.00000000e+00 0.00000000e+00 0.00000000e+00 1.01817066e+00
 0.00000000e+00 0.00000000e+00 0.00000000e+00 0.00000000e+00
 0.00000000e+00 0.00000000e+00 0.00000000e+00 6.22443238e-03
 0.00000000e+00 0.00000000e+00 0.00000000e+00 0.00000000e+00
 0.00000000e+00 0.00000000e+00 0.00000000e+00 1.03627902e+00
 0.00000000e+00 0.00000000e+00 0.00000000e+00 0.00000000e+00
 0.00000000e+00 0.00000000e+00 7.10174363e-02 0.00000000e+00
 0.00000000e+00 9.68765054e-01 0.00000000e+00 0.00000000e+00
 0.00000000e+00 0.00000000e+00 0.00000000e+00 0.00000000e+00
 0.00000000e+00 0.00000000e+00 0.00000000e+00 0.00000000e+00
 0.00000000e+00 0.00000000e+00 0.00000000e+00 0.00000000e+00
 0.00000000e+00 1.05306342e+00 0.00000000e+00 0.00000000e+00
 0.00000000e+00 0.00000000e+00 0.00000000e+00 0.00000000e+00
 0.00000000e+00 0.00000000e+00 0.00000000e+00 0.00000000e+00
 0.00000000e+00 0.00000000e+00 0.00000000e+00 0.00000000e+00
 0.00000000e+00 0.00000000e+00 0.00000000e+00 1.03777949e+00
 0.00000000e+00 0.00000000e+00 0.00000000e+00 0.00000000e+00
 0.00000000e+00 0.00000000e+00 0.00000000e+00 0.00000000e+00
 0.00000000e+00 0.00000000e+00 0.00000000e+00 0.00000000e+00
 1.21886185e-03 0.00000000e+00 0.00000000e+00 0.00000000e+00
 0.00000000e+00 0.00000000e+00 1.03890233e+00 0.00000000e+00
 0.00000000e+00 0.00000000e+00 0.00000000e+00 0.00000000e+00
 0.00000000e+00 0.00000000e+00 0.00000000e+00 0.00000000e+00
 0.00000000e+00 0.00000000e+00 0.00000000e+00 0.00000000e+00
 0.00000000e+00 0.00000000e+00 1.05077227e+00 0.00000000e+00
 0.00000000e+00 0.00000000e+00 0.00000000e+00 0.00000000e+00
 0.00000000e+00 0.00000000e+00 0.00000000e+00 1.04901131e+00
 0.00000000e+00 0.00000000e+00 0.00000000e+00 0.00000000e+00
 0.00000000e+00 0.00000000e+00 0.00000000e+00 0.00000000e+00
 0.00000000e+00 0.00000000e+00 0.00000000e+00 0.00000000e+00
 0.00000000e+00 0.00000000e+00 0.00000000e+00 0.00000000e+00
 0.00000000e+00 0.00000000e+00 0.00000000e+00 1.00626953e+00
 0.00000000e+00 0.00000000e+00 0.00000000e+00 2.69982956e-02
 0.00000000e+00 0.00000000e+00 0.00000000e+00 0.00000000e+00
 0.00000000e+00 0.00000000e+00 0.00000000e+00 0.00000000e+00
 0.00000000e+00 0.00000000e+00 1.02536475e+00 0.00000000e+00
 0.00000000e+00 1.37653564e-02 0.00000000e+00 5.68502751e-03
 0.00000000e+00 1.11373696e-03 0.00000000e+00 3.15694389e-03
 0.00000000e+00 0.00000000e+00 0.00000000e+00 0.00000000e+00
 0.00000000e+00 0.00000000e+00 0.00000000e+00 0.00000000e+00
 0.00000000e+00 0.00000000e+00 0.00000000e+00 0.00000000e+00
 1.04219652e+00 0.00000000e+00 0.00000000e+00 0.00000000e+00
 0.00000000e+00 0.00000000e+00 0.00000000e+00 0.00000000e+00
 0.00000000e+00 0.00000000e+00 0.00000000e+00 1.00091212e+00
 0.00000000e+00 0.00000000e+00 0.00000000e+00 2.64666259e-02
 0.00000000e+00 0.00000000e+00 0.00000000e+00 0.00000000e+00
 0.00000000e+00 0.00000000e+00 0.00000000e+00 0.00000000e+00
 0.00000000e+00 0.00000000e+00 0.00000000e+00 7.94535384e-01
 0.00000000e+00 0.00000000e+00 0.00000000e+00 2.37107454e-01
 0.00000000e+00 0.00000000e+00 0.00000000e+00 0.00000000e+00
 0.00000000e+00 0.00000000e+00 0.00000000e+00 0.00000000e+00
 0.00000000e+00 0.00000000e+00 1.00677709e+00 0.00000000e+00
 0.00000000e+00 0.00000000e+00 0.00000000e+00 3.81346606e-02
 0.00000000e+00 0.00000000e+00 0.00000000e+00 0.00000000e+00
 0.00000000e+00 0.00000000e+00 0.00000000e+00 0.00000000e+00
 1.90754634e-03 1.04105468e+00 0.00000000e+00 0.00000000e+00
 0.00000000e+00 0.00000000e+00 0.00000000e+00 0.00000000e+00
 0.00000000e+00 0.00000000e+00 0.00000000e+00 0.00000000e+00
 0.00000000e+00 0.00000000e+00 0.00000000e+00 0.00000000e+00
 0.00000000e+00 0.00000000e+00 0.00000000e+00 0.00000000e+00
 0.00000000e+00 0.00000000e+00 0.00000000e+00 1.03711225e+00
 0.00000000e+00 0.00000000e+00 0.00000000e+00 0.00000000e+00]",1002386.5279116465,,,,,49.94126910000341,True,,,,,100,0.35,0.65,1002508.4907272463,3187.5167760195386,1.9928442234495287,152.80892079894844,400
cap41,OR-Library,816,866,0.05,Nominal-LP,"[ 1.00000000e+00  1.00000000e+00  2.80020000e+00  1.38060000e+00
  0.00000000e+00  2.03020000e+00  1.00000000e+00  1.00000000e+00
  1.00000000e+00  0.00000000e+00  1.03640000e+00  1.00000000e+00
  1.32180000e+00  0.00000000e+00  0.00000000e+00 -0.00000000e+00
  0.00000000e+00  0.00000000e+00  0.00000000e+00  0.00000000e+00
  0.00000000e+00  0.00000000e+00  0.00000000e+00  1.00000000e+00
  0.00000000e+00  0.00000000e+00  0.00000000e+00  0.00000000e+00
  0.00000000e+00  0.00000000e+00  0.00000000e+00  0.00000000e+00
  0.00000000e+00  0.00000000e+00  0.00000000e+00  0.00000000e+00
  0.00000000e+00  0.00000000e+00  0.00000000e+00  0.00000000e+00
  0.00000000e+00  0.00000000e+00  0.00000000e+00  1.00000000e+00
  0.00000000e+00  0.00000000e+00  0.00000000e+00  0.00000000e+00
  1.00000000e+00  0.00000000e+00  0.00000000e+00  0.00000000e+00
 -0.00000000e+00  0.00000000e+00  0.00000000e+00  0.00000000e+00
  0.00000000e+00  0.00000000e+00 -0.00000000e+00  0.00000000e+00
  0.00000000e+00  0.00000000e+00  0.00000000e+00  0.00000000e+00
  0.00000000e+00  0.00000000e+00  0.00000000e+00  0.00000000e+00
  0.00000000e+00  1.00000000e+00  0.00000000e+00  0.00000000e+00
  0.00000000e+00  0.00000000e+00  0.00000000e+00  0.00000000e+00
  0.00000000e+00  0.00000000e+00  0.00000000e+00  0.00000000e+00
  0.00000000e+00  0.00000000e+00  0.00000000e+00  0.00000000e+00
  0.00000000e+00  0.00000000e+00  0.00000000e+00  1.00000000e+00
  0.00000000e+00  0.00000000e+00  0.00000000e+00  0.00000000e+00
  0.00000000e+00  0.00000000e+00  0.00000000e+00  0.00000000e+00
  1.00000000e+00  0.00000000e+00  0.00000000e+00  0.00000000e+00
  0.00000000e+00  0.00000000e+00  0.00000000e+00  0.00000000e+00
  0.00000000e+00  0.00000000e+00  0.00000000e+00  0.00000000e+00
  0.00000000e+00 -0.00000000e+00  0.00000000e+00  0.00000000e+00
  0.00000000e+00  1.00000000e+00  0.00000000e+00  0.00000000e+00
  0.00000000e+00  0.00000000e+00  0.00000000e+00  0.00000000e+00
  0.00000000e+00  0.00000000e+00  0.00000000e+00  0.00000000e+00
  0.00000000e+00  0.00000000e+00  0.00000000e+00  0.00000000e+00
  0.00000000e+00  0.00000000e+00  1.00000000e+00  0.00000000e+00
  0.00000000e+00  0.00000000e+00  0.00000000e+00  0.00000000e+00
  0.00000000e+00  0.00000000e+00  0.00000000e+00  0.00000000e+00
  0.00000000e+00  0.00000000e+00  0.00000000e+00  0.00000000e+00
  0.00000000e+00  0.00000000e+00  0.00000000e+00  0.00000000e+00
  0.00000000e+00  0.00000000e+00  0.00000000e+00  1.00000000e+00
  0.00000000e+00  0.00000000e+00  0.00000000e+00  0.00000000e+00
  0.00000000e+00  0.00000000e+00  0.00000000e+00  0.00000000e+00
  0.00000000e+00  0.00000000e+00  0.00000000e+00  0.00000000e+00
  0.00000000e+00  0.00000000e+00  0.00000000e+00  1.00000000e+00
  0.00000000e+00  0.00000000e+00  0.00000000e+00  0.00000000e+00
  0.00000000e+00  0.00000000e+00  0.00000000e+00  0.00000000e+00
  0.00000000e+00  0.00000000e+00  0.00000000e+00  1.00000000e+00
  0.00000000e+00  0.00000000e+00  0.00000000e+00  0.00000000e+00
  0.00000000e+00  0.00000000e+00  0.00000000e+00  0.00000000e+00
  0.00000000e+00  0.00000000e+00  0.00000000e+00  0.00000000e+00
  0.00000000e+00  0.00000000e+00  0.00000000e+00  0.00000000e+00
 -0.00000000e+00  0.00000000e+00  0.00000000e+00  0.00000000e+00
  0.00000000e+00  0.00000000e+00  1.00000000e+00  0.00000000e+00
  0.00000000e+00  0.00000000e+00  0.00000000e+00  0.00000000e+00
  0.00000000e+00  0.00000000e+00  0.00000000e+00  0.00000000e+00
  0.00000000e+00  1.00000000e+00  0.00000000e+00  0.00000000e+00
  0.00000000e+00  0.00000000e+00  0.00000000e+00  0.00000000e+00
  0.00000000e+00  0.00000000e+00  0.00000000e+00  0.00000000e+00
  1.00000000e+00  0.00000000e+00  0.00000000e+00  0.00000000e+00
  0.00000000e+00  0.00000000e+00  0.00000000e+00  0.00000000e+00
  0.00000000e+00  0.00000000e+00  0.00000000e+00  0.00000000e+00
  0.00000000e+00  0.00000000e+00  0.00000000e+00  0.00000000e+00
  0.00000000e+00  0.00000000e+00  0.00000000e+00  0.00000000e+00
  0.00000000e+00  0.00000000e+00  1.00000000e+00  0.00000000e+00
  0.00000000e+00  0.00000000e+00  0.00000000e+00  0.00000000e+00
  0.00000000e+00  4.44089210e-16  0.00000000e+00  0.00000000e+00
  0.00000000e+00  0.00000000e+00  0.00000000e+00  0.00000000e+00
  0.00000000e+00  0.00000000e+00  0.00000000e+00  1.00000000e+00
  0.00000000e+00  0.00000000e+00  0.00000000e+00  0.00000000e+00
  0.00000000e+00  0.00000000e+00  0.00000000e+00  0.00000000e+00
  0.00000000e+00  0.00000000e+00  0.00000000e+00  0.00000000e+00
  0.00000000e+00  0.00000000e+00  0.00000000e+00  0.00000000e+00
  0.00000000e+00  0.00000000e+00  0.00000000e+00  1.00000000e+00
  0.00000000e+00  0.00000000e+00  0.00000000e+00  0.00000000e+00
  0.00000000e+00  0.00000000e+00  0.00000000e+00  0.00000000e+00
  0.00000000e+00  0.00000000e+00  0.00000000e+00  0.00000000e+00
  1.00000000e+00  0.00000000e+00  0.00000000e+00  0.00000000e+00
  0.00000000e+00  0.00000000e+00  0.00000000e+00  0.00000000e+00
  0.00000000e+00  0.00000000e+00  0.00000000e+00  1.00000000e+00
  0.00000000e+00  0.00000000e+00  0.00000000e+00  0.00000000e+00
  0.00000000e+00  0.00000000e+00  0.00000000e+00  0.00000000e+00
  0.00000000e+00  0.00000000e+00  0.00000000e+00  0.00000000e+00
  0.00000000e+00  0.00000000e+00  0.00000000e+00  0.00000000e+00
  0.00000000e+00  0.00000000e+00  1.00000000e+00  0.00000000e+00
  0.00000000e+00  0.00000000e+00  0.00000000e+00 -0.00000000e+00
  0.00000000e+00  0.00000000e+00  0.00000000e+00  0.00000000e+00
  0.00000000e+00  0.00000000e+00  0.00000000e+00  1.00000000e+00
  0.00000000e+00  0.00000000e+00  0.00000000e+00  0.00000000e+00
  0.00000000e+00  0.00000000e+00  0.00000000e+00  0.00000000e+00
  0.00000000e+00  0.00000000e+00  0.00000000e+00  0.00000000e+00
  0.00000000e+00  0.00000000e+00  0.00000000e+00  0.00000000e+00
  0.00000000e+00  0.00000000e+00  1.00000000e+00  0.00000000e+00
  0.00000000e+00 -0.00000000e+00  0.00000000e+00  0.00000000e+00
  0.00000000e+00  0.00000000e+00  0.00000000e+00  3.33066907e-16
  0.00000000e+00  0.00000000e+00  0.00000000e+00  0.00000000e+00
  0.00000000e+00  0.00000000e+00  0.00000000e+00  0.00000000e+00
  0.00000000e+00  0.00000000e+00  1.00000000e+00  0.00000000e+00
  0.00000000e+00  0.00000000e+00  0.00000000e+00  0.00000000e+00
  1.00000000e+00  0.00000000e+00  0.00000000e+00  0.00000000e+00
  0.00000000e+00  0.00000000e+00  0.00000000e+00  0.00000000e+00
  0.00000000e+00  0.00000000e+00  0.00000000e+00  0.00000000e+00
  0.00000000e+00  0.00000000e+00  0.00000000e+00  0.00000000e+00
  0.00000000e+00  0.00000000e+00  0.00000000e+00  0.00000000e+00
  0.00000000e+00  0.00000000e+00  0.00000000e+00  0.00000000e+00
  0.00000000e+00  0.00000000e+00 -4.44089210e-16  1.00000000e+00
  0.00000000e+00  0.00000000e+00  0.00000000e+00  0.00000000e+00
  0.00000000e+00  0.00000000e+00  0.00000000e+00  0.00000000e+00
 -0.00000000e+00  0.00000000e+00  0.00000000e+00  0.00000000e+00
  0.00000000e+00  0.00000000e+00  1.00000000e+00  0.00000000e+00
  0.00000000e+00  0.00000000e+00  0.00000000e+00  0.00000000e+00
  0.00000000e+00  0.00000000e+00  0.00000000e+00  0.00000000e+00
  0.00000000e+00  0.00000000e+00  0.00000000e+00  0.00000000e+00
  0.00000000e+00  0.00000000e+00  0.00000000e+00  0.00000000e+00
  1.00000000e+00  0.00000000e+00  0.00000000e+00  0.00000000e+00
  0.00000000e+00  0.00000000e+00  0.00000000e+00  0.00000000e+00
  0.00000000e+00  0.00000000e+00  0.00000000e+00  0.00000000e+00
  0.00000000e+00  0.00000000e+00  1.00000000e+00  0.00000000e+00
  0.00000000e+00  0.00000000e+00  0.00000000e+00  0.00000000e+00
  0.00000000e+00  0.00000000e+00  0.00000000e+00  0.00000000e+00
  0.00000000e+00  0.00000000e+00  0.00000000e+00  0.00000000e+00
  0.00000000e+00  0.00000000e+00  1.00000000e+00  0.00000000e+00
  0.00000000e+00 -0.00000000e+00  0.00000000e+00  0.00000000e+00
  1.00000000e+00  0.00000000e+00  0.00000000e+00  0.00000000e+00
  0.00000000e+00  0.00000000e+00  0.00000000e+00  0.00000000e+00
  0.00000000e+00  0.00000000e+00  0.00000000e+00  0.00000000e+00
  0.00000000e+00  0.00000000e+00 -0.00000000e+00  0.00000000e+00
  1.00000000e+00  0.00000000e+00  0.00000000e+00  0.00000000e+00
  0.00000000e+00  0.00000000e+00  0.00000000e+00  0.00000000e+00
  0.00000000e+00  0.00000000e+00  0.00000000e+00  0.00000000e+00
  0.00000000e+00 -0.00000000e+00  0.00000000e+00 -0.00000000e+00
  0.00000000e+00  0.00000000e+00  0.00000000e+00  0.00000000e+00
  0.00000000e+00  0.00000000e+00  0.00000000e+00  0.00000000e+00
  0.00000000e+00  0.00000000e+00  1.00000000e+00  0.00000000e+00
  0.00000000e+00  0.00000000e+00  0.00000000e+00  0.00000000e+00
  1.00000000e+00  0.00000000e+00  0.00000000e+00  0.00000000e+00
  0.00000000e+00  0.00000000e+00  0.00000000e+00  0.00000000e+00
  0.00000000e+00  0.00000000e+00  0.00000000e+00  0.00000000e+00
  0.00000000e+00 -0.00000000e+00  0.00000000e+00 -0.00000000e+00
  0.00000000e+00  0.00000000e+00  1.00000000e+00  0.00000000e+00
  0.00000000e+00  0.00000000e+00  0.00000000e+00  0.00000000e+00
  0.00000000e+00  0.00000000e+00  0.00000000e+00  0.00000000e+00
  0.00000000e+00  0.00000000e+00  0.00000000e+00  0.00000000e+00
  0.00000000e+00  0.00000000e+00  0.00000000e+00  0.00000000e+00
  0.00000000e+00  0.00000000e+00  0.00000000e+00  0.00000000e+00
  0.00000000e+00  0.00000000e+00  0.00000000e+00  1.00000000e+00
  0.00000000e+00  0.00000000e+00  0.00000000e+00  0.00000000e+00
  0.00000000e+00  0.00000000e+00  0.00000000e+00 -0.00000000e+00
  0.00000000e+00  0.00000000e+00  0.00000000e+00  0.00000000e+00
  0.00000000e+00  0.00000000e+00  0.00000000e+00  1.00000000e+00
  0.00000000e+00  0.00000000e+00  0.00000000e+00  0.00000000e+00
  0.00000000e+00  0.00000000e+00  0.00000000e+00  0.00000000e+00
  0.00000000e+00  1.00000000e+00  0.00000000e+00  0.00000000e+00
  0.00000000e+00  0.00000000e+00  0.00000000e+00  0.00000000e+00
  0.00000000e+00  0.00000000e+00  0.00000000e+00  0.00000000e+00
  0.00000000e+00  0.00000000e+00  0.00000000e+00  0.00000000e+00
  0.00000000e+00  1.00000000e+00  0.00000000e+00  0.00000000e+00
  0.00000000e+00  0.00000000e+00  0.00000000e+00  0.00000000e+00
  0.00000000e+00  0.00000000e+00  0.00000000e+00  0.00000000e+00
  0.00000000e+00  0.00000000e+00  0.00000000e+00  0.00000000e+00
  0.00000000e+00  0.00000000e+00  0.00000000e+00  1.00000000e+00
  0.00000000e+00  0.00000000e+00  0.00000000e+00 -0.00000000e+00
  0.00000000e+00  0.00000000e+00  0.00000000e+00  0.00000000e+00
  0.00000000e+00  0.00000000e+00  0.00000000e+00  0.00000000e+00
 -0.00000000e+00  0.00000000e+00  0.00000000e+00  0.00000000e+00
  0.00000000e+00  0.00000000e+00  1.00000000e+00  0.00000000e+00
  0.00000000e+00  0.00000000e+00  0.00000000e+00  0.00000000e+00
  0.00000000e+00  0.00000000e+00  0.00000000e+00  0.00000000e+00
  0.00000000e+00  0.00000000e+00  0.00000000e+00  0.00000000e+00
  0.00000000e+00  0.00000000e+00  1.00000000e+00  0.00000000e+00
  0.00000000e+00  0.00000000e+00  0.00000000e+00  0.00000000e+00
  0.00000000e+00  0.00000000e+00  0.00000000e+00  1.00000000e+00
  0.00000000e+00  0.00000000e+00  0.00000000e+00  0.00000000e+00
  0.00000000e+00  0.00000000e+00  0.00000000e+00  0.00000000e+00
  0.00000000e+00  0.00000000e+00  0.00000000e+00  0.00000000e+00
  0.00000000e+00  0.00000000e+00  0.00000000e+00  0.00000000e+00
  0.00000000e+00  0.00000000e+00  0.00000000e+00  1.00000000e+00
  0.00000000e+00  0.00000000e+00  0.00000000e+00  0.00000000e+00
  0.00000000e+00  0.00000000e+00  0.00000000e+00  0.00000000e+00
  0.00000000e+00  0.00000000e+00  0.00000000e+00  0.00000000e+00
  0.00000000e+00  0.00000000e+00  1.00000000e+00  0.00000000e+00
  0.00000000e+00 -0.00000000e+00  0.00000000e+00  0.00000000e+00
  0.00000000e+00  0.00000000e+00  0.00000000e+00  0.00000000e+00
  0.00000000e+00  0.00000000e+00  0.00000000e+00  0.00000000e+00
  0.00000000e+00  0.00000000e+00  0.00000000e+00  0.00000000e+00
  0.00000000e+00  0.00000000e+00  0.00000000e+00  0.00000000e+00
  1.00000000e+00  0.00000000e+00  0.00000000e+00  0.00000000e+00
  0.00000000e+00  0.00000000e+00  0.00000000e+00  0.00000000e+00
  0.00000000e+00  0.00000000e+00  0.00000000e+00  1.00000000e+00
  0.00000000e+00  0.00000000e+00  0.00000000e+00 -0.00000000e+00
  0.00000000e+00  0.00000000e+00  0.00000000e+00  0.00000000e+00
  0.00000000e+00  0.00000000e+00  0.00000000e+00  0.00000000e+00
  0.00000000e+00  0.00000000e+00  0.00000000e+00  1.00000000e+00
  0.00000000e+00  0.00000000e+00  0.00000000e+00  0.00000000e+00
  0.00000000e+00  0.00000000e+00  0.00000000e+00  0.00000000e+00
  0.00000000e+00  0.00000000e+00  0.00000000e+00  0.00000000e+00
  0.00000000e+00  0.00000000e+00  1.00000000e+00  0.00000000e+00
  0.00000000e+00  0.00000000e+00  0.00000000e+00  0.00000000e+00
  0.00000000e+00  0.00000000e+00  0.00000000e+00  0.00000000e+00
  0.00000000e+00  0.00000000e+00  0.00000000e+00  0.00000000e+00
 -0.00000000e+00  1.00000000e+00  0.00000000e+00  0.00000000e+00
  0.00000000e+00  0.00000000e+00  0.00000000e+00  0.00000000e+00
  0.00000000e+00  0.00000000e+00  0.00000000e+00  0.00000000e+00
  0.00000000e+00  0.00000000e+00  0.00000000e+00  0.00000000e+00
  0.00000000e+00  0.00000000e+00  0.00000000e+00  0.00000000e+00
  0.00000000e+00  0.00000000e+00  0.00000000e+00  1.00000000e+00
  0.00000000e+00  0.00000000e+00  0.00000000e+00  0.00000000e+00]",959318.1499999999,,,,,0.019600600004196167,True,,,,,deterministic (mean only),0.0,1.0,959365.8342298842,3100.625583507692,172.92395884513581,667.0562740947953,400
cap41,OR-Library,816,866,0.05,TSAR-No-calib,"[1.11504985e+00 1.08961373e+00 3.04766554e+00 1.52632976e+00
 5.91774051e-07 2.24855203e+00 1.09047519e+00 1.09762677e+00
 1.12201486e+00 1.29522352e-02 1.15469064e+00 1.09214920e+00
 1.47277033e+00 5.93076135e-07 5.91989781e-07 5.92271776e-07
 0.00000000e+00 0.00000000e+00 0.00000000e+00 0.00000000e+00
 0.00000000e+00 0.00000000e+00 0.00000000e+00 1.02161761e+00
 0.00000000e+00 0.00000000e+00 0.00000000e+00 2.86513728e-02
 0.00000000e+00 0.00000000e+00 0.00000000e+00 0.00000000e+00
 0.00000000e+00 0.00000000e+00 0.00000000e+00 0.00000000e+00
 0.00000000e+00 0.00000000e+00 5.29035014e-02 0.00000000e+00
 0.00000000e+00 0.00000000e+00 0.00000000e+00 1.02537166e+00
 0.00000000e+00 0.00000000e+00 0.00000000e+00 0.00000000e+00
 1.05399192e+00 0.00000000e+00 0.00000000e+00 0.00000000e+00
 6.40951597e-09 0.00000000e+00 0.00000000e+00 0.00000000e+00
 0.00000000e+00 0.00000000e+00 2.29080144e-03 0.00000000e+00
 0.00000000e+00 0.00000000e+00 0.00000000e+00 0.00000000e+00
 0.00000000e+00 0.00000000e+00 0.00000000e+00 0.00000000e+00
 9.62334169e-09 1.03639715e+00 0.00000000e+00 0.00000000e+00
 0.00000000e+00 0.00000000e+00 0.00000000e+00 0.00000000e+00
 0.00000000e+00 0.00000000e+00 0.00000000e+00 0.00000000e+00
 0.00000000e+00 0.00000000e+00 0.00000000e+00 0.00000000e+00
 0.00000000e+00 0.00000000e+00 0.00000000e+00 1.04103573e+00
 0.00000000e+00 0.00000000e+00 0.00000000e+00 2.28592832e-02
 0.00000000e+00 0.00000000e+00 0.00000000e+00 0.00000000e+00
 1.04729762e+00 0.00000000e+00 0.00000000e+00 0.00000000e+00
 0.00000000e+00 0.00000000e+00 0.00000000e+00 0.00000000e+00
 0.00000000e+00 0.00000000e+00 0.00000000e+00 0.00000000e+00
 0.00000000e+00 0.00000000e+00 0.00000000e+00 0.00000000e+00
 0.00000000e+00 1.04141846e+00 0.00000000e+00 0.00000000e+00
 0.00000000e+00 0.00000000e+00 0.00000000e+00 0.00000000e+00
 0.00000000e+00 0.00000000e+00 0.00000000e+00 0.00000000e+00
 0.00000000e+00 0.00000000e+00 0.00000000e+00 0.00000000e+00
 0.00000000e+00 0.00000000e+00 1.07624684e+00 0.00000000e+00
 0.00000000e+00 0.00000000e+00 0.00000000e+00 0.00000000e+00
 0.00000000e+00 0.00000000e+00 0.00000000e+00 0.00000000e+00
 0.00000000e+00 0.00000000e+00 0.00000000e+00 0.00000000e+00
 0.00000000e+00 0.00000000e+00 0.00000000e+00 0.00000000e+00
 0.00000000e+00 0.00000000e+00 0.00000000e+00 1.03854560e+00
 0.00000000e+00 0.00000000e+00 0.00000000e+00 2.63721423e-02
 0.00000000e+00 0.00000000e+00 0.00000000e+00 0.00000000e+00
 0.00000000e+00 0.00000000e+00 0.00000000e+00 0.00000000e+00
 0.00000000e+00 0.00000000e+00 0.00000000e+00 1.05872159e+00
 0.00000000e+00 0.00000000e+00 0.00000000e+00 0.00000000e+00
 0.00000000e+00 0.00000000e+00 0.00000000e+00 0.00000000e+00
 0.00000000e+00 0.00000000e+00 0.00000000e+00 1.05984296e+00
 0.00000000e+00 0.00000000e+00 0.00000000e+00 0.00000000e+00
 0.00000000e+00 0.00000000e+00 0.00000000e+00 0.00000000e+00
 0.00000000e+00 0.00000000e+00 0.00000000e+00 0.00000000e+00
 0.00000000e+00 0.00000000e+00 0.00000000e+00 0.00000000e+00
 1.48587090e-08 0.00000000e+00 0.00000000e+00 0.00000000e+00
 0.00000000e+00 0.00000000e+00 1.03961178e+00 0.00000000e+00
 0.00000000e+00 0.00000000e+00 0.00000000e+00 0.00000000e+00
 0.00000000e+00 0.00000000e+00 0.00000000e+00 0.00000000e+00
 0.00000000e+00 1.03763732e+00 0.00000000e+00 0.00000000e+00
 0.00000000e+00 0.00000000e+00 0.00000000e+00 0.00000000e+00
 0.00000000e+00 0.00000000e+00 0.00000000e+00 0.00000000e+00
 1.03613275e+00 0.00000000e+00 0.00000000e+00 0.00000000e+00
 0.00000000e+00 0.00000000e+00 0.00000000e+00 0.00000000e+00
 0.00000000e+00 0.00000000e+00 0.00000000e+00 0.00000000e+00
 0.00000000e+00 0.00000000e+00 0.00000000e+00 0.00000000e+00
 0.00000000e+00 0.00000000e+00 0.00000000e+00 0.00000000e+00
 0.00000000e+00 0.00000000e+00 1.02821582e+00 0.00000000e+00
 0.00000000e+00 0.00000000e+00 0.00000000e+00 0.00000000e+00
 0.00000000e+00 0.00000000e+00 0.00000000e+00 0.00000000e+00
 0.00000000e+00 0.00000000e+00 0.00000000e+00 0.00000000e+00
 0.00000000e+00 0.00000000e+00 0.00000000e+00 1.03821537e+00
 0.00000000e+00 0.00000000e+00 0.00000000e+00 0.00000000e+00
 0.00000000e+00 0.00000000e+00 0.00000000e+00 0.00000000e+00
 0.00000000e+00 0.00000000e+00 0.00000000e+00 1.21202654e-02
 0.00000000e+00 0.00000000e+00 0.00000000e+00 0.00000000e+00
 0.00000000e+00 0.00000000e+00 0.00000000e+00 1.03979261e+00
 0.00000000e+00 0.00000000e+00 0.00000000e+00 0.00000000e+00
 0.00000000e+00 0.00000000e+00 0.00000000e+00 0.00000000e+00
 0.00000000e+00 0.00000000e+00 0.00000000e+00 0.00000000e+00
 1.05406658e+00 0.00000000e+00 0.00000000e+00 0.00000000e+00
 0.00000000e+00 0.00000000e+00 0.00000000e+00 0.00000000e+00
 0.00000000e+00 0.00000000e+00 0.00000000e+00 1.05406867e+00
 0.00000000e+00 0.00000000e+00 0.00000000e+00 0.00000000e+00
 0.00000000e+00 0.00000000e+00 0.00000000e+00 0.00000000e+00
 0.00000000e+00 0.00000000e+00 0.00000000e+00 0.00000000e+00
 0.00000000e+00 0.00000000e+00 0.00000000e+00 0.00000000e+00
 0.00000000e+00 0.00000000e+00 1.05866043e+00 0.00000000e+00
 0.00000000e+00 0.00000000e+00 0.00000000e+00 0.00000000e+00
 0.00000000e+00 0.00000000e+00 0.00000000e+00 0.00000000e+00
 0.00000000e+00 0.00000000e+00 0.00000000e+00 1.07042516e+00
 0.00000000e+00 0.00000000e+00 0.00000000e+00 0.00000000e+00
 0.00000000e+00 0.00000000e+00 0.00000000e+00 0.00000000e+00
 0.00000000e+00 0.00000000e+00 0.00000000e+00 0.00000000e+00
 0.00000000e+00 0.00000000e+00 0.00000000e+00 0.00000000e+00
 0.00000000e+00 0.00000000e+00 1.03728171e+00 0.00000000e+00
 0.00000000e+00 1.23803589e-02 0.00000000e+00 0.00000000e+00
 0.00000000e+00 0.00000000e+00 0.00000000e+00 0.00000000e+00
 0.00000000e+00 0.00000000e+00 0.00000000e+00 0.00000000e+00
 0.00000000e+00 0.00000000e+00 0.00000000e+00 0.00000000e+00
 0.00000000e+00 0.00000000e+00 1.05154848e+00 0.00000000e+00
 0.00000000e+00 0.00000000e+00 0.00000000e+00 0.00000000e+00
 1.07185501e+00 0.00000000e+00 0.00000000e+00 0.00000000e+00
 1.32784880e-08 0.00000000e+00 0.00000000e+00 0.00000000e+00
 0.00000000e+00 0.00000000e+00 4.44332569e-04 0.00000000e+00
 0.00000000e+00 0.00000000e+00 0.00000000e+00 0.00000000e+00
 0.00000000e+00 0.00000000e+00 0.00000000e+00 0.00000000e+00
 0.00000000e+00 0.00000000e+00 0.00000000e+00 0.00000000e+00
 0.00000000e+00 0.00000000e+00 2.76519950e-02 1.02533074e+00
 0.00000000e+00 0.00000000e+00 0.00000000e+00 0.00000000e+00
 0.00000000e+00 0.00000000e+00 0.00000000e+00 0.00000000e+00
 9.99191139e-09 0.00000000e+00 0.00000000e+00 0.00000000e+00
 0.00000000e+00 0.00000000e+00 1.05683332e+00 0.00000000e+00
 0.00000000e+00 0.00000000e+00 0.00000000e+00 0.00000000e+00
 0.00000000e+00 0.00000000e+00 0.00000000e+00 0.00000000e+00
 0.00000000e+00 0.00000000e+00 0.00000000e+00 0.00000000e+00
 0.00000000e+00 0.00000000e+00 0.00000000e+00 0.00000000e+00
 1.07090829e+00 0.00000000e+00 0.00000000e+00 0.00000000e+00
 0.00000000e+00 0.00000000e+00 0.00000000e+00 0.00000000e+00
 0.00000000e+00 0.00000000e+00 0.00000000e+00 0.00000000e+00
 0.00000000e+00 0.00000000e+00 1.05228042e+00 0.00000000e+00
 0.00000000e+00 0.00000000e+00 0.00000000e+00 0.00000000e+00
 0.00000000e+00 0.00000000e+00 0.00000000e+00 0.00000000e+00
 0.00000000e+00 0.00000000e+00 0.00000000e+00 0.00000000e+00
 0.00000000e+00 0.00000000e+00 1.03591196e+00 0.00000000e+00
 0.00000000e+00 5.85776151e-09 0.00000000e+00 0.00000000e+00
 1.05396470e+00 0.00000000e+00 0.00000000e+00 0.00000000e+00
 0.00000000e+00 0.00000000e+00 0.00000000e+00 0.00000000e+00
 0.00000000e+00 0.00000000e+00 0.00000000e+00 0.00000000e+00
 0.00000000e+00 0.00000000e+00 8.62999765e-09 0.00000000e+00
 1.04434415e+00 0.00000000e+00 0.00000000e+00 0.00000000e+00
 0.00000000e+00 0.00000000e+00 0.00000000e+00 0.00000000e+00
 0.00000000e+00 0.00000000e+00 1.98431433e-02 0.00000000e+00
 0.00000000e+00 1.28180191e-08 0.00000000e+00 7.38778806e-09
 0.00000000e+00 0.00000000e+00 0.00000000e+00 0.00000000e+00
 0.00000000e+00 0.00000000e+00 0.00000000e+00 0.00000000e+00
 0.00000000e+00 0.00000000e+00 1.04905611e+00 0.00000000e+00
 0.00000000e+00 0.00000000e+00 0.00000000e+00 0.00000000e+00
 1.05222062e+00 0.00000000e+00 0.00000000e+00 0.00000000e+00
 0.00000000e+00 0.00000000e+00 0.00000000e+00 0.00000000e+00
 0.00000000e+00 0.00000000e+00 0.00000000e+00 0.00000000e+00
 0.00000000e+00 6.61983407e-09 0.00000000e+00 9.01383580e-10
 0.00000000e+00 0.00000000e+00 1.03048451e+00 0.00000000e+00
 0.00000000e+00 0.00000000e+00 0.00000000e+00 0.00000000e+00
 0.00000000e+00 0.00000000e+00 0.00000000e+00 0.00000000e+00
 0.00000000e+00 0.00000000e+00 0.00000000e+00 0.00000000e+00
 0.00000000e+00 0.00000000e+00 0.00000000e+00 0.00000000e+00
 0.00000000e+00 0.00000000e+00 9.40188927e-03 0.00000000e+00
 0.00000000e+00 0.00000000e+00 0.00000000e+00 1.04557837e+00
 0.00000000e+00 0.00000000e+00 0.00000000e+00 0.00000000e+00
 0.00000000e+00 0.00000000e+00 0.00000000e+00 0.00000000e+00
 0.00000000e+00 0.00000000e+00 0.00000000e+00 0.00000000e+00
 0.00000000e+00 0.00000000e+00 0.00000000e+00 1.04824331e+00
 0.00000000e+00 0.00000000e+00 0.00000000e+00 0.00000000e+00
 0.00000000e+00 0.00000000e+00 0.00000000e+00 0.00000000e+00
 0.00000000e+00 1.05899220e+00 0.00000000e+00 0.00000000e+00
 0.00000000e+00 0.00000000e+00 0.00000000e+00 0.00000000e+00
 0.00000000e+00 0.00000000e+00 0.00000000e+00 0.00000000e+00
 0.00000000e+00 0.00000000e+00 0.00000000e+00 0.00000000e+00
 0.00000000e+00 1.05318753e+00 0.00000000e+00 0.00000000e+00
 0.00000000e+00 0.00000000e+00 0.00000000e+00 0.00000000e+00
 0.00000000e+00 0.00000000e+00 0.00000000e+00 0.00000000e+00
 0.00000000e+00 0.00000000e+00 0.00000000e+00 0.00000000e+00
 0.00000000e+00 0.00000000e+00 0.00000000e+00 1.04792258e+00
 0.00000000e+00 0.00000000e+00 0.00000000e+00 0.00000000e+00
 0.00000000e+00 0.00000000e+00 0.00000000e+00 0.00000000e+00
 0.00000000e+00 0.00000000e+00 0.00000000e+00 0.00000000e+00
 4.02326920e-09 0.00000000e+00 0.00000000e+00 0.00000000e+00
 0.00000000e+00 0.00000000e+00 1.03831759e+00 0.00000000e+00
 0.00000000e+00 0.00000000e+00 0.00000000e+00 0.00000000e+00
 0.00000000e+00 0.00000000e+00 0.00000000e+00 0.00000000e+00
 0.00000000e+00 0.00000000e+00 0.00000000e+00 0.00000000e+00
 0.00000000e+00 0.00000000e+00 1.05777520e+00 0.00000000e+00
 0.00000000e+00 0.00000000e+00 0.00000000e+00 0.00000000e+00
 0.00000000e+00 0.00000000e+00 0.00000000e+00 1.05786704e+00
 0.00000000e+00 0.00000000e+00 0.00000000e+00 0.00000000e+00
 0.00000000e+00 0.00000000e+00 0.00000000e+00 0.00000000e+00
 0.00000000e+00 0.00000000e+00 0.00000000e+00 0.00000000e+00
 0.00000000e+00 0.00000000e+00 0.00000000e+00 0.00000000e+00
 0.00000000e+00 0.00000000e+00 0.00000000e+00 1.02641126e+00
 0.00000000e+00 0.00000000e+00 0.00000000e+00 1.16048203e-02
 0.00000000e+00 0.00000000e+00 0.00000000e+00 0.00000000e+00
 0.00000000e+00 0.00000000e+00 0.00000000e+00 0.00000000e+00
 0.00000000e+00 0.00000000e+00 1.05112438e+00 0.00000000e+00
 0.00000000e+00 1.21238596e-02 0.00000000e+00 1.52336734e-02
 0.00000000e+00 1.17533288e-08 0.00000000e+00 1.53098003e-08
 0.00000000e+00 0.00000000e+00 0.00000000e+00 0.00000000e+00
 0.00000000e+00 0.00000000e+00 0.00000000e+00 0.00000000e+00
 0.00000000e+00 0.00000000e+00 0.00000000e+00 0.00000000e+00
 1.03907304e+00 0.00000000e+00 0.00000000e+00 0.00000000e+00
 0.00000000e+00 0.00000000e+00 0.00000000e+00 0.00000000e+00
 0.00000000e+00 0.00000000e+00 0.00000000e+00 1.02819850e+00
 0.00000000e+00 0.00000000e+00 0.00000000e+00 4.39340542e-03
 0.00000000e+00 0.00000000e+00 0.00000000e+00 0.00000000e+00
 0.00000000e+00 0.00000000e+00 0.00000000e+00 0.00000000e+00
 0.00000000e+00 0.00000000e+00 0.00000000e+00 1.02819361e+00
 0.00000000e+00 0.00000000e+00 0.00000000e+00 2.39951751e-02
 0.00000000e+00 0.00000000e+00 0.00000000e+00 0.00000000e+00
 0.00000000e+00 0.00000000e+00 0.00000000e+00 0.00000000e+00
 0.00000000e+00 0.00000000e+00 1.01825697e+00 0.00000000e+00
 0.00000000e+00 0.00000000e+00 0.00000000e+00 3.86667706e-02
 0.00000000e+00 0.00000000e+00 0.00000000e+00 0.00000000e+00
 0.00000000e+00 0.00000000e+00 0.00000000e+00 0.00000000e+00
 1.58089595e-08 1.05040423e+00 0.00000000e+00 0.00000000e+00
 0.00000000e+00 0.00000000e+00 0.00000000e+00 0.00000000e+00
 0.00000000e+00 0.00000000e+00 0.00000000e+00 0.00000000e+00
 0.00000000e+00 0.00000000e+00 0.00000000e+00 0.00000000e+00
 0.00000000e+00 0.00000000e+00 0.00000000e+00 0.00000000e+00
 0.00000000e+00 0.00000000e+00 0.00000000e+00 1.04236591e+00
 0.00000000e+00 0.00000000e+00 0.00000000e+00 0.00000000e+00]",1010435.2385596489,1010435.2385596489,3147.6753663430277,1004265.7948416165,1016604.6822776812,0.7940832999884151,True,0.0,2.0,0.97,fixed_γ=2.0,No-calibration(fixed γ=2.0),0.93,0.06999999999999995,1010489.0263064662,3238.5802264416684,0.00015671846253543844,0.007777199107596555,400
cap41,OR-Library,816,866,0.1,TSAR-LP,,1250395.604801257,1250395.604801257,7130.673512726644,1236419.4847163127,1264371.724886201,5.243219099997077,True,0,5.0,1.0,BS_only,BS-only(γ=5.0),1.0,0.0,1250448.3050690077,7078.753343014395,0.0,0.0,400
cap41,OR-Library,816,866,0.1,Bertsimas-Sim(γ=3.0),,1200357.2139618173,,,,,0.38023920002160594,True,,3.0,1.0,,parametric robust (γ=3.0),1.0,0.0,1123238.7506135195,6535.105712997767,0.0,0.0,400
cap41,OR-Library,816,866,0.1,Nominal-LP,,959318.15,,,,,0.016029000020353124,True,,,,,deterministic (mean only),0.0,1.0,959413.5184597676,6201.251166996972,345.84791768003373,1334.1125481602955,400
cap41,OR-Library,816,866,0.1,TSAR-No-calib,,1065785.3062327611,1065785.3062327611,6345.076122152393,1053348.9570333424,1078221.6554321798,0.6703717999916989,True,0,2.0,0.97,fixed_γ=2.0,No-calibration(fixed γ=2.0),0.9375,0.0625,1065847.7502064544,6331.34833474507,0.00031228110484595524,0.015810948695363036,400
cap41,OR-Library,816,866,0.1,HiGHS-SAA,,1046767.0195005223,,,,,52.739029499993194,True,,,,,100,0.3325,0.6675,1046966.9940412369,6442.465556406416,43.45035433297478,7194.9246020272,400
cap41,OR-Library,816,866,0.2,TSAR-LP,,1632187.7632511128,1632187.7632511128,17859.695797818786,1597182.759487388,1667192.7670148376,5.483604200009722,True,0,5.0,1.0,BS_only,BS-only(γ=5.0),1.0,0.0,1632430.6050134199,17478.276761249184,0.0,0.0,400
cap41,OR-Library,816,866,0.2,Bertsimas-Sim(γ=3.0),,1491317.1525102572,,,,,0.45054190000519156,True,,3.0,1.0,,parametric robust (γ=3.0),1.0,0.0,1320667.2206087366,14491.576558144081,0.0,0.0,400
cap41,OR-Library,816,866,0.2,Nominal-LP,,959318.15,,,,,0.022818700002972037,True,,,,,deterministic (mean only),0.0,1.0,959508.886919534,12402.502333975513,691.6958353498302,2668.2250962913004,400
cap41,OR-Library,816,866,0.2,TSAR-No-calib,,1186289.1537506417,1186289.1537506417,13647.18515506793,1159540.6708467086,1213037.636654575,0.6937751999939792,True,0,2.0,0.98,fixed_γ=2.0,No-calibration(fixed γ=2.0),0.9425,0.057499999999999996,1186404.8771435418,13501.023963354932,0.000588476258342891,0.026930337043698023,400
cap41,OR-Library,816,866,0.2,HiGHS-SAA,,1136197.542468636,,,,,54.24980459999642,True,,,,,100,0.2425,0.7575000000000001,1136652.152297837,12628.819523911407,68.78147358628578,10428.282298119644,400
cap41,OR-Library,816,866,0.3,TSAR-LP,,2170542.894095581,2170542.894095581,34477.83470577604,2102966.33807226,2238119.450118902,5.438258400012273,True,0,5.0,1.0,BS_only,BS-only(γ=5.0),1.0,0.0,2171577.125364748,33817.60203783517,0.0,0.0,400
cap41,OR-Library,816,866,0.3,Bertsimas-Sim(γ=3.0),,1849326.0948666441,,,,,0.408566800004337,True,,3.0,1.0,,parametric robust (γ=3.0),1.0,0.0,1550558.103040561,24712.75540394682,0.0,0.0,400
cap41,OR-Library,816,866,0.3,Nominal-LP,,959318.15,,,,,0.01722829998470843,True,,,,,deterministic (mean only),0.0,1.0,959604.2553793002,18603.75350095408,1037.5437530196257,4002.3376444222977,400
cap41,OR-Library,816,866,0.3,TSAR-No-calib,,1320635.0399661455,1320635.0399661453,22344.315494014023,1276840.1815978778,1364429.8983344128,0.6743268000136595,True,0,2.0,0.98,fixed_γ=2.0,No-calibration(fixed γ=2.0),0.9475,0.05249999999999999,1320682.5988627558,21737.35741387415,0.0006917086896420532,0.045263151127893725,400
cap41,OR-Library,816,866,0.3,HiGHS-SAA,,1226346.8234266425,,,,,64.64797610000824,True,,,,,100,0.1675,0.8325,1227065.7802116382,19826.188879343063,119.75039704487521,18356.184294451803,400
cap42,OR-Library,816,866,0.05,TSAR-LP,,1167604.4206501914,1167604.4206501914,3341.70014788849,1161054.68836033,1174154.1529400528,5.60363700002199,True,0,5.0,1.0,BS_only,BS-only(γ=5.0),1.0,0.0,1167681.8837636253,3321.594619580792,0.0,0.0,400
cap42,OR-Library,816,866,0.05,Bertsimas-Sim(γ=3.0),,1142718.5404931365,,,,,0.4272431999852415,True,,3.0,1.0,,parametric robust (γ=3.0),1.0,0.0,1103190.6917787965,3309.6830301084638,0.0,0.0,400
cap42,OR-Library,816,866,0.05,Nominal-LP,,1019524.6375000001,,,,,0.017092399997636676,True,,,,,deterministic (mean only),0.0,1.0,1019630.7172464725,2826.468979003685,234.72097842261388,954.9221475598935,400
cap42,OR-Library,816,866,0.05,TSAR-No-calib,,1074630.421934383,1074630.421934383,2926.562467502744,1068894.3594980775,1080366.4843706884,0.694920700014336,True,0,2.0,0.98,fixed_γ=2.0,No-calibration(fixed γ=2.0),0.935,0.06499999999999995,1074676.9796910314,2953.9634364572644,0.00011826693088787359,0.00663703869815313,400
cap42,OR-Library,816,866,0.05,HiGHS-SAA,,1064954.975624665,,,,,51.66959620002308,True,,,,,100,0.36,0.64,1064830.2967045053,2885.4278473099876,3.2594023385953976,207.6842775041663,400
cap42,OR-Library,816,866,0.1,TSAR-LP,,1334818.7550621526,1334818.7550621526,7479.813505497218,1320158.320591378,1349479.1895329272,5.595342900021933,True,0,5.0,1.0,BS_only,BS-only(γ=5.0),1.0,0.0,1334924.3555813998,7442.694626237449,0.0,0.0,400
cap42,OR-Library,816,866,0.1,Bertsimas-Sim(γ=3.0),,1276507.6269857297,,,,,0.4347446000028867,True,,3.0,1.0,,parametric robust (γ=3.0),1.0,0.0,1198701.2479004664,6800.704605003527,0.0,0.0,400
cap42,OR-Library,816,866,0.1,Nominal-LP,,1019524.6375000001,,,,,0.019643800013000146,True,,,,,deterministic (mean only),0.0,1.0,1019736.7969929448,5652.9379579902425,469.4419568300876,1909.8442950428635,400
cap42,OR-Library,816,866,0.1,TSAR-No-calib,,1132725.5878598702,1132725.58785987,6712.3814547000275,1119569.3202086578,1145881.855511082,0.7049254000012297,True,0,2.0,0.97,fixed_γ=2.0,No-calibration(fixed γ=2.0),0.945,0.05500000000000005,1132738.498363852,6782.758670682983,0.0002336466612424968,0.015230418266812151,400
cap42,OR-Library,816,866,0.1,HiGHS-SAA,,1111217.7619570575,,,,,50.56542840000475,True,,,,,100,0.32,0.6799999999999999,1111244.8797052675,5992.706909438603,8.174844272835866,404.54790557891397,400
cap42,OR-Library,816,866,0.2,TSAR-LP,,1761711.263111533,1761711.263111533,19402.21361069023,1723682.9244345801,1799739.6017884857,5.635938899999019,True,0,5.0,1.0,BS_only,BS-only(γ=5.0),1.0,0.0,1762097.5231710002,19403.423581376006,0.0,0.0,400
cap42,OR-Library,816,866,0.2,Bertsimas-Sim(γ=3.0),,1590052.6411854774,,,,,0.43698070000391454,True,,3.0,1.0,,parametric robust (γ=3.0),1.0,0.0,1410013.8085821844,15633.914523555175,0.0,0.0,400
cap42,OR-Library,816,866,0.2,Nominal-LP,,1019524.6375000001,,,,,0.01749790000030771,True,,,,,deterministic (mean only),0.0,1.0,1019948.9564858887,11305.875915963337,938.8839136450363,3819.6885900087836,400
cap42,OR-Library,816,866,0.2,TSAR-No-calib,,1263454.7866223196,1263454.7866223196,14332.541996138638,1235363.0043098878,1291546.5689347514,0.7091889000148512,True,0,2.0,0.97,fixed_γ=2.0,No-calibration(fixed γ=2.0),0.95,0.050000000000000044,1263812.3141363806,14265.768496598992,0.0004800330150935174,0.033651838904271036,400
cap42,OR-Library,816,866,0.2,HiGHS-SAA,,1205855.4169163285,,,,,51.92669340001885,True,,,,,100,0.2,0.8,1205642.5013650972,12743.058671148909,18.301002421382492,887.2945510500767,400
cap42,OR-Library,816,866,0.3,TSAR-LP,,2368696.3257381795,2368696.325738179,37940.90964540352,2294332.142833188,2443060.50864317,5.697473499982152,True,0,5.0,1.0,BS_only,BS-only(γ=5.0),1.0,0.0,2369442.503514302,37278.45976367478,0.0,0.0,400
cap42,OR-Library,816,866,0.3,Bertsimas-Sim(γ=3.0),,1985658.8762255376,,,,,0.45611050000297837,True,,3.0,1.0,,parametric robust (γ=3.0),1.0,0.0,1664319.648015693,27520.740137523742,0.0,0.0,400
cap42,OR-Library,816,866,0.3,Nominal-LP,,1019524.6375000001,,,,,0.023007199983112514,True,,,,,deterministic (mean only),0.0,1.0,1020161.1159788327,16958.813873936444,1408.3258704599848,5729.532884974705,400
cap42,OR-Library,816,866,0.3,TSAR-No-calib,,1409781.8439988717,1409781.8439988717,23556.657334623153,1363610.7956230103,1455952.8923747332,0.7044399000005797,True,0,2.0,0.98,fixed_γ=2.0,No-calibration(fixed γ=2.0),0.9475,0.05249999999999999,1410128.985804928,23450.864590036985,0.0007768114469906731,0.056071921775935785,400
cap42,OR-Library,816,866,0.3,HiGHS-SAA,,1302182.2460687803,,,,,52.10907039997983,True,,,,,100,0.17,0.83,1301873.7577072352,19632.44707036944,30.60808482367548,1636.9579572150358,400
cap43,OR-Library,816,866,0.05,TSAR-LP,,1206821.8861858847,1206821.8861858847,3378.845191238739,1200199.3496110567,1213444.4227607127,5.869407199992565,True,0,5.0,1.0,BS_only,BS-only(γ=5.0),1.0,0.0,1206862.8588051694,3401.14305440939,0.0,0.0,400
cap43,OR-Library,816,866,0.05,Bertsimas-Sim(γ=3.0),,1183530.472118421,,,,,0.45214099998702295,True,,3.0,1.0,,parametric robust (γ=3.0),1.0,0.0,1143380.0229724809,3232.8231783922056,0.0,0.0,400
cap43,OR-Library,816,866,0.05,Nominal-LP,,1055193.2999999998,,,,,0.018000700016273186,True,,,,,deterministic (mean only),0.0,1.0,1055222.031203042,2999.3542690186628,286.4315722605006,1338.5594695902632,400
cap43,OR-Library,816,866,0.05,TSAR-No-calib,,1113056.2317227346,1113056.2317227349,3131.936805500558,1106917.6355839537,1119194.827861516,0.7195609000045806,True,0,2.0,0.98,fixed_γ=2.0,No-calibration(fixed γ=2.0),0.9525,0.04749999999999999,1113090.086390137,3152.898000763011,0.00010885157077321864,0.007257876806579633,400
cap43,OR-Library,816,866,0.05,HiGHS-SAA,,1103430.4870686932,,,,,50.457858600013424,True,,,,,100,0.4025,0.5974999999999999,1103272.3499025411,3123.4811676717436,3.9232305962181613,296.55980118403147,400
cap43,OR-Library,816,866,0.1,TSAR-LP,,1380464.8678834192,1380464.8678834192,8256.525198725567,1364282.0784939171,1396647.6572729212,5.819324699987192,True,0,5.0,1.0,BS_only,BS-only(γ=5.0),1.0,0.0,1380402.1654892343,8313.994616283777,0.0,0.0,400
cap43,OR-Library,816,866,0.1,Bertsimas-Sim(γ=3.0),,1326732.8834080622,,,,,0.43109570001251996,True,,3.0,1.0,,parametric robust (γ=3.0),1.0,0.0,1240617.539300939,6953.238695962001,0.0,0.0,400
cap43,OR-Library,816,866,0.1,Nominal-LP,,1055193.3,,,,,0.016495399991981685,True,,,,,deterministic (mean only),0.0,1.0,1055250.7624060842,5998.708538018903,572.8631445033984,2677.1189391200237,400
cap43,OR-Library,816,866,0.1,TSAR-No-calib,,1174584.8837660744,1174584.8837660744,6587.047370475123,1161674.2709199432,1187495.4966122056,0.691474899998866,True,0,2.0,0.99,fixed_γ=2.0,No-calibration(fixed γ=2.0),0.955,0.04500000000000004,1174661.657254961,6630.744875968149,0.00021525293270797903,0.015230433384402664,400
cap43,OR-Library,816,866,0.1,HiGHS-SAA,,1152925.8727506015,,,,,56.03172940001241,True,,,,,100,0.405,0.595,1152598.1378866367,6189.498655748712,7.860071535719681,603.7140861754722,400
cap43,OR-Library,816,866,0.2,TSAR-LP,,1829318.9828828527,1829318.9828828527,21514.087546327482,1787151.3712920507,1871486.5944736546,5.741837999987183,True,0,5.0,1.0,BS_only,BS-only(γ=5.0),1.0,0.0,1829304.9282589694,21663.22661153186,0.0,0.0,400
cap43,OR-Library,816,866,0.2,Bertsimas-Sim(γ=3.0),,1660679.6154288375,,,,,0.4496004999964498,True,,3.0,1.0,,parametric robust (γ=3.0),1.0,0.0,1458034.4067117574,17475.031933550203,0.0,0.0,400
cap43,OR-Library,816,866,0.2,Nominal-LP,,1055193.3,,,,,0.03049730000202544,True,,,,,deterministic (mean only),0.0,1.0,1055308.2248121684,11997.417076019374,1145.726288989195,5354.237878179532,400
cap43,OR-Library,816,866,0.2,TSAR-No-calib,,1308808.016509153,1308808.016509153,15730.277216142174,1277976.6731655144,1339639.3598527915,0.7093303999863565,True,0,2.0,0.97,fixed_γ=2.0,No-calibration(fixed γ=2.0),0.9425,0.057499999999999996,1308667.623257742,15837.77123971749,0.0005828825882801507,0.03365181064635525,400
cap43,OR-Library,816,866,0.2,HiGHS-SAA,,1254552.0405979636,,,,,61.44610269999248,True,,,,,100,0.275,0.725,1253624.3962104735,13121.025345486594,19.74856326825368,1434.2165445237692,400
cap43,OR-Library,816,866,0.3,TSAR-LP,,2525581.1314512626,2525581.1314512626,41939.93232144404,2443378.8641012325,2607783.3988012928,5.908535100024892,True,0,5.0,1.0,BS_only,BS-only(γ=5.0),1.0,0.0,2525226.1603593845,41646.377205971716,0.0,0.0,400
cap43,OR-Library,816,866,0.3,Bertsimas-Sim(γ=3.0),,2087168.6444101257,,,,,0.4474718999990728,True,,3.0,1.0,,parametric robust (γ=3.0),1.0,0.0,1725431.6471459696,30737.849780000764,0.0,0.0,400
cap43,OR-Library,816,866,0.3,Nominal-LP,,1055193.3,,,,,0.02308810001704842,True,,,,,deterministic (mean only),0.0,1.0,1055365.6872182528,17996.125614019853,1718.5894334749912,8031.3568172390505,400
cap43,OR-Library,816,866,0.3,TSAR-No-calib,,1458129.3859642881,1458129.385964288,26022.081102780478,1407126.1070028383,1509132.6649257375,0.7483607000031043,True,0,2.0,0.97,fixed_γ=2.0,No-calibration(fixed γ=2.0),0.9425,0.057499999999999996,1457986.048214477,26212.541436362186,0.0009323952035018767,0.056071923726423334,400
cap43,OR-Library,816,866,0.3,HiGHS-SAA,,1357949.490361898,,,,,57.02958370000124,True,,,,,100,0.2,0.8,1356690.1862050712,18007.37311682138,34.65348604989124,2303.2823762991748,400
cap44,OR-Library,816,866,0.05,TSAR-LP,,1265758.051010416,1265758.051010416,3023.1521935140504,1259832.6727111284,1271683.4293097034,5.912744500004919,True,0,5.0,1.0,BS_only,BS-only(γ=5.0),1.0,0.0,1265875.1813738563,3110.099043455102,0.0,0.0,400
cap44,OR-Library,816,866,0.05,Bertsimas-Sim(γ=3.0),,1232294.7051194515,,,,,0.4435401000082493,True,,3.0,1.0,,parametric robust (γ=3.0),1.0,0.0,1195164.4173361198,2931.880455285897,0.0,0.0,400
cap44,OR-Library,816,866,0.05,Nominal-LP,,1097780.6249999998,,,,,0.03584009999758564,True,,,,,deterministic (mean only),0.0,1.0,1097875.6015325852,2685.292145582905,348.79535399990374,1881.6491602696133,400
cap44,OR-Library,816,866,0.05,TSAR-No-calib,,1161527.628249965,1161527.628249965,2769.709632931974,1156098.9973694182,1166956.2591305117,0.7297041999991052,True,0,2.0,0.98,fixed_γ=2.0,No-calibration(fixed γ=2.0),0.955,0.04500000000000004,1161631.002335712,2846.6351895814046,0.00014145539703385238,0.007925934214107588,400
cap44,OR-Library,816,866,0.05,HiGHS-SAA,,1148333.5991382592,,,,,52.48437330001616,True,,,,,100,0.375,0.625,1148336.2414136503,2704.316257057759,4.072910127127802,449.2450101841567,400
cap44,OR-Library,816,866,0.1,TSAR-LP,,1469191.794369014,1469191.794369014,6884.523556453642,1455698.1281983647,1482685.4605396632,5.904671500000404,True,0,5.0,1.0,BS_only,BS-only(γ=5.0),1.0,0.0,1469428.9201247522,7008.769619487449,0.0,0.0,400
cap44,OR-Library,816,866,0.1,Bertsimas-Sim(γ=3.0),,1383581.7748992897,,,,,0.4435284000064712,True,,3.0,1.0,,parametric robust (γ=3.0),1.0,0.0,1305935.4922195575,6182.5928945254145,0.0,0.0,400
cap44,OR-Library,816,866,0.1,Nominal-LP,,1097780.625,,,,,0.017396500014001504,True,,,,,deterministic (mean only),0.0,1.0,1097970.5780651744,5370.584291145887,697.5907079798016,3763.2983204596944,400
cap44,OR-Library,816,866,0.1,TSAR-No-calib,,1229772.4084576387,1229772.4084576387,5874.050576460784,1218259.2693277756,1241285.5475875018,0.7444647999946028,True,0,2.0,0.98,fixed_γ=2.0,No-calibration(fixed γ=2.0),0.955,0.04500000000000004,1229997.3228825547,6041.159135536511,0.00027888238916342907,0.0164628232860613,400
cap44,OR-Library,816,866,0.1,HiGHS-SAA,,1200002.665330818,,,,,54.82432990000234,True,,,,,100,0.3475,0.6525000000000001,1200029.8097841642,5659.8246324249285,8.94067351354176,994.0834307010617,400
cap44,OR-Library,816,866,0.2,TSAR-LP,,1937461.7830189865,1937461.7830189865,22611.790143168764,1893142.6743383757,1981780.8916995972,5.904521199990995,True,0,5.0,1.0,BS_only,BS-only(γ=5.0),1.0,0.0,1937055.4580659121,22698.74888905294,0.0,0.0,400
cap44,OR-Library,816,866,0.2,Bertsimas-Sim(γ=3.0),,1742938.334862816,,,,,0.43138309998903424,True,,3.0,1.0,,parametric robust (γ=3.0),1.0,0.0,1537431.1757480288,18101.243315126452,0.0,0.0,400
cap44,OR-Library,816,866,0.2,Nominal-LP,,1097780.625,,,,,0.017840799991972744,True,,,,,deterministic (mean only),0.0,1.0,1098160.5311303518,10741.168582271877,1395.1814159395958,7526.596640839827,400
cap44,OR-Library,816,866,0.2,TSAR-No-calib,,1384343.2745321922,1384343.2745321922,12942.003087989731,1358976.9484797323,1409709.600584652,0.7165079999831505,True,0,2.0,0.98,fixed_γ=2.0,No-calibration(fixed γ=2.0),0.9525,0.04749999999999999,1384778.3393261868,13155.90299451536,0.0005838110493276488,0.035627456107459654,400
cap44,OR-Library,816,866,0.2,HiGHS-SAA,,1306789.8958663798,,,,,60.705919100000756,True,,,,,100,0.34,0.6599999999999999,1305872.097031526,12923.38684945745,20.325969741451935,1693.7233938896472,400
cap44,OR-Library,816,866,0.3,TSAR-LP,,2775794.5569665036,2775794.5569665036,40969.48342611572,2695494.369451317,2856094.74448169,5.937165100011043,True,0,5.0,1.0,BS_only,BS-only(γ=5.0),1.0,0.0,2774903.5386164784,40215.230632591076,0.0,0.0,400
cap44,OR-Library,816,866,0.3,Bertsimas-Sim(γ=3.0),,2192335.4539568885,,,,,0.4376263000012841,True,,3.0,1.0,,parametric robust (γ=3.0),1.0,0.0,1824443.34753771,32090.753457352628,0.0,0.0,400
cap44,OR-Library,816,866,0.3,Nominal-LP,,1097780.625,,,,,0.02980369998840615,True,,,,,deterministic (mean only),0.0,1.0,1098350.4841955297,16111.752873397867,2092.77212389939,11289.894961219947,400
cap44,OR-Library,816,866,0.3,TSAR-No-calib,,1537782.5420327147,1537782.5420327147,27050.45354774287,1484763.6530791386,1590801.4309862908,0.7272153999947477,True,0,2.0,0.96,fixed_γ=2.0,No-calibration(fixed γ=2.0),0.945,0.05500000000000005,1537254.5231499695,27151.8610141237,0.00100544550731407,0.05810787251992644,400
cap44,OR-Library,816,866,0.3,HiGHS-SAA,,1422183.4836181158,,,,,64.94858560001012,True,,,,,100,0.2325,0.7675,1419834.0912055331,20170.662583767516,34.015981102560616,2736.715009406828,400
cap46,OR-Library,816,866,0.05,TSAR-LP,,1192414.5962785715,1192414.5962785713,3272.316661419628,1186000.855622189,1198828.3369349537,5.931997300009243,True,0,5.0,1.0,BS_only,BS-only(γ=5.0),1.0,0.0,1192490.904025787,3212.7174845135487,0.0,0.0,400
cap46,OR-Library,816,866,0.05,Bertsimas-Sim(γ=3.0),,1165355.2009966325,,,,,0.45296870000311173,True,,3.0,1.0,,parametric robust (γ=3.0),1.0,0.0,1130987.4723089188,3075.4067567887346,0.0,0.0,400
cap46,OR-Library,816,866,0.05,Nominal-LP,,1044928.6874999998,,,,,0.017153699998743832,True,,,,,deterministic (mean only),0.0,1.0,1044998.2778091424,3100.1381833742453,201.38421303944872,831.7341472023578,400
cap46,OR-Library,816,866,0.05,TSAR-No-calib,,1101599.2040003163,1101599.2040003163,3066.741607789022,1095588.3904490499,1107610.0175515828,0.7388838999904692,True,0,2.0,0.97,fixed_γ=2.0,No-calibration(fixed γ=2.0),0.9425,0.057499999999999996,1101668.8989931277,3006.5999647250997,0.00010596710095224306,0.007257965934562849,400
cap46,OR-Library,816,866,0.05,HiGHS-SAA,,1091580.7482481652,,,,,55.032714200002374,True,,,,,100,0.3925,0.6074999999999999,1091766.214574801,2992.2928561169033,4.228674652927165,218.48851126917106,400
cap46,OR-Library,816,866,0.1,TSAR-LP,,1362168.5336337064,1362168.5336337064,7309.061387484953,1347842.773314236,1376494.2939531768,5.984444000001531,True,0,5.0,1.0,BS_only,BS-only(γ=5.0),1.0,0.0,1362255.6662080185,7206.6009101113505,0.0,0.0,400
cap46,OR-Library,816,866,0.1,Bertsimas-Sim(γ=3.0),,1299125.1938958326,,,,,0.4650802999967709,True,,3.0,1.0,,parametric robust (γ=3.0),1.0,0.0,1224737.8744754184,6574.9969762475785,0.0,0.0,400
cap46,OR-Library,816,866,0.1,Nominal-LP,,1044928.6875,,,,,0.02553090002038516,True,,,,,deterministic (mean only),0.0,1.0,1045067.868118285,6200.276366731484,402.768426074908,1663.468294341538,400
cap46,OR-Library,816,866,0.1,TSAR-No-calib,,1161181.775555808,1161181.775555808,6402.916895959434,1148632.0584397276,1173731.4926718886,0.7667568000033498,True,0,2.0,0.97,fixed_γ=2.0,No-calibration(fixed γ=2.0),0.945,0.05500000000000005,1161330.776648041,6284.5726351270505,0.0002088044683095405,0.015230528483831218,400
cap46,OR-Library,816,866,0.1,HiGHS-SAA,,1137865.3290865056,,,,,56.81621420002193,True,,,,,100,0.37,0.63,1137953.3439962985,5558.608037523986,4.63385188248705,262.7091852640234,400
cap46,OR-Library,816,866,0.2,TSAR-LP,,1784876.6494356277,1784876.6494356277,18810.851441554605,1748007.3806101808,1821745.9182610747,5.934611700009555,True,0,5.0,1.0,BS_only,BS-only(γ=5.0),1.0,0.0,1785272.4386522768,18491.38877866073,0.0,0.0,400
cap46,OR-Library,816,866,0.2,Bertsimas-Sim(γ=3.0),,1610995.7305157685,,,,,0.42673209999338724,True,,3.0,1.0,,parametric robust (γ=3.0),1.0,0.0,1437615.2617392866,15140.26547339179,0.0,0.0,400
cap46,OR-Library,816,866,0.2,Nominal-LP,,1044928.6875,,,,,0.020392300008097664,True,,,,,deterministic (mean only),0.0,1.0,1045207.0487365702,12400.552733445928,805.5368521458275,3326.9365886198952,400
cap46,OR-Library,816,866,0.2,TSAR-No-calib,,1291865.9714966135,1291865.9714966135,13944.831889636724,1264534.1009929255,1319197.8420003015,0.7198443000088446,True,0,2.0,0.97,fixed_γ=2.0,No-calibration(fixed γ=2.0),0.9475,0.05249999999999999,1292022.7869461605,13737.422112285221,0.0006038320009013659,0.03562759069967503,400
cap46,OR-Library,816,866,0.2,HiGHS-SAA,,1234965.4576840585,,,,,65.17225060000783,True,,,,,100,0.2825,0.7175,1235025.0200923365,12371.371572552138,19.441660367286588,1054.6051977666552,400
cap46,OR-Library,816,866,0.3,TSAR-LP,,2386857.0779442843,2386857.0779442843,37228.00178748179,2313890.19444082,2459823.961447749,5.93230179999955,True,0,5.0,1.0,BS_only,BS-only(γ=5.0),1.0,0.0,2387188.759631399,36863.98483975982,0.0,0.0,400
cap46,OR-Library,816,866,0.3,Bertsimas-Sim(γ=3.0),,2005725.9767002817,,,,,0.4443230999750085,True,,3.0,1.0,,parametric robust (γ=3.0),1.0,0.0,1691222.7418910963,26284.72195408743,0.0,0.0,400
cap46,OR-Library,816,866,0.3,Nominal-LP,,1044928.6874999999,,,,,0.01813780001248233,True,,,,,deterministic (mean only),0.0,1.0,1045346.2293548554,18600.8291001604,1208.3054776888675,4990.404882898254,400
cap46,OR-Library,816,866,0.3,TSAR-No-calib,,1437421.7498228096,1437421.7498228096,23013.231154140005,1392315.816760695,1482527.682884924,0.7141159999882802,True,0,2.0,0.97,fixed_γ=2.0,No-calibration(fixed γ=2.0),0.9475,0.05249999999999999,1437711.214543578,22710.39195994587,0.0010101487290986666,0.05810799997638183,400
cap46,OR-Library,816,866,0.3,HiGHS-SAA,,1337988.9627089847,,,,,69.02184580001631,True,,,,,100,0.18,0.8200000000000001,1338274.468482569,19348.1615106593,33.45989171969275,1869.4823433809725,400
cap47,OR-Library,816,866,0.05,TSAR-LP,,1181158.9554743692,1181158.9554743692,3228.5307107826666,1174831.0352812351,1187486.8756675033,6.1031392000149935,True,0,5.0,1.0,BS_only,BS-only(γ=5.0),1.0,0.0,1181235.683644666,3188.7847306838867,0.0,0.0,400
cap47,OR-Library,816,866,0.05,Bertsimas-Sim(γ=3.0),,1154525.5928413642,,,,,0.4451522000017576,True,,3.0,1.0,,parametric robust (γ=3.0),1.0,0.0,1120038.9090275485,3060.2294696999033,0.0,0.0,400
cap47,OR-Library,816,866,0.05,Nominal-LP,,1034976.975,,,,,0.023159799980930984,True,,,,,deterministic (mean only),0.0,1.0,1035040.875150496,2872.8819015985137,0.050741225667020086,0.08542674389736965,400
cap47,OR-Library,816,866,0.05,TSAR-No-calib,,1090806.0899795222,1090806.0899795222,3039.7005486846515,1084848.2769041003,1096763.903054944,0.7874245999846607,True,0,2.0,0.95,fixed_γ=2.0,No-calibration(fixed γ=2.0),0.9375,0.0625,1090875.7760917863,2995.815233684825,0.00011802401670296819,0.007257986398861327,400
cap47,OR-Library,816,866,0.05,HiGHS-SAA,,1082430.319731537,,,,,53.54345440000179,True,,,,,100,0.425,0.575,1082699.0072194715,2953.2413834083445,0.0026589082070788916,0.019319618370125857,400
cap47,OR-Library,816,866,0.1,TSAR-LP,,1349643.5341684548,1349643.5341684548,7108.3259541668285,1335711.2152982878,1363575.8530386218,6.032966300001135,True,0,5.0,1.0,BS_only,BS-only(γ=5.0),1.0,0.0,1349733.9736776787,7040.119357453867,0.0,0.0,400
cap47,OR-Library,816,866,0.1,Bertsimas-Sim(γ=3.0),,1287885.9400704904,,,,,0.47265099998912774,True,,3.0,1.0,,parametric robust (γ=3.0),1.0,0.0,1213979.1333109674,6470.592308258522,0.0,0.0,400
cap47,OR-Library,816,866,0.1,Nominal-LP,,1034976.9750000001,,,,,0.017066300002625212,True,,,,,deterministic (mean only),0.0,1.0,1035104.7753009925,5745.763803180701,0.10148244084734699,0.17085353291963823,400
cap47,OR-Library,816,866,0.1,TSAR-No-calib,,1150079.0683796385,1150079.0683796385,6327.026006627692,1137678.097406648,1162480.0393526289,0.7181847000028938,True,0,2.0,0.95,fixed_γ=2.0,No-calibration(fixed γ=2.0),0.94,0.06000000000000005,1150228.634093576,6245.978518379761,0.00023462632763234878,0.015230548742890981,400
cap47,OR-Library,816,866,0.1,HiGHS-SAA,,1130337.1814107213,,,,,56.86087469998165,True,,,,,100,0.395,0.605,1130774.4369621214,6077.230875106345,0.005285560361262185,0.039790358029687445,400
cap47,OR-Library,816,866,0.2,TSAR-LP,,1762158.7107093127,1762158.7107093127,18121.13766277891,1726641.280890266,1797676.1405283595,6.105618500005221,True,0,5.0,1.0,BS_only,BS-only(γ=5.0),1.0,0.0,1762286.7772116691,17852.338070507853,0.0,0.0,400
cap47,OR-Library,816,866,0.2,Bertsimas-Sim(γ=3.0),,1596405.7568116314,,,,,0.46411600001738407,True,,3.0,1.0,,parametric robust (γ=3.0),1.0,0.0,1425719.093581984,14878.949871174353,0.0,0.0,400
cap47,OR-Library,816,866,0.2,Nominal-LP,,1034976.9750000001,,,,,0.017551700002513826,True,,,,,deterministic (mean only),0.0,1.0,1035232.5756019854,11491.527606345055,0.20296487120800083,0.34170711096417494,400
cap47,OR-Library,816,866,0.2,TSAR-No-calib,,1280449.4652313162,1280449.4652313164,13613.221201285438,1253767.551676797,1307131.3787858358,0.723939400020754,True,0,2.0,0.94,fixed_γ=2.0,No-calibration(fixed γ=2.0),0.9425,0.057499999999999996,1280609.0349934378,13461.17909434625,0.0006482728947010443,0.03562760396090314,400
cap47,OR-Library,816,866,0.2,HiGHS-SAA,,1227108.7361168265,,,,,61.660790399997495,True,,,,,100,0.3075,0.6925,1227335.959968836,11632.563694747714,0.011763872745723937,0.08087454036979391,400
cap47,OR-Library,816,866,0.3,TSAR-LP,,2347450.624445624,2347450.624445624,31952.887054704028,2284822.965818404,2410078.283072844,5.983819400018547,True,0,5.0,1.0,BS_only,BS-only(γ=5.0),1.0,0.0,2347438.299837805,31435.885098276878,0.0,0.0,400
cap47,OR-Library,816,866,0.3,Bertsimas-Sim(γ=3.0),,1982841.0696420204,,,,,0.4584060000197496,True,,3.0,1.0,,parametric robust (γ=3.0),1.0,0.0,1671810.5548929053,25419.570087445867,0.0,0.0,400
cap47,OR-Library,816,866,0.3,Nominal-LP,,1034976.9750000001,,,,,0.01918550001573749,True,,,,,deterministic (mean only),0.0,1.0,1035360.3759029782,17237.29140950942,0.3044473015686546,0.5125606890087118,400
cap47,OR-Library,816,866,0.3,TSAR-No-calib,,1425572.4528610741,1425572.4528610741,22584.86978256117,1381306.1080872542,1469838.797634894,0.7275513999920804,True,0,2.0,0.95,fixed_γ=2.0,No-calibration(fixed γ=2.0),0.9475,0.05249999999999999,1425791.629268837,22318.41868876005,0.0010101496087545757,0.058108016819182096,400
cap47,OR-Library,816,866,0.3,HiGHS-SAA,,1330359.8420866223,,,,,64.89696829998866,True,,,,,100,0.205,0.795,1330891.0351989383,18875.177665494353,0.022141179719370303,0.1338437087497082,400
cap51,OR-Library,816,866,0.05,TSAR-LP,,1165317.198768815,1165317.198768815,3353.2328260970203,1158744.862429665,1171889.535107965,5.735287399991648,True,0,5.0,1.0,BS_only,BS-only(γ=5.0),1.0,0.0,1165377.9303307289,3374.8824633664285,0.0,0.0,400
cap51,OR-Library,816,866,0.05,Bertsimas-Sim(γ=3.0),,1143496.394053142,,,,,0.4502674000104889,True,,3.0,1.0,,parametric robust (γ=3.0),1.0,0.0,1104335.1055954108,3316.170018082323,0.0,0.0,400
cap51,OR-Library,816,866,0.05,Nominal-LP,,1020976.3124999998,,,,,0.017748500016750768,True,,,,,deterministic (mean only),0.0,1.0,1021048.5958276354,3141.0285334805485,235.39391154558746,891.6120387949657,400
cap51,OR-Library,816,866,0.05,TSAR-No-calib,,1075530.717388222,1075530.717388222,3217.8864902523865,1069223.6598673274,1081837.7749091166,0.7177758000034373,True,0,2.0,0.96,fixed_γ=2.0,No-calibration(fixed γ=2.0),0.9375,0.0625,1075609.8979906917,3283.286188287761,0.00013066772547225966,0.007257907296837951,400
cap51,OR-Library,816,866,0.05,HiGHS-SAA,,1066724.8629159322,,,,,49.184172900015255,True,,,,,100,0.335,0.665,1066724.5813389688,3008.7600215445063,3.8342985258394267,220.92560844951103,400
cap51,OR-Library,816,866,0.1,TSAR-LP,,1337198.8427141085,1337198.8427141085,7206.779696428809,1323073.554509108,1351324.130919109,5.8029245999932755,True,0,5.0,1.0,BS_only,BS-only(γ=5.0),1.0,0.0,1337364.5094117802,7104.999741650007,0.0,0.0,400
cap51,OR-Library,816,866,0.1,Bertsimas-Sim(γ=3.0),,1278221.4080313838,,,,,0.44270429998869076,True,,3.0,1.0,,parametric robust (γ=3.0),1.0,0.0,1196572.2299915298,6896.237336494854,0.0,0.0,400
cap51,OR-Library,816,866,0.1,Nominal-LP,,1020976.3125,,,,,0.01882370002567768,True,,,,,deterministic (mean only),0.0,1.0,1021120.8791552698,6282.0570669438475,470.7878230815339,1783.2240775469447,400
cap51,OR-Library,816,866,0.1,TSAR-No-calib,,1135146.3224960002,1135146.3224960002,6569.318796659672,1122270.4576545472,1148022.1873374532,0.722845900018001,True,0,2.0,0.97,fixed_γ=2.0,No-calibration(fixed γ=2.0),0.9425,0.057499999999999996,1135263.2214130792,6608.6221631654025,0.0002237962582898983,0.015230489735248653,400
cap51,OR-Library,816,866,0.1,HiGHS-SAA,,1113162.020778342,,,,,50.610052100004395,True,,,,,100,0.3075,0.6925,1113175.1460516509,6127.223926603043,7.653528389907845,437.9231766088747,400
cap51,OR-Library,816,866,0.2,TSAR-LP,,1767928.9940185533,1767928.9940185533,18086.893468195267,1732478.6828208906,1803379.305216216,5.6572192999883555,True,0,5.0,1.0,BS_only,BS-only(γ=5.0),1.0,0.0,1768233.0258841289,17742.381964086646,0.0,0.0,400
cap51,OR-Library,816,866,0.2,Bertsimas-Sim(γ=3.0),,1586801.3258667756,,,,,0.41974759998265654,True,,3.0,1.0,,parametric robust (γ=3.0),1.0,0.0,1411633.5242787395,14881.373877967582,0.0,0.0,400
cap51,OR-Library,816,866,0.2,Nominal-LP,,1020976.3125,,,,,0.02842439999221824,True,,,,,deterministic (mean only),0.0,1.0,1021265.4458105387,12564.114133870422,941.575646153425,3566.4481550508954,400
cap51,OR-Library,816,866,0.2,TSAR-No-calib,,1268465.0148334722,1268465.0148334722,13783.422416063184,1241449.5068979883,1295480.5227689561,0.7157924000057392,True,0,2.0,0.97,fixed_γ=2.0,No-calibration(fixed γ=2.0),0.945,0.05500000000000005,1268764.4589627853,13568.088556045277,0.0005215390577794348,0.03365190478226299,400
cap51,OR-Library,816,866,0.2,HiGHS-SAA,,1208466.3097161835,,,,,53.85559120000107,True,,,,,100,0.1925,0.8075,1208535.057140036,12363.137154666641,17.34532289697544,900.5498650704966,400
cap51,OR-Library,816,866,0.3,TSAR-LP,,2322569.482479954,2322569.482479954,36583.449662281615,2250865.921141882,2394273.0438180263,5.7144148999941535,True,0,5.0,1.0,BS_only,BS-only(γ=5.0),1.0,0.0,2323095.118670613,35937.62084693723,0.0,0.0,400
cap51,OR-Library,816,866,0.3,Bertsimas-Sim(γ=3.0),,1973884.210564173,,,,,0.42731329999514855,True,,3.0,1.0,,parametric robust (γ=3.0),1.0,0.0,1675611.049522484,25310.367617077765,0.0,0.0,400
cap51,OR-Library,816,866,0.3,Nominal-LP,,1020976.3124999999,,,,,0.022781899984693155,True,,,,,deterministic (mean only),0.0,1.0,1021410.0124658075,18846.171200797013,1412.3634692253154,5349.672232554836,400
cap51,OR-Library,816,866,0.3,TSAR-No-calib,,1411267.507307406,1411267.507307406,22654.87805382163,1366863.9463219156,1455671.0682928965,0.6990250000089873,True,0,2.0,0.97,fixed_γ=2.0,No-calibration(fixed γ=2.0),0.9475,0.05249999999999999,1411815.7587262327,22322.05406491111,0.0008105401296616124,0.05607202536008682,400
cap51,OR-Library,816,866,0.3,HiGHS-SAA,,1306674.4939194839,,,,,57.723861000005854,True,,,,,100,0.12,0.88,1306809.8578387033,19813.52408032667,30.400598655638163,1640.1870290747454,400
cap55,OR-Library,816,866,0.05,TSAR-LP,,1165317.198768815,1165317.198768815,3353.2328260970203,1158744.862429665,1171889.535107965,5.633372200012673,True,0,5.0,1.0,BS_only,BS-only(γ=5.0),1.0,0.0,1165377.9303307289,3374.8824633664285,0.0,0.0,400
cap55,OR-Library,816,866,0.05,Bertsimas-Sim(γ=3.0),,1143496.394053142,,,,,0.42846940000890754,True,,3.0,1.0,,parametric robust (γ=3.0),1.0,0.0,1104335.1055954108,3316.170018082323,0.0,0.0,400
cap55,OR-Library,816,866,0.05,Nominal-LP,,1020976.3124999998,,,,,0.01735549999284558,True,,,,,deterministic (mean only),0.0,1.0,1021048.5958276354,3141.0285334805485,235.39391154558746,891.6120387949657,400
cap55,OR-Library,816,866,0.05,TSAR-No-calib,,1075530.717388222,1075530.717388222,3217.8864902523865,1069223.6598673274,1081837.7749091166,0.7136139999784064,True,0,2.0,0.96,fixed_γ=2.0,No-calibration(fixed γ=2.0),0.9375,0.0625,1075609.8979906917,3283.286188287761,0.00013066772547225966,0.007257907296837951,400
cap55,OR-Library,816,866,0.05,HiGHS-SAA,,1066724.8629159322,,,,,48.53249879999203,True,,,,,100,0.335,0.665,1066724.5813389688,3008.7600215445063,3.8342985258394267,220.92560844951103,400
cap55,OR-Library,816,866,0.1,TSAR-LP,,1337198.8427141085,1337198.8427141085,7206.779696428809,1323073.554509108,1351324.130919109,5.664557699987199,True,0,5.0,1.0,BS_only,BS-only(γ=5.0),1.0,0.0,1337364.5094117802,7104.999741650007,0.0,0.0,400
cap55,OR-Library,816,866,0.1,Bertsimas-Sim(γ=3.0),,1278221.4080313838,,,,,0.4395252999966033,True,,3.0,1.0,,parametric robust (γ=3.0),1.0,0.0,1196572.2299915298,6896.237336494854,0.0,0.0,400
cap55,OR-Library,816,866,0.1,Nominal-LP,,1020976.3125,,,,,0.017596099991351366,True,,,,,deterministic (mean only),0.0,1.0,1021120.8791552698,6282.0570669438475,470.7878230815339,1783.2240775469447,400
cap55,OR-Library,816,866,0.1,TSAR-No-calib,,1135146.3224960002,1135146.3224960002,6569.318796659672,1122270.4576545472,1148022.1873374532,0.7450428000011016,True,0,2.0,0.97,fixed_γ=2.0,No-calibration(fixed γ=2.0),0.9425,0.057499999999999996,1135263.2214130792,6608.6221631654025,0.0002237962582898983,0.015230489735248653,400
cap55,OR-Library,816,866,0.1,HiGHS-SAA,,1113162.020778342,,,,,49.87746120002703,True,,,,,100,0.3075,0.6925,1113175.1460516509,6127.223926603043,7.653528389907845,437.9231766088747,400
cap55,OR-Library,816,866,0.2,TSAR-LP,,1767928.9940185533,1767928.9940185533,18086.893468195267,1732478.6828208906,1803379.305216216,5.6436058999970555,True,0,5.0,1.0,BS_only,BS-only(γ=5.0),1.0,0.0,1768233.0258841289,17742.381964086646,0.0,0.0,400
cap55,OR-Library,816,866,0.2,Bertsimas-Sim(γ=3.0),,1586801.3258667756,,,,,0.4261512000230141,True,,3.0,1.0,,parametric robust (γ=3.0),1.0,0.0,1411633.5242787395,14881.373877967582,0.0,0.0,400
cap55,OR-Library,816,866,0.2,Nominal-LP,,1020976.3125,,,,,0.017201999988174066,True,,,,,deterministic (mean only),0.0,1.0,1021265.4458105387,12564.114133870422,941.575646153425,3566.4481550508954,400
cap55,OR-Library,816,866,0.2,TSAR-No-calib,,1268465.0148334722,1268465.0148334722,13783.422416063184,1241449.5068979883,1295480.5227689561,0.7234832999820355,True,0,2.0,0.97,fixed_γ=2.0,No-calibration(fixed γ=2.0),0.945,0.05500000000000005,1268764.4589627853,13568.088556045277,0.0005215390577794348,0.03365190478226299,400
cap55,OR-Library,816,866,0.2,HiGHS-SAA,,1208466.3097161835,,,,,53.90722620001179,True,,,,,100,0.1925,0.8075,1208535.057140036,12363.137154666641,17.34532289697544,900.5498650704966,400
cap55,OR-Library,816,866,0.3,TSAR-LP,,2322569.482479954,2322569.482479954,36583.449662281615,2250865.921141882,2394273.0438180263,5.636507999995956,True,0,5.0,1.0,BS_only,BS-only(γ=5.0),1.0,0.0,2323095.118670613,35937.62084693723,0.0,0.0,400
cap55,OR-Library,816,866,0.3,Bertsimas-Sim(γ=3.0),,1973884.210564173,,,,,0.4210836000274867,True,,3.0,1.0,,parametric robust (γ=3.0),1.0,0.0,1675611.049522484,25310.367617077765,0.0,0.0,400
cap55,OR-Library,816,866,0.3,Nominal-LP,,1020976.3124999999,,,,,0.029225100006442517,True,,,,,deterministic (mean only),0.0,1.0,1021410.0124658075,18846.171200797013,1412.3634692253154,5349.672232554836,400
cap55,OR-Library,816,866,0.3,TSAR-No-calib,,1411267.507307406,1411267.507307406,22654.87805382163,1366863.9463219156,1455671.0682928965,0.709753399976762,True,0,2.0,0.97,fixed_γ=2.0,No-calibration(fixed γ=2.0),0.9475,0.05249999999999999,1411815.7587262327,22322.05406491111,0.0008105401296616124,0.05607202536008682,400
cap55,OR-Library,816,866,0.3,HiGHS-SAA,,1306674.4939194839,,,,,57.52312970001367,True,,,,,100,0.12,0.88,1306809.8578387033,19813.52408032667,30.400598655638163,1640.1870290747454,400
cap56,OR-Library,816,866,0.05,TSAR-LP,,1165317.198768815,1165317.198768815,3353.2328260970203,1158744.862429665,1171889.535107965,5.623057799995877,True,0,5.0,1.0,BS_only,BS-only(γ=5.0),1.0,0.0,1165377.9303307289,3374.8824633664285,0.0,0.0,400
cap56,OR-Library,816,866,0.05,Bertsimas-Sim(γ=3.0),,1143496.394053142,,,,,0.4344983999908436,True,,3.0,1.0,,parametric robust (γ=3.0),1.0,0.0,1104335.1055954108,3316.170018082323,0.0,0.0,400
cap56,OR-Library,816,866,0.05,Nominal-LP,,1020976.3124999998,,,,,0.017378799995640293,True,,,,,deterministic (mean only),0.0,1.0,1021048.5958276354,3141.0285334805485,235.39391154558746,891.6120387949657,400
cap56,OR-Library,816,866,0.05,TSAR-No-calib,,1075530.717388222,1075530.717388222,3217.8864902523865,1069223.6598673274,1081837.7749091166,0.6856907000183128,True,0,2.0,0.96,fixed_γ=2.0,No-calibration(fixed γ=2.0),0.9375,0.0625,1075609.8979906917,3283.286188287761,0.00013066772547225966,0.007257907296837951,400
cap56,OR-Library,816,866,0.05,HiGHS-SAA,,1066724.8629159322,,,,,48.37070909998147,True,,,,,100,0.335,0.665,1066724.5813389688,3008.7600215445063,3.8342985258394267,220.92560844951103,400
cap56,OR-Library,816,866,0.1,TSAR-LP,,1337198.8427141085,1337198.8427141085,7206.779696428809,1323073.554509108,1351324.130919109,5.730308000027435,True,0,5.0,1.0,BS_only,BS-only(γ=5.0),1.0,0.0,1337364.5094117802,7104.999741650007,0.0,0.0,400
cap56,OR-Library,816,866,0.1,Bertsimas-Sim(γ=3.0),,1278221.4080313838,,,,,0.44597510001040064,True,,3.0,1.0,,parametric robust (γ=3.0),1.0,0.0,1196572.2299915298,6896.237336494854,0.0,0.0,400
cap56,OR-Library,816,866,0.1,Nominal-LP,,1020976.3125,,,,,0.031347200012532994,True,,,,,deterministic (mean only),0.0,1.0,1021120.8791552698,6282.0570669438475,470.7878230815339,1783.2240775469447,400
cap56,OR-Library,816,866,0.1,TSAR-No-calib,,1135146.3224960002,1135146.3224960002,6569.318796659672,1122270.4576545472,1148022.1873374532,0.6897013999987394,True,0,2.0,0.97,fixed_γ=2.0,No-calibration(fixed γ=2.0),0.9425,0.057499999999999996,1135263.2214130792,6608.6221631654025,0.0002237962582898983,0.015230489735248653,400
cap56,OR-Library,816,866,0.1,HiGHS-SAA,,1113162.020778342,,,,,49.652344999980414,True,,,,,100,0.3075,0.6925,1113175.1460516509,6127.223926603043,7.653528389907845,437.9231766088747,400
cap56,OR-Library,816,866,0.2,TSAR-LP,,1767928.9940185533,1767928.9940185533,18086.893468195267,1732478.6828208906,1803379.305216216,5.863720200024545,True,0,5.0,1.0,BS_only,BS-only(γ=5.0),1.0,0.0,1768233.0258841289,17742.381964086646,0.0,0.0,400
cap56,OR-Library,816,866,0.2,Bertsimas-Sim(γ=3.0),,1586801.3258667756,,,,,0.44987270000274293,True,,3.0,1.0,,parametric robust (γ=3.0),1.0,0.0,1411633.5242787395,14881.373877967582,0.0,0.0,400
cap56,OR-Library,816,866,0.2,Nominal-LP,,1020976.3125,,,,,0.020198200014419854,True,,,,,deterministic (mean only),0.0,1.0,1021265.4458105387,12564.114133870422,941.575646153425,3566.4481550508954,400
cap56,OR-Library,816,866,0.2,TSAR-No-calib,,1268465.0148334722,1268465.0148334722,13783.422416063184,1241449.5068979883,1295480.5227689561,0.6823472999967635,True,0,2.0,0.97,fixed_γ=2.0,No-calibration(fixed γ=2.0),0.945,0.05500000000000005,1268764.4589627853,13568.088556045277,0.0005215390577794348,0.03365190478226299,400
cap56,OR-Library,816,866,0.2,HiGHS-SAA,,1208466.3097161835,,,,,53.58753250000882,True,,,,,100,0.1925,0.8075,1208535.057140036,12363.137154666641,17.34532289697544,900.5498650704966,400
cap56,OR-Library,816,866,0.3,TSAR-LP,,2322569.482479954,2322569.482479954,36583.449662281615,2250865.921141882,2394273.0438180263,5.7197601000079885,True,0,5.0,1.0,BS_only,BS-only(γ=5.0),1.0,0.0,2323095.118670613,35937.62084693723,0.0,0.0,400
cap56,OR-Library,816,866,0.3,Bertsimas-Sim(γ=3.0),,1973884.210564173,,,,,0.4423088999756146,True,,3.0,1.0,,parametric robust (γ=3.0),1.0,0.0,1675611.049522484,25310.367617077765,0.0,0.0,400
cap56,OR-Library,816,866,0.3,Nominal-LP,,1020976.3124999999,,,,,0.017800100002205,True,,,,,deterministic (mean only),0.0,1.0,1021410.0124658075,18846.171200797013,1412.3634692253154,5349.672232554836,400
cap56,OR-Library,816,866,0.3,TSAR-No-calib,,1411267.507307406,1411267.507307406,22654.87805382163,1366863.9463219156,1455671.0682928965,0.6997124000045005,True,0,2.0,0.97,fixed_γ=2.0,No-calibration(fixed γ=2.0),0.9475,0.05249999999999999,1411815.7587262327,22322.05406491111,0.0008105401296616124,0.05607202536008682,400
cap56,OR-Library,816,866,0.3,HiGHS-SAA,,1306674.4939194839,,,,,57.60303389999899,True,,,,,100,0.12,0.88,1306809.8578387033,19813.52408032667,30.400598655638163,1640.1870290747454,400
cap57,OR-Library,816,866,0.05,TSAR-LP,,1165317.198768815,1165317.198768815,3353.2328260970203,1158744.862429665,1171889.535107965,5.598180400003912,True,0,5.0,1.0,BS_only,BS-only(γ=5.0),1.0,0.0,1165377.9303307289,3374.8824633664285,0.0,0.0,400
cap57,OR-Library,816,866,0.05,Bertsimas-Sim(γ=3.0),,1143496.394053142,,,,,0.44798830000218004,True,,3.0,1.0,,parametric robust (γ=3.0),1.0,0.0,1104335.1055954108,3316.170018082323,0.0,0.0,400
cap57,OR-Library,816,866,0.05,Nominal-LP,,1020976.3124999998,,,,,0.023593799996888265,True,,,,,deterministic (mean only),0.0,1.0,1021048.5958276354,3141.0285334805485,235.39391154558746,891.6120387949657,400
cap57,OR-Library,816,866,0.05,TSAR-No-calib,,1075530.717388222,1075530.717388222,3217.8864902523865,1069223.6598673274,1081837.7749091166,0.6919500000076368,True,0,2.0,0.96,fixed_γ=2.0,No-calibration(fixed γ=2.0),0.9375,0.0625,1075609.8979906917,3283.286188287761,0.00013066772547225966,0.007257907296837951,400
cap57,OR-Library,816,866,0.05,HiGHS-SAA,,1066724.8629159322,,,,,48.20327820000239,True,,,,,100,0.335,0.665,1066724.5813389688,3008.7600215445063,3.8342985258394267,220.92560844951103,400
cap57,OR-Library,816,866,0.1,TSAR-LP,,1337198.8427141085,1337198.8427141085,7206.779696428809,1323073.554509108,1351324.130919109,5.659120099997381,True,0,5.0,1.0,BS_only,BS-only(γ=5.0),1.0,0.0,1337364.5094117802,7104.999741650007,0.0,0.0,400
cap57,OR-Library,816,866,0.1,Bertsimas-Sim(γ=3.0),,1278221.4080313838,,,,,0.413694500020938,True,,3.0,1.0,,parametric robust (γ=3.0),1.0,0.0,1196572.2299915298,6896.237336494854,0.0,0.0,400
cap57,OR-Library,816,866,0.1,Nominal-LP,,1020976.3125,,,,,0.023885399976279587,True,,,,,deterministic (mean only),0.0,1.0,1021120.8791552698,6282.0570669438475,470.7878230815339,1783.2240775469447,400
cap57,OR-Library,816,866,0.1,TSAR-No-calib,,1135146.3224960002,1135146.3224960002,6569.318796659672,1122270.4576545472,1148022.1873374532,0.7330011999874841,True,0,2.0,0.97,fixed_γ=2.0,No-calibration(fixed γ=2.0),0.9425,0.057499999999999996,1135263.2214130792,6608.6221631654025,0.0002237962582898983,0.015230489735248653,400
cap57,OR-Library,816,866,0.1,HiGHS-SAA,,1113162.020778342,,,,,49.59737160001532,True,,,,,100,0.3075,0.6925,1113175.1460516509,6127.223926603043,7.653528389907845,437.9231766088747,400
cap57,OR-Library,816,866,0.2,TSAR-LP,,1767928.9940185533,1767928.9940185533,18086.893468195267,1732478.6828208906,1803379.305216216,5.6511143000097945,True,0,5.0,1.0,BS_only,BS-only(γ=5.0),1.0,0.0,1768233.0258841289,17742.381964086646,0.0,0.0,400
cap57,OR-Library,816,866,0.2,Bertsimas-Sim(γ=3.0),,1586801.3258667756,,,,,0.42701479999232106,True,,3.0,1.0,,parametric robust (γ=3.0),1.0,0.0,1411633.5242787395,14881.373877967582,0.0,0.0,400
cap57,OR-Library,816,866,0.2,Nominal-LP,,1020976.3125,,,,,0.022525200009113178,True,,,,,deterministic (mean only),0.0,1.0,1021265.4458105387,12564.114133870422,941.575646153425,3566.4481550508954,400
cap57,OR-Library,816,866,0.2,TSAR-No-calib,,1268465.0148334722,1268465.0148334722,13783.422416063184,1241449.5068979883,1295480.5227689561,0.730008699989412,True,0,2.0,0.97,fixed_γ=2.0,No-calibration(fixed γ=2.0),0.945,0.05500000000000005,1268764.4589627853,13568.088556045277,0.0005215390577794348,0.03365190478226299,400
cap57,OR-Library,816,866,0.2,HiGHS-SAA,,1208466.3097161835,,,,,53.34383559998241,True,,,,,100,0.1925,0.8075,1208535.057140036,12363.137154666641,17.34532289697544,900.5498650704966,400
cap57,OR-Library,816,866,0.3,TSAR-LP,,2322569.482479954,2322569.482479954,36583.449662281615,2250865.921141882,2394273.0438180263,5.677213999995729,True,0,5.0,1.0,BS_only,BS-only(γ=5.0),1.0,0.0,2323095.118670613,35937.62084693723,0.0,0.0,400
cap57,OR-Library,816,866,0.3,Bertsimas-Sim(γ=3.0),,1973884.210564173,,,,,0.4201939999766182,True,,3.0,1.0,,parametric robust (γ=3.0),1.0,0.0,1675611.049522484,25310.367617077765,0.0,0.0,400
cap57,OR-Library,816,866,0.3,Nominal-LP,,1020976.3124999999,,,,,0.020190299983369187,True,,,,,deterministic (mean only),0.0,1.0,1021410.0124658075,18846.171200797013,1412.3634692253154,5349.672232554836,400
cap57,OR-Library,816,866,0.3,TSAR-No-calib,,1411267.507307406,1411267.507307406,22654.87805382163,1366863.9463219156,1455671.0682928965,0.7261507000075653,True,0,2.0,0.97,fixed_γ=2.0,No-calibration(fixed γ=2.0),0.9475,0.05249999999999999,1411815.7587262327,22322.05406491111,0.0008105401296616124,0.05607202536008682,400
cap57,OR-Library,816,866,0.3,HiGHS-SAA,,1306674.4939194839,,,,,57.64928840001812,True,,,,,100,0.12,0.88,1306809.8578387033,19813.52408032667,30.400598655638163,1640.1870290747454,400
cap58,OR-Library,816,866,0.05,TSAR-LP,,1165317.198768815,1165317.198768815,3353.2328260970203,1158744.862429665,1171889.535107965,5.683468000002904,True,0,5.0,1.0,BS_only,BS-only(γ=5.0),1.0,0.0,1165377.9303307289,3374.8824633664285,0.0,0.0,400
cap58,OR-Library,816,866,0.05,Bertsimas-Sim(γ=3.0),,1143496.394053142,,,,,0.42577160001383163,True,,3.0,1.0,,parametric robust (γ=3.0),1.0,0.0,1104335.1055954108,3316.170018082323,0.0,0.0,400
cap58,OR-Library,816,866,0.05,Nominal-LP,,1020976.3124999998,,,,,0.01899700000649318,True,,,,,deterministic (mean only),0.0,1.0,1021048.5958276354,3141.0285334805485,235.39391154558746,891.6120387949657,400
cap58,OR-Library,816,866,0.05,TSAR-No-calib,,1075530.717388222,1075530.717388222,3217.8864902523865,1069223.6598673274,1081837.7749091166,0.6917304999951739,True,0,2.0,0.96,fixed_γ=2.0,No-calibration(fixed γ=2.0),0.9375,0.0625,1075609.8979906917,3283.286188287761,0.00013066772547225966,0.007257907296837951,400
cap58,OR-Library,816,866,0.05,HiGHS-SAA,,1066724.8629159322,,,,,48.17717609999818,True,,,,,100,0.335,0.665,1066724.5813389688,3008.7600215445063,3.8342985258394267,220.92560844951103,400
cap58,OR-Library,816,866,0.1,TSAR-LP,,1337198.8427141085,1337198.8427141085,7206.779696428809,1323073.554509108,1351324.130919109,5.7024294000002556,True,0,5.0,1.0,BS_only,BS-only(γ=5.0),1.0,0.0,1337364.5094117802,7104.999741650007,0.0,0.0,400
cap58,OR-Library,816,866,0.1,Bertsimas-Sim(γ=3.0),,1278221.4080313838,,,,,0.4149539999780245,True,,3.0,1.0,,parametric robust (γ=3.0),1.0,0.0,1196572.2299915298,6896.237336494854,0.0,0.0,400
cap58,OR-Library,816,866,0.1,Nominal-LP,,1020976.3125,,,,,0.01929789999849163,True,,,,,deterministic (mean only),0.0,1.0,1021120.8791552698,6282.0570669438475,470.7878230815339,1783.2240775469447,400
cap58,OR-Library,816,866,0.1,TSAR-No-calib,,1135146.3224960002,1135146.3224960002,6569.318796659672,1122270.4576545472,1148022.1873374532,0.7035898999893107,True,0,2.0,0.97,fixed_γ=2.0,No-calibration(fixed γ=2.0),0.9425,0.057499999999999996,1135263.2214130792,6608.6221631654025,0.0002237962582898983,0.015230489735248653,400
cap58,OR-Library,816,866,0.1,HiGHS-SAA,,1113162.020778342,,,,,49.65425210000831,True,,,,,100,0.3075,0.6925,1113175.1460516509,6127.223926603043,7.653528389907845,437.9231766088747,400
cap58,OR-Library,816,866,0.2,TSAR-LP,,1767928.9940185533,1767928.9940185533,18086.893468195267,1732478.6828208906,1803379.305216216,5.6899584000057075,True,0,5.0,1.0,BS_only,BS-only(γ=5.0),1.0,0.0,1768233.0258841289,17742.381964086646,0.0,0.0,400
cap58,OR-Library,816,866,0.2,Bertsimas-Sim(γ=3.0),,1586801.3258667756,,,,,0.43673749998561107,True,,3.0,1.0,,parametric robust (γ=3.0),1.0,0.0,1411633.5242787395,14881.373877967582,0.0,0.0,400
cap58,OR-Library,816,866,0.2,Nominal-LP,,1020976.3125,,,,,0.020885200006887317,True,,,,,deterministic (mean only),0.0,1.0,1021265.4458105387,12564.114133870422,941.575646153425,3566.4481550508954,400
cap58,OR-Library,816,866,0.2,TSAR-No-calib,,1268465.0148334722,1268465.0148334722,13783.422416063184,1241449.5068979883,1295480.5227689561,0.7042583000147715,True,0,2.0,0.97,fixed_γ=2.0,No-calibration(fixed γ=2.0),0.945,0.05500000000000005,1268764.4589627853,13568.088556045277,0.0005215390577794348,0.03365190478226299,400
cap58,OR-Library,816,866,0.2,HiGHS-SAA,,1208466.3097161835,,,,,53.602547100017546,True,,,,,100,0.1925,0.8075,1208535.057140036,12363.137154666641,17.34532289697544,900.5498650704966,400
cap58,OR-Library,816,866,0.3,TSAR-LP,,2322569.482479954,2322569.482479954,36583.449662281615,2250865.921141882,2394273.0438180263,5.67033029999584,True,0,5.0,1.0,BS_only,BS-only(γ=5.0),1.0,0.0,2323095.118670613,35937.62084693723,0.0,0.0,400
cap58,OR-Library,816,866,0.3,Bertsimas-Sim(γ=3.0),,1973884.210564173,,,,,0.4328417999786325,True,,3.0,1.0,,parametric robust (γ=3.0),1.0,0.0,1675611.049522484,25310.367617077765,0.0,0.0,400
cap58,OR-Library,816,866,0.3,Nominal-LP,,1020976.3124999999,,,,,0.027079999999841675,True,,,,,deterministic (mean only),0.0,1.0,1021410.0124658075,18846.171200797013,1412.3634692253154,5349.672232554836,400
cap58,OR-Library,816,866,0.3,TSAR-No-calib,,1411267.507307406,1411267.507307406,22654.87805382163,1366863.9463219156,1455671.0682928965,0.6980707999900915,True,0,2.0,0.97,fixed_γ=2.0,No-calibration(fixed γ=2.0),0.9475,0.05249999999999999,1411815.7587262327,22322.05406491111,0.0008105401296616124,0.05607202536008682,400
cap58,OR-Library,816,866,0.3,HiGHS-SAA,,1306674.4939194839,,,,,58.00227220001398,True,,,,,100,0.12,0.88,1306809.8578387033,19813.52408032667,30.400598655638163,1640.1870290747454,400
cap59,OR-Library,816,866,0.05,TSAR-LP,,1165317.198768815,1165317.198768815,3353.2328260970203,1158744.862429665,1171889.535107965,6.66627229997539,True,0,5.0,1.0,BS_only,BS-only(γ=5.0),1.0,0.0,1165377.9303307289,3374.8824633664285,0.0,0.0,400
cap59,OR-Library,816,866,0.05,Bertsimas-Sim(γ=3.0),,1143496.394053142,,,,,0.4162169999908656,True,,3.0,1.0,,parametric robust (γ=3.0),1.0,0.0,1104335.1055954108,3316.170018082323,0.0,0.0,400
cap59,OR-Library,816,866,0.05,Nominal-LP,,1020976.3124999998,,,,,0.018790900008752942,True,,,,,deterministic (mean only),0.0,1.0,1021048.5958276354,3141.0285334805485,235.39391154558746,891.6120387949657,400
cap59,OR-Library,816,866,0.05,TSAR-No-calib,,1075530.717388222,1075530.717388222,3217.8864902523865,1069223.6598673274,1081837.7749091166,0.6955284000141546,True,0,2.0,0.96,fixed_γ=2.0,No-calibration(fixed γ=2.0),0.9375,0.0625,1075609.8979906917,3283.286188287761,0.00013066772547225966,0.007257907296837951,400
cap59,OR-Library,816,866,0.05,HiGHS-SAA,,1066724.8629159322,,,,,48.01015000001644,True,,,,,100,0.335,0.665,1066724.5813389688,3008.7600215445063,3.8342985258394267,220.92560844951103,400
cap59,OR-Library,816,866,0.1,TSAR-LP,,1337198.8427141085,1337198.8427141085,7206.779696428809,1323073.554509108,1351324.130919109,5.665619100007461,True,0,5.0,1.0,BS_only,BS-only(γ=5.0),1.0,0.0,1337364.5094117802,7104.999741650007,0.0,0.0,400
cap59,OR-Library,816,866,0.1,Bertsimas-Sim(γ=3.0),,1278221.4080313838,,,,,0.4541777999838814,True,,3.0,1.0,,parametric robust (γ=3.0),1.0,0.0,1196572.2299915298,6896.237336494854,0.0,0.0,400
cap59,OR-Library,816,866,0.1,Nominal-LP,,1020976.3125,,,,,0.02075729999342002,True,,,,,deterministic (mean only),0.0,1.0,1021120.8791552698,6282.0570669438475,470.7878230815339,1783.2240775469447,400
cap59,OR-Library,816,866,0.1,TSAR-No-calib,,1135146.3224960002,1135146.3224960002,6569.318796659672,1122270.4576545472,1148022.1873374532,0.6906076000013854,True,0,2.0,0.97,fixed_γ=2.0,No-calibration(fixed γ=2.0),0.9425,0.057499999999999996,1135263.2214130792,6608.6221631654025,0.0002237962582898983,0.015230489735248653,400
cap59,OR-Library,816,866,0.1,HiGHS-SAA,,1113162.020778342,,,,,49.64352029998554,True,,,,,100,0.3075,0.6925,1113175.1460516509,6127.223926603043,7.653528389907845,437.9231766088747,400
cap59,OR-Library,816,866,0.2,TSAR-LP,,1767928.9940185533,1767928.9940185533,18086.893468195267,1732478.6828208906,1803379.305216216,5.69658079999499,True,0,5.0,1.0,BS_only,BS-only(γ=5.0),1.0,0.0,1768233.0258841289,17742.381964086646,0.0,0.0,400
cap59,OR-Library,816,866,0.2,Bertsimas-Sim(γ=3.0),,1586801.3258667756,,,,,0.4338792000198737,True,,3.0,1.0,,parametric robust (γ=3.0),1.0,0.0,1411633.5242787395,14881.373877967582,0.0,0.0,400
cap59,OR-Library,816,866,0.2,Nominal-LP,,1020976.3125,,,,,0.01797480002278462,True,,,,,deterministic (mean only),0.0,1.0,1021265.4458105387,12564.114133870422,941.575646153425,3566.4481550508954,400
cap59,OR-Library,816,866,0.2,TSAR-No-calib,,1268465.0148334722,1268465.0148334722,13783.422416063184,1241449.5068979883,1295480.5227689561,0.7165825999982189,True,0,2.0,0.97,fixed_γ=2.0,No-calibration(fixed γ=2.0),0.945,0.05500000000000005,1268764.4589627853,13568.088556045277,0.0005215390577794348,0.03365190478226299,400
cap59,OR-Library,816,866,0.2,HiGHS-SAA,,1208466.3097161835,,,,,53.53712470000028,True,,,,,100,0.1925,0.8075,1208535.057140036,12363.137154666641,17.34532289697544,900.5498650704966,400
cap59,OR-Library,816,866,0.3,TSAR-LP,,2322569.482479954,2322569.482479954,36583.449662281615,2250865.921141882,2394273.0438180263,5.6741875000006985,True,0,5.0,1.0,BS_only,BS-only(γ=5.0),1.0,0.0,2323095.118670613,35937.62084693723,0.0,0.0,400
cap59,OR-Library,816,866,0.3,Bertsimas-Sim(γ=3.0),,1973884.210564173,,,,,0.41516620002221316,True,,3.0,1.0,,parametric robust (γ=3.0),1.0,0.0,1675611.049522484,25310.367617077765,0.0,0.0,400
cap59,OR-Library,816,866,0.3,Nominal-LP,,1020976.3124999999,,,,,0.02146979997633025,True,,,,,deterministic (mean only),0.0,1.0,1021410.0124658075,18846.171200797013,1412.3634692253154,5349.672232554836,400
cap59,OR-Library,816,866,0.3,TSAR-No-calib,,1411267.507307406,1411267.507307406,22654.87805382163,1366863.9463219156,1455671.0682928965,0.7044883999915328,True,0,2.0,0.97,fixed_γ=2.0,No-calibration(fixed γ=2.0),0.9475,0.05249999999999999,1411815.7587262327,22322.05406491111,0.0008105401296616124,0.05607202536008682,400
cap59,OR-Library,816,866,0.3,HiGHS-SAA,,1306674.4939194839,,,,,57.6754449,True,,,,,100,0.12,0.88,1306809.8578387033,19813.52408032667,30.400598655638163,1640.1870290747454,400
cap61,OR-Library,816,866,0.05,TSAR-LP,,1062021.932835181,1062021.932835181,3187.4128572588006,1055774.6036349537,1068269.2620354083,5.2495347000076436,True,0,5.0,1.0,BS_only,BS-only(γ=5.0),1.0,0.0,1062066.0569676172,3222.3513482372964,0.0,0.0,400
cap61,OR-Library,816,866,0.05,Bertsimas-Sim(γ=3.0),,1043191.9402480223,,,,,0.3912969999946654,True,,3.0,1.0,,parametric robust (γ=3.0),1.0,0.0,1007241.1236113008,3215.9736214519908,0.0,0.0,400
cap61,OR-Library,816,866,0.05,Nominal-LP,,932615.7499999998,,,,,0.023707899992587045,True,,,,,deterministic (mean only),0.0,1.0,932674.4602503091,3063.8368236291294,0.05038499479036045,0.07897846362980007,400
cap61,OR-Library,816,866,0.05,TSAR-No-calib,,981480.6961193674,981480.6961193674,3100.919078839841,975402.8947248413,987558.4975138934,0.6492755999788642,True,0,2.0,0.96,fixed_γ=2.0,No-calibration(fixed γ=2.0),0.935,0.06499999999999995,981535.9751080397,3195.135694587207,0.00018445896612147978,0.00777722109534329,400
cap61,OR-Library,816,866,0.05,HiGHS-SAA,,974121.389814509,,,,,43.31807929999195,True,,,,,100,0.355,0.645,974286.8088062113,3169.2478404084977,0.0035546973664940416,0.02547453892368301,400
cap61,OR-Library,816,866,0.1,TSAR-LP,,1211049.6661286973,1211049.6661286973,6994.190424650089,1197341.0528963832,1224758.2793610115,5.3275722000107635,True,0,5.0,1.0,BS_only,BS-only(γ=5.0),1.0,0.0,1211149.882269441,6952.4873464221955,0.0,0.0,400
cap61,OR-Library,816,866,0.1,Bertsimas-Sim(γ=3.0),,1164614.91809304,,,,,0.3859271999972407,True,,3.0,1.0,,parametric robust (γ=3.0),1.0,0.0,1090457.9509125175,6469.495512322967,0.0,0.0,400
cap61,OR-Library,816,866,0.1,Nominal-LP,,932615.75,,,,,0.017416600021533668,True,,,,,deterministic (mean only),0.0,1.0,932733.1705006164,6127.673647242503,5.415643398501616,371.339623320222,400
cap61,OR-Library,816,866,0.1,TSAR-No-calib,,1033337.0110667634,1033337.0110667634,6409.969084346702,1020773.4716614439,1045900.5504720829,0.7022081000031903,True,0,2.0,0.96,fixed_γ=2.0,No-calibration(fixed γ=2.0),0.9375,0.0625,1033459.4367296717,6587.970973414845,0.0003436411758863114,0.015810964815799577,400
cap61,OR-Library,816,866,0.1,HiGHS-SAA,,1016884.4068550932,,,,,48.36206169999787,True,,,,,100,0.3475,0.6525000000000001,1017243.6695549801,6514.372341498436,0.007103514549481715,0.052258646072496084,400
cap61,OR-Library,816,866,0.2,TSAR-LP,,1571820.6950820638,1571820.6950820638,17121.2873359124,1538262.9719036755,1605378.418260452,5.313732899987372,True,0,5.0,1.0,BS_only,BS-only(γ=5.0),1.0,0.0,1572030.6477493513,16740.308885218805,0.0,0.0,400
cap61,OR-Library,816,866,0.2,Bertsimas-Sim(γ=3.0),,1441583.2705159045,,,,,0.4044094999844674,True,,3.0,1.0,,parametric robust (γ=3.0),1.0,0.0,1277122.7672458284,14406.92920115211,0.0,0.0,400
cap61,OR-Library,816,866,0.2,Nominal-LP,,932615.75,,,,,0.016495099989697337,True,,,,,deterministic (mean only),0.0,1.0,932850.5910012308,12255.347294469244,82.29836870949195,1741.6792466137802,400
cap61,OR-Library,816,866,0.2,TSAR-No-calib,,1148868.6723735565,1148868.6723735565,13479.141459165117,1122449.5551135929,1175287.7896335202,0.6636139999900479,True,0,2.0,0.96,fixed_γ=2.0,No-calibration(fixed γ=2.0),0.95,0.050000000000000044,1149006.193335562,13414.876336099036,0.0005042001759641592,0.03291447701505163,400
cap61,OR-Library,816,866,0.2,HiGHS-SAA,,nan,,,,,49.55168189998949,False,,,,,100,0.0,1.0,0.0,0.0,1.1301011312118112,1.1801298875219512,400
cap61,OR-Library,816,866,0.3,TSAR-LP,,2063266.9760818146,2063266.9760818146,32890.81965514656,1998800.9695577275,2127732.982605902,5.429205799999181,True,0,5.0,1.0,BS_only,BS-only(γ=5.0),1.0,0.0,2064044.0782122768,32014.69133109356,0.0,0.0,400
cap61,OR-Library,816,866,0.3,Bertsimas-Sim(γ=3.0),,1777566.949151295,,,,,0.42802880000090227,True,,3.0,1.0,,parametric robust (γ=3.0),1.0,0.0,1493182.985395126,24141.914458737287,0.0,0.0,400
cap61,OR-Library,816,866,0.3,Nominal-LP,,932615.7499999999,,,,,0.022553499991772696,True,,,,,deterministic (mean only),0.0,1.0,932968.0115018453,18383.020941696,216.74089641870967,3112.0188699073383,400
cap61,OR-Library,816,866,0.3,TSAR-No-calib,,1277034.066888567,1277034.066888567,21841.03835676346,1234225.6317093107,1319842.5020678234,0.6698193000047468,True,0,2.0,0.96,fixed_γ=2.0,No-calibration(fixed γ=2.0),0.9475,0.05249999999999999,1277166.4726717714,21610.38711824162,0.0011079623293555698,0.07154350571302334,400
cap61,OR-Library,816,866,0.3,HiGHS-SAA,,1195994.2014733113,,,,,50.990229400020326,True,,,,,100,0.18,0.8200000000000001,1197294.1367918723,19978.730445772635,236.86365262791844,39169.70637573246,400
cap62,OR-Library,816,866,0.05,TSAR-LP,,1115855.9231150793,1115855.9231150793,3306.21066607001,1109375.750209582,1122336.0960205765,5.519855600025039,True,0,5.0,1.0,BS_only,BS-only(γ=5.0),1.0,0.0,1115925.9179784239,3372.0071975821447,0.0,0.0,400
cap62,OR-Library,816,866,0.05,Bertsimas-Sim(γ=3.0),,1095280.3997312968,,,,,0.40509439999004826,True,,3.0,1.0,,parametric robust (γ=3.0),1.0,0.0,1057708.0587687225,3239.0559582687056,0.0,0.0,400
cap62,OR-Library,816,866,0.05,Nominal-LP,,977799.3999999999,,,,,0.01784290000796318,True,,,,,deterministic (mean only),0.0,1.0,977889.1438682249,3113.1997965710448,0.05020354264322695,0.07897845857635405,400
cap62,OR-Library,816,866,0.05,TSAR-No-calib,,1030171.7091757744,1030171.7091757744,3134.4147548570336,1024028.2562562546,1036315.1620952941,0.7095710999856237,True,0,2.0,0.96,fixed_γ=2.0,No-calibration(fixed γ=2.0),0.9225,0.07750000000000001,1030261.9754417482,3216.3550338485206,0.00019006921744758667,0.00777723708157918,400
cap62,OR-Library,816,866,0.05,HiGHS-SAA,,nan,,,,,47.350133100000676,False,,,,,100,0.0,1.0,0.0,0.0,1.032525288341805,1.045032478859343,400
cap62,OR-Library,816,866,0.1,TSAR-LP,,1273756.5961047832,1273756.5961047832,7110.921956248528,1259819.189070536,1287694.0031390304,5.604625200008741,True,0,5.0,1.0,BS_only,BS-only(γ=5.0),1.0,0.0,1273768.1425165066,6987.5034208164625,0.0,0.0,400
cap62,OR-Library,816,866,0.1,Bertsimas-Sim(γ=3.0),,1223536.1185494557,,,,,0.41340720001608133,True,,3.0,1.0,,parametric robust (γ=3.0),1.0,0.0,1144883.2148526541,6910.91156005408,0.0,0.0,400
cap62,OR-Library,816,866,0.1,Nominal-LP,,977799.4,,,,,0.01989509997656569,True,,,,,deterministic (mean only),0.0,1.0,977978.887736447,6226.399593125381,5.415226777091096,371.3396233382903,400
cap62,OR-Library,816,866,0.1,TSAR-No-calib,,1086036.3309868714,1086036.3309868714,6472.733104671821,1073349.7741017146,1098722.8878720282,0.7070982999866828,True,0,2.0,0.95,fixed_γ=2.0,No-calibration(fixed γ=2.0),0.9425,0.057499999999999996,1086195.3113450112,6641.503058509559,0.000307685949750144,0.015230466371587648,400
cap62,OR-Library,816,866,0.1,HiGHS-SAA,,nan,,,,,49.17879440000979,False,,,,,100,0.0,1.0,0.0,0.0,1.0650505692984737,1.0900649484135456,400
cap62,OR-Library,816,866,0.2,TSAR-LP,,1657913.2910197107,1657913.2910197107,17489.3865652706,1623634.0933517804,1692192.488687641,5.700184499990428,True,0,5.0,1.0,BS_only,BS-only(γ=5.0),1.0,0.0,1658237.5523201437,17105.286308065755,0.0,0.0,400
cap62,OR-Library,816,866,0.2,Bertsimas-Sim(γ=3.0),,1515269.635024112,,,,,0.45538879997911863,True,,3.0,1.0,,parametric robust (γ=3.0),1.0,0.0,1342328.2578005367,14547.658114850366,0.0,0.0,400
cap62,OR-Library,816,866,0.2,Nominal-LP,,977799.4,,,,,0.018813100003171712,True,,,,,deterministic (mean only),0.0,1.0,978158.3754728911,12452.799186234044,82.29763913346673,1741.6792466318475,400
cap62,OR-Library,816,866,0.2,TSAR-No-calib,,1208186.8375518147,1208186.8375518147,13696.608200383127,1181341.4854790638,1235032.1896245657,0.6924744000134524,True,0,2.0,0.97,fixed_γ=2.0,No-calibration(fixed γ=2.0),0.9425,0.057499999999999996,1208368.830743643,13502.562501135395,0.0005667884132155371,0.03365189097574928,400
cap62,OR-Library,816,866,0.2,HiGHS-SAA,,1159504.6814325189,,,,,52.78877390001435,True,,,,,100,0.205,0.795,1159808.1548598679,12599.362992647159,53.719643484855844,8081.5942607836,400
cap62,OR-Library,816,866,0.3,TSAR-LP,,2170943.062102556,2170943.062102556,33929.748470854596,2104440.755099681,2237445.3691054313,5.671501400007401,True,0,5.0,1.0,BS_only,BS-only(γ=5.0),1.0,0.0,2171626.8084198553,33132.247658990505,0.0,0.0,400
cap62,OR-Library,816,866,0.3,Bertsimas-Sim(γ=3.0),,1873008.737392716,,,,,0.42844879999756813,True,,3.0,1.0,,parametric robust (γ=3.0),1.0,0.0,1569112.555532481,25083.755227920294,0.0,0.0,400
cap62,OR-Library,816,866,0.3,Nominal-LP,,977799.4,,,,,0.01813470001798123,True,,,,,deterministic (mean only),0.0,1.0,978337.863209335,18679.19877934271,216.73983106390625,3112.0188699254054,400
cap62,OR-Library,816,866,0.3,TSAR-No-calib,,1342296.6103858887,1342296.6103858887,22233.000020685227,1298719.9303453458,1385873.2904264317,0.7237436999857891,True,0,2.0,0.97,fixed_γ=2.0,No-calibration(fixed γ=2.0),0.9425,0.057499999999999996,1342343.395152552,21821.480689837448,0.0008824738859559315,0.05607199219503145,400
cap62,OR-Library,816,866,0.3,HiGHS-SAA,,nan,,,,,58.10138079998433,False,,,,,100,0.0,1.0,0.0,0.0,1.195151693125149,1.2701948266303567,400
cap63,OR-Library,816,866,0.05,TSAR-LP,,1154753.1176403153,1154753.1176403153,3303.5089224409785,1148278.240152331,1161227.9951282996,5.747890099999495,True,0,5.0,1.0,BS_only,BS-only(γ=5.0),1.0,0.0,1154829.8869922054,3328.969712615288,0.0,0.0,400
cap63,OR-Library,816,866,0.05,Bertsimas-Sim(γ=3.0),,1131920.2874407836,,,,,0.4342015000001993,True,,3.0,1.0,,parametric robust (γ=3.0),1.0,0.0,1094778.3323047746,3249.190302191379,0.0,0.0,400
cap63,OR-Library,816,866,0.05,Nominal-LP,,1012407.6624999999,,,,,0.016978499974356964,True,,,,,deterministic (mean only),0.0,1.0,1012501.0344453618,3104.1945644558573,212.27411733436304,881.1220998768039,400
cap63,OR-Library,816,866,0.05,TSAR-No-calib,,1066426.7545930874,1066426.7545930874,3159.2485910269506,1060234.6273546745,1072618.8818315002,0.6902851999911945,True,0,2.0,0.96,fixed_γ=2.0,No-calibration(fixed γ=2.0),0.9375,0.0625,1066520.6066679377,3208.925996215356,0.00015510875306512444,0.007257931242311777,400
cap63,OR-Library,816,866,0.05,HiGHS-SAA,,1057840.831254379,,,,,53.758515599998645,True,,,,,100,0.33,0.6699999999999999,1058020.9116354992,3140.4324071109168,3.606692864624882,211.45169076897858,400
cap63,OR-Library,816,866,0.1,TSAR-LP,,1322105.3265652738,1322105.3265652736,7080.494834712014,1308227.556689238,1335983.0964413092,5.680590800009668,True,0,5.0,1.0,BS_only,BS-only(γ=5.0),1.0,0.0,1322288.094341244,7030.061157103848,0.0,0.0,400
cap63,OR-Library,816,866,0.1,Bertsimas-Sim(γ=3.0),,1262357.2911804595,,,,,0.4353479999990668,True,,3.0,1.0,,parametric robust (γ=3.0),1.0,0.0,1190976.5757418922,6380.799840621197,0.0,0.0,400
cap63,OR-Library,816,866,0.1,Nominal-LP,,1012407.6625,,,,,0.016930599987972528,True,,,,,deterministic (mean only),0.0,1.0,1012594.4063907224,6208.389128895113,424.5482346611675,1762.2441997122926,400
cap63,OR-Library,816,866,0.1,TSAR-No-calib,,1125035.8041800838,1125035.8041800838,6473.444602295597,1112347.8527595843,1137723.7556005833,0.6894885000074282,True,0,2.0,0.97,fixed_γ=2.0,No-calibration(fixed γ=2.0),0.9375,0.0625,1125185.0181461312,6519.31372405244,0.0002945542687679456,0.015230514788973082,400
cap63,OR-Library,816,866,0.1,HiGHS-SAA,,1103802.7222998159,,,,,53.32832589998725,True,,,,,100,0.2025,0.7975,1104076.5487379828,6295.493836775261,5.491502308148847,318.4420011226649,400
cap63,OR-Library,816,866,0.2,TSAR-LP,,1720238.5151983837,1720238.5151983837,18069.236708894372,1684822.8112489507,1755654.2191478168,5.7039253000111785,True,0,5.0,1.0,BS_only,BS-only(γ=5.0),1.0,0.0,1720659.8315014846,17736.36496412979,0.0,0.0,400
cap63,OR-Library,816,866,0.2,Bertsimas-Sim(γ=3.0),,1563585.2315617683,,,,,0.43828950001625344,True,,3.0,1.0,,parametric robust (γ=3.0),1.0,0.0,1395568.3012483534,14713.933046913708,0.0,0.0,400
cap63,OR-Library,816,866,0.2,Nominal-LP,,1012407.6625,,,,,0.02824260000488721,True,,,,,deterministic (mean only),0.0,1.0,1012781.1502814431,12416.778257773582,849.0964693147776,3524.4883993832677,400
cap63,OR-Library,816,866,0.2,TSAR-No-calib,,1254361.4486953346,1254361.4486953346,13554.206269607363,1227795.2044069043,1280927.692983765,0.7118670000054408,True,0,2.0,0.97,fixed_γ=2.0,No-calibration(fixed γ=2.0),0.945,0.05500000000000005,1254698.2632443493,13435.020090616803,0.0005215413569438571,0.03365193884693962,400
cap63,OR-Library,816,866,0.2,HiGHS-SAA,,1196992.4467081504,,,,,58.45707740000216,True,,,,,100,0.17,0.83,1197529.6109972608,12186.882222948501,46.034314902922326,6413.370056916378,400
cap63,OR-Library,816,866,0.3,TSAR-LP,,2260408.410669144,2260408.410669144,35296.56011609529,2191227.152841597,2329589.6684966907,5.736975600011647,True,0,5.0,1.0,BS_only,BS-only(γ=5.0),1.0,0.0,2261164.3146618186,34468.20265413838,0.0,0.0,400
cap63,OR-Library,816,866,0.3,Bertsimas-Sim(γ=3.0),,1933688.7031049798,,,,,0.45998230000259355,True,,3.0,1.0,,parametric robust (γ=3.0),1.0,0.0,1633588.2144054763,25287.336623976145,0.0,0.0,400
cap63,OR-Library,816,866,0.3,Nominal-LP,,1012407.6624999999,,,,,0.017423100012820214,True,,,,,deterministic (mean only),0.0,1.0,1012967.8941721639,18625.167386652065,1273.6447039683865,5286.732599054239,400
cap63,OR-Library,816,866,0.3,TSAR-No-calib,,1395171.5783495815,1395171.5783495815,22237.947035658523,1351585.2021596907,1438757.9545394722,0.7067642000038177,True,0,2.0,0.97,fixed_γ=2.0,No-calibration(fixed γ=2.0),0.9475,0.05249999999999999,1395765.9325401497,22070.893305467052,0.0008105418323212663,0.056072066250488994,400
cap63,OR-Library,816,866,0.3,HiGHS-SAA,,1293743.5032216387,,,,,58.31319590000203,True,,,,,100,0.12,0.88,1294155.3740302608,18643.17777285165,30.80146232099692,1675.588420609789,400
cap64,OR-Library,816,866,0.05,TSAR-LP,,1192414.5962785715,1192414.5962785713,3272.316661419628,1186000.855622189,1198828.3369349537,5.944332200015197,True,0,5.0,1.0,BS_only,BS-only(γ=5.0),1.0,0.0,1192490.904025787,3212.7174845135487,0.0,0.0,400
cap64,OR-Library,816,866,0.05,Bertsimas-Sim(γ=3.0),,1165355.2009966325,,,,,0.45859439999912865,True,,3.0,1.0,,parametric robust (γ=3.0),1.0,0.0,1130987.4723089188,3075.4067567887346,0.0,0.0,400
cap64,OR-Library,816,866,0.05,Nominal-LP,,1044928.6874999998,,,,,0.017293899989454076,True,,,,,deterministic (mean only),0.0,1.0,1044998.2778091424,3100.1381833742453,201.38421303944872,831.7341472023578,400
cap64,OR-Library,816,866,0.05,TSAR-No-calib,,1101599.2040003163,1101599.2040003163,3066.741607789022,1095588.3904490499,1107610.0175515828,0.7232037000067066,True,0,2.0,0.97,fixed_γ=2.0,No-calibration(fixed γ=2.0),0.9425,0.057499999999999996,1101668.8989931277,3006.5999647250997,0.00010596710095224306,0.007257965934562849,400
cap64,OR-Library,816,866,0.05,HiGHS-SAA,,1091580.7482481652,,,,,54.77750709999236,True,,,,,100,0.3925,0.6074999999999999,1091766.214574801,2992.2928561169033,4.228674652927165,218.48851126917106,400
cap64,OR-Library,816,866,0.1,TSAR-LP,,1362168.5336337064,1362168.5336337064,7309.061387484953,1347842.773314236,1376494.2939531768,5.811997700016946,True,0,5.0,1.0,BS_only,BS-only(γ=5.0),1.0,0.0,1362255.6662080185,7206.6009101113505,0.0,0.0,400
cap64,OR-Library,816,866,0.1,Bertsimas-Sim(γ=3.0),,1299125.1938958326,,,,,0.4342289000051096,True,,3.0,1.0,,parametric robust (γ=3.0),1.0,0.0,1224737.8744754184,6574.9969762475785,0.0,0.0,400
cap64,OR-Library,816,866,0.1,Nominal-LP,,1044928.6875,,,,,0.018174400000134483,True,,,,,deterministic (mean only),0.0,1.0,1045067.868118285,6200.276366731484,402.768426074908,1663.468294341538,400
cap64,OR-Library,816,866,0.1,TSAR-No-calib,,1161181.775555808,1161181.775555808,6402.916895959434,1148632.0584397276,1173731.4926718886,0.7570524000038859,True,0,2.0,0.97,fixed_γ=2.0,No-calibration(fixed γ=2.0),0.945,0.05500000000000005,1161330.776648041,6284.5726351270505,0.0002088044683095405,0.015230528483831218,400
cap64,OR-Library,816,866,0.1,HiGHS-SAA,,1137865.3290865056,,,,,55.29846840002574,True,,,,,100,0.37,0.63,1137953.3439962985,5558.608037523986,4.63385188248705,262.7091852640234,400
cap64,OR-Library,816,866,0.2,TSAR-LP,,1784876.6494356277,1784876.6494356277,18810.851441554605,1748007.3806101808,1821745.9182610747,5.791206299967598,True,0,5.0,1.0,BS_only,BS-only(γ=5.0),1.0,0.0,1785272.4386522768,18491.38877866073,0.0,0.0,400
cap64,OR-Library,816,866,0.2,Bertsimas-Sim(γ=3.0),,1610995.7305157685,,,,,0.45770859997719526,True,,3.0,1.0,,parametric robust (γ=3.0),1.0,0.0,1437615.2617392866,15140.26547339179,0.0,0.0,400
cap64,OR-Library,816,866,0.2,Nominal-LP,,1044928.6875,,,,,0.01765340002020821,True,,,,,deterministic (mean only),0.0,1.0,1045207.0487365702,12400.552733445928,805.5368521458275,3326.9365886198952,400
cap64,OR-Library,816,866,0.2,TSAR-No-calib,,1291865.9714966135,1291865.9714966135,13944.831889636724,1264534.1009929255,1319197.8420003015,0.7069047999684699,True,0,2.0,0.97,fixed_γ=2.0,No-calibration(fixed γ=2.0),0.9475,0.05249999999999999,1292022.7869461605,13737.422112285221,0.0006038320009013659,0.03562759069967503,400
cap64,OR-Library,816,866,0.2,HiGHS-SAA,,1234965.4576840585,,,,,63.11575920000905,True,,,,,100,0.2825,0.7175,1235025.0200923365,12371.371572552138,19.441660367286588,1054.6051977666552,400
cap64,OR-Library,816,866,0.3,TSAR-LP,,2386857.0779442843,2386857.0779442843,37228.00178748179,2313890.19444082,2459823.961447749,5.7804141999804415,True,0,5.0,1.0,BS_only,BS-only(γ=5.0),1.0,0.0,2387188.759631399,36863.98483975982,0.0,0.0,400
cap64,OR-Library,816,866,0.3,Bertsimas-Sim(γ=3.0),,2005725.9767002817,,,,,0.4344641999923624,True,,3.0,1.0,,parametric robust (γ=3.0),1.0,0.0,1691222.7418910963,26284.72195408743,0.0,0.0,400
cap64,OR-Library,816,866,0.3,Nominal-LP,,1044928.6874999999,,,,,0.027613199956249446,True,,,,,deterministic (mean only),0.0,1.0,1045346.2293548554,18600.8291001604,1208.3054776888675,4990.404882898254,400
cap64,OR-Library,816,866,0.3,TSAR-No-calib,,1437421.7498228096,1437421.7498228096,23013.231154140005,1392315.816760695,1482527.682884924,0.7055763999815099,True,0,2.0,0.97,fixed_γ=2.0,No-calibration(fixed γ=2.0),0.9475,0.05249999999999999,1437711.214543578,22710.39195994587,0.0010101487290986666,0.05810799997638183,400
cap64,OR-Library,816,866,0.3,HiGHS-SAA,,1337988.9627089847,,,,,67.41427820001263,True,,,,,100,0.18,0.8200000000000001,1338274.468482569,19348.1615106593,33.45989171969275,1869.4823433809725,400
cap71,OR-Library,816,866,0.05,TSAR-LP,,1061311.60406433,1061311.60406433,3174.593241929907,1055089.4013101475,1067533.8068185125,5.2374089999939315,True,0,5.0,1.0,BS_only,BS-only(γ=5.0),1.0,0.0,1061341.006534085,3171.225638726734,0.0,0.0,400
cap71,OR-Library,816,866,0.05,Bertsimas-Sim(γ=3.0),,1043003.9165124744,,,,,0.37710710003739223,True,,3.0,1.0,,parametric robust (γ=3.0),1.0,0.0,1008442.7364867922,3048.2754881975357,0.0,0.0,400
cap71,OR-Library,816,866,0.05,Nominal-LP,,932615.7499999998,,,,,0.02073640003800392,True,,,,,deterministic (mean only),0.0,1.0,932674.4602503091,3063.8368236291267,0.05038499479036043,0.07897846362979985,400
cap71,OR-Library,816,866,0.05,TSAR-No-calib,,981480.6961193681,981480.6961193681,3100.919078839846,975402.8947248419,987558.4975138942,0.6669841000111774,True,0,2.0,0.96,fixed_γ=2.0,No-calibration(fixed γ=2.0),0.935,0.06499999999999995,981535.9751080406,3195.135694587215,0.00018445896612148034,0.0077772210953424015,400
cap71,OR-Library,816,866,0.05,HiGHS-SAA,,974121.3898182199,,,,,43.925107199989725,True,,,,,100,0.355,0.645,974286.8088096344,3169.2478411206844,0.0035546974042414727,0.025474538771495192,400
cap71,OR-Library,816,866,0.1,TSAR-LP,,1208841.3951755739,1208841.3951755739,6981.777235176862,1195157.1117946273,1222525.6785565205,5.260528800019529,True,0,5.0,1.0,BS_only,BS-only(γ=5.0),1.0,0.0,1208939.9602760389,6967.108244930406,0.0,0.0,400
cap71,OR-Library,816,866,0.1,Bertsimas-Sim(γ=3.0),,1162715.3464394773,,,,,0.4191092000110075,True,,3.0,1.0,,parametric robust (γ=3.0),1.0,0.0,1088527.7716118083,6478.169589544087,0.0,0.0,400
cap71,OR-Library,816,866,0.1,Nominal-LP,,932615.75,,,,,0.01886079995892942,True,,,,,deterministic (mean only),0.0,1.0,932733.1705006164,6127.673647242499,0.1007699768997738,0.15795691595806136,400
cap71,OR-Library,816,866,0.1,TSAR-No-calib,,1034252.3453408435,1034252.3453408435,6227.95806437156,1022045.5475346753,1046459.1431470118,0.6611520999576896,True,0,2.0,0.95,fixed_γ=2.0,No-calibration(fixed γ=2.0),0.9375,0.0625,1034313.3251140267,6220.003995958324,0.0003436411546337702,0.015810964785719417,400
cap71,OR-Library,816,866,0.1,HiGHS-SAA,,1016884.4068295594,,,,,45.72414220002247,True,,,,,100,0.3475,0.6525000000000001,1017243.6695295381,6514.372341392476,0.007103514557013386,0.052258646080152404,400
cap71,OR-Library,816,866,0.2,TSAR-LP,,1569030.1406036469,1569030.1406036469,17100.12928628925,1535513.88720252,1602546.3940047738,5.743100499967113,True,0,5.0,1.0,BS_only,BS-only(γ=5.0),1.0,0.0,1569220.893330543,16728.261849135077,0.0,0.0,400
cap71,OR-Library,816,866,0.2,Bertsimas-Sim(γ=3.0),,1439370.4757236207,,,,,0.45808569999644533,True,,3.0,1.0,,parametric robust (γ=3.0),1.0,0.0,1275302.2653443587,14398.31401267795,0.0,0.0,400
cap71,OR-Library,816,866,0.2,Nominal-LP,,932615.75,,,,,0.021920000028330833,True,,,,,deterministic (mean only),0.0,1.0,932850.5910012308,12255.347294469246,0.20153994111860044,0.31591382061458334,400
cap71,OR-Library,816,866,0.2,TSAR-No-calib,,1146785.2774353053,1146785.2774353053,13457.832879830523,1120407.9249908375,1173162.6298797731,0.7010024999617599,True,0,2.0,0.94,fixed_γ=2.0,No-calibration(fixed γ=2.0),0.9475,0.05249999999999999,1146920.1276859497,13436.840336520941,0.000562295742734795,0.03291448111374132,400
cap71,OR-Library,816,866,0.2,HiGHS-SAA,,nan,,,,,50.948124399990775,False,,,,,100,0.0,1.0,0.0,0.0,1.1301011312118112,1.1801298875219512,400
cap71,OR-Library,816,866,0.3,TSAR-LP,,2059665.9133224748,2059665.9133224748,32763.936810926476,1995448.597173059,2123883.2294718907,5.392882999964058,True,0,5.0,1.0,BS_only,BS-only(γ=5.0),1.0,0.0,2060415.9009411633,31868.168972870808,0.0,0.0,400
cap71,OR-Library,816,866,0.3,Bertsimas-Sim(γ=3.0),,1774220.597960165,,,,,0.3891116000013426,True,,3.0,1.0,,parametric robust (γ=3.0),1.0,0.0,1490657.0762145894,24127.29067975032,0.0,0.0,400
cap71,OR-Library,816,866,0.3,Nominal-LP,,932615.7499999999,,,,,0.017312100040726364,True,,,,,deterministic (mean only),0.0,1.0,932968.0115018453,18383.020941696,0.30230990533742713,0.47387072527110524,400
cap71,OR-Library,816,866,0.3,TSAR-No-calib,,1275228.3782614602,1275228.3782614602,21821.858682055645,1232457.535244631,1317999.2212782893,0.6857493999996223,True,0,2.0,0.95,fixed_γ=2.0,No-calibration(fixed γ=2.0),0.9475,0.05249999999999999,1275338.5641963116,21597.464351571612,0.00110796246774452,0.07154350900885206,400
cap71,OR-Library,816,866,0.3,HiGHS-SAA,,1195175.4508317185,,,,,53.626849699998274,True,,,,,100,0.2075,0.7925,1196369.4772526694,19886.043851531173,185.24606206458068,33275.93637825642,400
cap72,OR-Library,816,866,0.05,TSAR-LP,,1116405.4156188508,1116405.4156188508,3203.800573887588,1110125.9664940313,1122684.8647436704,5.558517099998426,True,0,5.0,1.0,BS_only,BS-only(γ=5.0),1.0,0.0,1116442.8617052918,3167.13729627176,0.0,0.0,400
cap72,OR-Library,816,866,0.05,Bertsimas-Sim(γ=3.0),,1095092.3759527258,,,,,0.4092329000122845,True,,3.0,1.0,,parametric robust (γ=3.0),1.0,0.0,1058909.6717449352,3081.0646636115525,0.0,0.0,400
cap72,OR-Library,816,866,0.05,Nominal-LP,,977799.3999999999,,,,,0.017961099976673722,True,,,,,deterministic (mean only),0.0,1.0,977889.1438682249,3113.199796571044,0.05020354264322693,0.07897845857635405,400
cap72,OR-Library,816,866,0.05,TSAR-No-calib,,1030171.7091757741,1030171.7091757741,3134.4147548570268,1024028.2562562544,1036315.1620952939,0.6754833999439143,True,0,2.0,0.96,fixed_γ=2.0,No-calibration(fixed γ=2.0),0.9225,0.07750000000000001,1030261.975441748,3216.355033848517,0.00019006921744763966,0.007777237081578514,400
cap72,OR-Library,816,866,0.05,HiGHS-SAA,,nan,,,,,47.440404599998146,False,,,,,100,0.0,1.0,0.0,0.0,1.032525288341805,1.045032478859343,400
cap72,OR-Library,816,866,0.1,TSAR-LP,,1269296.5235957904,1269296.5235957904,7085.247030084526,1255409.4394168246,1283183.6077747562,5.5847444999963045,True,0,5.0,1.0,BS_only,BS-only(γ=5.0),1.0,0.0,1269304.8518858724,6991.44493892055,0.0,0.0,400
cap72,OR-Library,816,866,0.1,Bertsimas-Sim(γ=3.0),,1220266.8867149276,,,,,0.43624449998605996,True,,3.0,1.0,,parametric robust (γ=3.0),1.0,0.0,1144928.3266454162,6468.573647167213,0.0,0.0,400
cap72,OR-Library,816,866,0.1,Nominal-LP,,977799.4,,,,,0.02855210000416264,True,,,,,deterministic (mean only),0.0,1.0,977978.887736447,6226.399593125381,0.10040707100663326,0.15795691090461514,400
cap72,OR-Library,816,866,0.1,TSAR-No-calib,,1086951.6653150641,1086951.6653150641,6292.537750332524,1074618.2913244125,1099285.0393057158,0.7026994000189006,True,0,2.0,0.94,fixed_γ=2.0,No-calibration(fixed γ=2.0),0.9425,0.057499999999999996,1087049.1997777068,6275.1802303708,0.000307685937721099,0.015230472421651653,400
cap72,OR-Library,816,866,0.1,HiGHS-SAA,,1067639.4773650789,,,,,55.52549430000363,True,,,,,100,0.2425,0.7575000000000001,1067885.5741507232,6469.945204735336,0.006345607177512956,0.039746390995112346,400
cap72,OR-Library,816,866,0.2,TSAR-LP,,1653257.1590128653,1653257.1590128657,17431.29543679316,1619091.819956751,1687422.4980689804,5.700968400051352,True,0,5.0,1.0,BS_only,BS-only(γ=5.0),1.0,0.0,1653558.8775906449,17040.446780699443,0.0,0.0,400
cap72,OR-Library,816,866,0.2,Bertsimas-Sim(γ=3.0),,1510145.6075341518,,,,,0.43441250000614673,True,,3.0,1.0,,parametric robust (γ=3.0),1.0,0.0,1337312.77103557,14561.799944589495,0.0,0.0,400
cap72,OR-Library,816,866,0.2,Nominal-LP,,977799.4,,,,,0.01661190000595525,True,,,,,deterministic (mean only),0.0,1.0,978158.3754728911,12452.799186234046,0.2008141277334459,0.31591381556113735,400
cap72,OR-Library,816,866,0.2,TSAR-No-calib,,1204189.1027957797,1204189.1027957797,13653.612385735874,1177428.0225197375,1230950.183071822,0.6907214000239037,True,0,2.0,0.95,fixed_γ=2.0,No-calibration(fixed γ=2.0),0.9425,0.057499999999999996,1204365.7608086213,13504.463158616833,0.0006218235638506186,0.033651891947887425,400
cap72,OR-Library,816,866,0.2,HiGHS-SAA,,nan,,,,,53.707453900016844,False,,,,,100,0.0,1.0,0.0,0.0,1.1301011312118112,1.1801298875219512,400
cap72,OR-Library,816,866,0.3,TSAR-LP,,2160821.671020641,2160821.671020641,33655.712171360974,2094856.4751647734,2226786.8668765086,5.753917399968486,True,0,5.0,1.0,BS_only,BS-only(γ=5.0),1.0,0.0,2161502.800782531,32860.11779102596,0.0,0.0,400
cap72,OR-Library,816,866,0.3,Bertsimas-Sim(γ=3.0),,1867293.5538429474,,,,,0.43614149995846674,True,,3.0,1.0,,parametric robust (γ=3.0),1.0,0.0,1564616.4322074652,24797.026140590395,0.0,0.0,400
cap72,OR-Library,816,866,0.3,Nominal-LP,,977799.4,,,,,0.01740160002373159,True,,,,,deterministic (mean only),0.0,1.0,978337.863209335,18679.19877934271,0.3012211844602584,0.47387072021765925,400
cap72,OR-Library,816,866,0.3,TSAR-No-calib,,1337286.1782367053,1337286.1782367053,22144.14178459117,1293883.6603389066,1380688.696134504,0.7129758999799378,True,0,2.0,0.96,fixed_γ=2.0,No-calibration(fixed γ=2.0),0.9425,0.057499999999999996,1337325.3814609873,21842.693453107237,0.0009732333160611392,0.056071993273247855,400
cap72,OR-Library,816,866,0.3,HiGHS-SAA,,1251352.3517925455,,,,,59.14906919997884,True,,,,,100,0.18,0.8200000000000001,1252062.9341742445,18447.122084736184,62.633033607486496,11248.234810421602,400
cap73,OR-Library,816,866,0.05,TSAR-LP,,1151413.857612047,1151413.857612047,3145.871007920948,1145247.950436522,1157579.7647875722,5.680704099999275,True,0,5.0,1.0,BS_only,BS-only(γ=5.0),1.0,0.0,1151482.5924708694,3108.4433288132686,0.0,0.0,400
cap73,OR-Library,816,866,0.05,Bertsimas-Sim(γ=3.0),,1126617.118571352,,,,,0.43428380001569167,True,,3.0,1.0,,parametric robust (γ=3.0),1.0,0.0,1092018.3054276397,3049.3454564605067,0.0,0.0,400
cap73,OR-Library,816,866,0.05,Nominal-LP,,1010641.4499999998,,,,,0.01768430002266541,True,,,,,deterministic (mean only),0.0,1.0,1010726.0517798181,2899.541220095165,0.04962628891906142,0.085426779519357,400
cap73,OR-Library,816,866,0.05,TSAR-No-calib,,1063877.1259960795,1063877.1259960795,3024.5554827980245,1057948.9972497954,1069805.2547423637,0.6899707000120543,True,0,2.0,0.95,fixed_γ=2.0,No-calibration(fixed γ=2.0),0.9425,0.057499999999999996,1063967.206103064,3019.2651323515233,0.00012604183366852898,0.00725796140252144,400
cap73,OR-Library,816,866,0.05,HiGHS-SAA,,1054956.495357846,,,,,51.91443940001773,True,,,,,100,0.2475,0.7525,1055219.969965405,2960.3970236573605,0.941182308845758,171.70460492582367,400
cap73,OR-Library,816,866,0.1,TSAR-LP,,1311182.9637122434,1311182.9637122434,6944.615245363689,1297571.5178313304,1324794.4095931563,5.785386900010053,True,0,5.0,1.0,BS_only,BS-only(γ=5.0),1.0,0.0,1311329.2338265942,6912.920610448128,0.0,0.0,400
cap73,OR-Library,816,866,0.1,Bertsimas-Sim(γ=3.0),,1253888.4088172982,,,,,0.44108829996548593,True,,3.0,1.0,,parametric robust (γ=3.0),1.0,0.0,1182475.853278169,6303.387599270867,0.0,0.0,400
cap73,OR-Library,816,866,0.1,Nominal-LP,,1010641.45,,,,,0.01785619999282062,True,,,,,deterministic (mean only),0.0,1.0,1010810.6535596347,5799.082440173733,0.09925256249206597,0.1708535685416258,400
cap73,OR-Library,816,866,0.1,TSAR-No-calib,,1122000.1296885035,1122000.1296885035,6172.747953533193,1109901.5436995784,1134098.7156774285,0.6954989000223577,True,0,2.0,0.95,fixed_γ=2.0,No-calibration(fixed γ=2.0),0.945,0.05500000000000005,1122135.4455812378,6092.232997680953,0.00023761806082911406,0.015230543220988713,400
cap73,OR-Library,816,866,0.1,HiGHS-SAA,,1100199.8950193622,,,,,53.531612500024494,True,,,,,100,0.2025,0.7975,1100674.5833207942,6081.259353735755,5.817123331058522,1059.2130695922751,400
cap73,OR-Library,816,866,0.2,TSAR-LP,,1706531.8463680688,1706531.8463680688,17728.49605426301,1671783.9941017134,1741279.6986344242,5.75538340001367,True,0,5.0,1.0,BS_only,BS-only(γ=5.0),1.0,0.0,1706871.521602367,17393.068831751516,0.0,0.0,400
cap73,OR-Library,816,866,0.2,Bertsimas-Sim(γ=3.0),,1552953.6100901219,,,,,0.5658854999928735,True,,3.0,1.0,,parametric robust (γ=3.0),1.0,0.0,1382961.3351980024,14442.459532839574,0.0,0.0,400
cap73,OR-Library,816,866,0.2,Nominal-LP,,1010641.45,,,,,0.018584299948997796,True,,,,,deterministic (mean only),0.0,1.0,1010979.8571192679,11598.164880330842,0.1985051096380749,0.34170714658616225,400
cap73,OR-Library,816,866,0.2,TSAR-No-calib,,1244761.0568216648,1244761.0568216648,13326.621538236002,1218640.8786067222,1270881.2350366074,0.7752707999898121,True,0,2.0,0.95,fixed_γ=2.0,No-calibration(fixed γ=2.0),0.9425,0.057499999999999996,1245041.7056592593,13242.422800440427,0.000585471421413753,0.033651941525832285,400
cap73,OR-Library,816,866,0.2,HiGHS-SAA,,1193189.6444391932,,,,,61.451544900017325,True,,,,,100,0.225,0.775,1193615.714795771,11360.95264016081,0.012639756838165189,0.08511101079027239,400
cap73,OR-Library,816,866,0.3,TSAR-LP,,2244974.6895183935,2244974.6895183935,34544.18370420708,2177268.0894581475,2312681.2895786394,5.76698449999094,True,0,5.0,1.0,BS_only,BS-only(γ=5.0),1.0,0.0,2245889.9875931344,33924.42602011345,0.0,0.0,400
cap73,OR-Library,816,866,0.3,Bertsimas-Sim(γ=3.0),,1919123.3190655673,,,,,0.4371328999986872,True,,3.0,1.0,,parametric robust (γ=3.0),1.0,0.0,1620970.1839745697,24867.621779721972,0.0,0.0,400
cap73,OR-Library,816,866,0.3,Nominal-LP,,1010641.45,,,,,0.01731700001982972,True,,,,,deterministic (mean only),0.0,1.0,1011149.0606789008,17397.247320487953,0.29775765678408384,0.5125607246306991,400
cap73,OR-Library,816,866,0.3,TSAR-No-calib,,1382657.179834573,1382657.179834573,21767.301152074262,1339993.2695765076,1425321.0900926385,0.7434388999827206,True,0,2.0,0.95,fixed_γ=2.0,No-calibration(fixed γ=2.0),0.945,0.05500000000000005,1383112.68932747,21663.68306517244,0.0009317086918644242,0.05607206686314781,400
cap73,OR-Library,816,866,0.3,HiGHS-SAA,,1289883.182996477,,,,,65.54290790000232,True,,,,,100,0.135,0.865,1290529.6169731412,18281.972978406244,0.03025138532281391,1.3582193693003344,400
cap74,OR-Library,816,866,0.05,TSAR-LP,,1181158.9554743692,1181158.9554743692,3228.5307107826666,1174831.0352812351,1187486.8756675033,5.955353899975307,True,0,5.0,1.0,BS_only,BS-only(γ=5.0),1.0,0.0,1181235.683644666,3188.7847306838867,0.0,0.0,400
cap74,OR-Library,816,866,0.05,Bertsimas-Sim(γ=3.0),,1154525.5928413642,,,,,0.46228909998899326,True,,3.0,1.0,,parametric robust (γ=3.0),1.0,0.0,1120038.9090275485,3060.2294696999033,0.0,0.0,400
cap74,OR-Library,816,866,0.05,Nominal-LP,,1034976.975,,,,,0.0291166000533849,True,,,,,deterministic (mean only),0.0,1.0,1035040.875150496,2872.8819015985137,0.050741225667020086,0.08542674389736965,400
cap74,OR-Library,816,866,0.05,TSAR-No-calib,,1090806.0899795222,1090806.0899795222,3039.7005486846515,1084848.2769041003,1096763.903054944,0.7402127999812365,True,0,2.0,0.95,fixed_γ=2.0,No-calibration(fixed γ=2.0),0.9375,0.0625,1090875.7760917863,2995.815233684825,0.00011802401670296819,0.007257986398861327,400
cap74,OR-Library,816,866,0.05,HiGHS-SAA,,1082430.319731537,,,,,51.62787549995119,True,,,,,100,0.425,0.575,1082699.0072194715,2953.2413834083445,0.0026589082070788916,0.019319618370125857,400
cap74,OR-Library,816,866,0.1,TSAR-LP,,1349643.5341684548,1349643.5341684548,7108.3259541668285,1335711.2152982878,1363575.8530386218,6.072206899989396,True,0,5.0,1.0,BS_only,BS-only(γ=5.0),1.0,0.0,1349733.9736776787,7040.119357453867,0.0,0.0,400
cap74,OR-Library,816,866,0.1,Bertsimas-Sim(γ=3.0),,1287885.9400704904,,,,,0.43976600002497435,True,,3.0,1.0,,parametric robust (γ=3.0),1.0,0.0,1213979.1333109674,6470.592308258522,0.0,0.0,400
cap74,OR-Library,816,866,0.1,Nominal-LP,,1034976.9750000001,,,,,0.020310399995651096,True,,,,,deterministic (mean only),0.0,1.0,1035104.7753009925,5745.763803180701,0.10148244084734699,0.17085353291963823,400
cap74,OR-Library,816,866,0.1,TSAR-No-calib,,1150079.0683796385,1150079.0683796385,6327.026006627692,1137678.097406648,1162480.0393526289,0.7196450000046752,True,0,2.0,0.95,fixed_γ=2.0,No-calibration(fixed γ=2.0),0.94,0.06000000000000005,1150228.634093576,6245.978518379761,0.00023462632763234878,0.015230548742890981,400
cap74,OR-Library,816,866,0.1,HiGHS-SAA,,1130337.1814107213,,,,,55.79851549997693,True,,,,,100,0.395,0.605,1130774.4369621214,6077.230875106345,0.005285560361262185,0.039790358029687445,400
cap74,OR-Library,816,866,0.2,TSAR-LP,,1762158.7107093127,1762158.7107093127,18121.13766277891,1726641.280890266,1797676.1405283595,5.851293800049461,True,0,5.0,1.0,BS_only,BS-only(γ=5.0),1.0,0.0,1762286.7772116691,17852.338070507853,0.0,0.0,400
cap74,OR-Library,816,866,0.2,Bertsimas-Sim(γ=3.0),,1596405.7568116314,,,,,0.445746399986092,True,,3.0,1.0,,parametric robust (γ=3.0),1.0,0.0,1425719.093581984,14878.949871174353,0.0,0.0,400
cap74,OR-Library,816,866,0.2,Nominal-LP,,1034976.9750000001,,,,,0.01853200001642108,True,,,,,deterministic (mean only),0.0,1.0,1035232.5756019854,11491.527606345055,0.20296487120800083,0.34170711096417494,400
cap74,OR-Library,816,866,0.2,TSAR-No-calib,,1280449.4652313162,1280449.4652313164,13613.221201285438,1253767.551676797,1307131.3787858358,0.731580900028348,True,0,2.0,0.94,fixed_γ=2.0,No-calibration(fixed γ=2.0),0.9425,0.057499999999999996,1280609.0349934378,13461.17909434625,0.0006482728947010443,0.03562760396090314,400
cap74,OR-Library,816,866,0.2,HiGHS-SAA,,1227108.7361168265,,,,,60.18252619996201,True,,,,,100,0.3075,0.6925,1227335.959968836,11632.563694747714,0.011763872745723937,0.08087454036979391,400
cap74,OR-Library,816,866,0.3,TSAR-LP,,2347450.624445624,2347450.624445624,31952.887054704028,2284822.965818404,2410078.283072844,5.873825999966357,True,0,5.0,1.0,BS_only,BS-only(γ=5.0),1.0,0.0,2347438.299837805,31435.885098276878,0.0,0.0,400
cap74,OR-Library,816,866,0.3,Bertsimas-Sim(γ=3.0),,1982841.0696420204,,,,,0.4340985000017099,True,,3.0,1.0,,parametric robust (γ=3.0),1.0,0.0,1671810.5548929053,25419.570087445867,0.0,0.0,400
cap74,OR-Library,816,866,0.3,Nominal-LP,,1034976.9750000001,,,,,0.020223099971190095,True,,,,,deterministic (mean only),0.0,1.0,1035360.3759029782,17237.29140950942,0.3044473015686546,0.5125606890087118,400
cap74,OR-Library,816,866,0.3,TSAR-No-calib,,1425572.4528610741,1425572.4528610741,22584.86978256117,1381306.1080872542,1469838.797634894,0.7455920000211336,True,0,2.0,0.95,fixed_γ=2.0,No-calibration(fixed γ=2.0),0.9475,0.05249999999999999,1425791.629268837,22318.41868876005,0.0010101496087545757,0.058108016819182096,400
cap74,OR-Library,816,866,0.3,HiGHS-SAA,,1330359.8420866223,,,,,63.71611069998471,True,,,,,100,0.205,0.795,1330891.0351989383,18875.177665494353,0.022141179719370303,0.1338437087497082,400
bell5,MIPLIB,104,91,0.05,TSAR-LP,,13114512.393376147,13114512.393376147,60883.15287754711,12995181.413736155,13233843.37301614,0.6727843999979086,True,0,5.0,1.0,BS_only,BS-only(γ=5.0),1.0,0.0,13116210.627589181,60642.67654188014,0.0,0.0,400
bell5,MIPLIB,104,91,0.05,Bertsimas-Sim(γ=3.0),,11534017.226375474,,,,,0.05640849994961172,True,,3.0,1.0,,parametric robust (γ=3.0),1.0,0.0,11214422.579074483,51529.60177604469,0.0,0.0,400
bell5,MIPLIB,104,91,0.05,Nominal-LP,,8608417.946508026,,,,,0.005118000030051917,True,,,,,deterministic (mean only),0.0,1.0,8610944.9136682,41973.78246286124,271.23209363909837,633.8809476999367,400
bell5,MIPLIB,104,91,0.05,TSAR-No-calib,,10302333.786581825,10302333.786581825,48201.85558087678,10207858.149643308,10396809.423520343,0.06452930002706125,True,0,2.0,0.98,fixed_γ=2.0,No-calibration(fixed γ=2.0),0.955,0.04500000000000004,10304920.193387695,47996.9608092885,0.0988997798275646,16.483665135912815,400
bell5,MIPLIB,104,91,0.05,HiGHS-SAA,,9947421.550507696,,,,,1.0287081000278704,True,,,,,100,0.5075,0.49250000000000005,9951098.691081546,46741.60155726414,2.961287142812065,99.74204974613713,400
bell5,MIPLIB,104,91,0.1,TSAR-LP,,18879437.956942573,18879437.956942573,177292.6531355057,18531944.356796984,19226931.557088163,0.6537431000033394,True,0,5.0,1.0,BS_only,BS-only(γ=5.0),1.0,0.0,18882828.948088054,177701.49276324766,0.0,0.0,400
bell5,MIPLIB,104,91,0.1,Bertsimas-Sim(γ=3.0),,14975119.069621444,,,,,0.058862100006081164,True,,3.0,1.0,,parametric robust (γ=3.0),1.0,0.0,14117572.601074122,132006.6995820692,0.0,0.0,400
bell5,MIPLIB,104,91,0.1,Nominal-LP,,8608417.946508026,,,,,0.0037079999456182122,True,,,,,deterministic (mean only),0.0,1.0,8613471.880836502,83947.56493109444,542.4641237485005,1267.7618244676587,400
bell5,MIPLIB,104,91,0.1,TSAR-No-calib,,12146634.715852669,12146634.715852669,112039.54063772313,11927037.21620273,12366232.215502607,0.06769560003886,True,0,2.0,0.98,fixed_γ=2.0,No-calibration(fixed γ=2.0),0.95,0.050000000000000044,12150590.954705467,111559.52688158561,0.21783024264013423,33.71462322500338,400
bell5,MIPLIB,104,91,0.1,HiGHS-SAA,,11380316.847070966,,,,,1.4009398999623954,True,,,,,100,0.4525,0.5475,11386701.712776769,103822.22890805622,6.944308539590736,202.58290941531868,400
bell5,MIPLIB,104,91,0.2,TSAR-LP,,18876020.147607006,18876020.147607006,354545.89876302774,18181110.186031472,19570930.10918254,0.6777292999904603,True,0,2.5,1.0,BS_only,BS-only(γ=2.5),1.0,0.0,18882786.92340055,355355.2033892802,0.0,0.0,400
bell5,MIPLIB,104,91,0.2,Bertsimas-Sim(γ=3.0),,nan,,,,,0.055258700042031705,False,,3.0,0.0,,parametric robust (γ=3.0),0.0,1.0,0.0,0.0,7159.296895678615,7832.473528410517,400
bell5,MIPLIB,104,91,0.2,Nominal-LP,,8608417.946508028,,,,,0.003950499987695366,True,,,,,deterministic (mean only),0.0,1.0,8618525.815173104,167895.12986756116,1084.9281839673033,2535.5235780031057,400
bell5,MIPLIB,104,91,0.2,TSAR-No-calib,,16246758.25058107,16246758.25058107,313383.5860501447,15632526.421922788,16860990.079239354,0.07736519997706637,True,0,2.0,0.98,fixed_γ=2.0,No-calibration(fixed γ=2.0),0.9475,0.05249999999999999,16250482.218261734,312536.11094579415,0.6470300986086034,70.55055438676027,400
bell5,MIPLIB,104,91,0.2,HiGHS-SAA,,14533976.472537862,,,,,1.1262731999740936,True,,,,,100,0.415,0.585,14555768.389758939,253334.8049004401,16.020031142311687,562.024360696344,400
bell5,MIPLIB,104,91,0.3,TSAR-LP,,17492916.724083915,17492916.724083915,499291.82808419794,16514304.741038887,18471528.707128942,0.4802004999946803,True,0,1.5,0.42,BS_only,BS-only(γ=1.5),0.375,0.625,17499587.04262431,498815.15469188686,35.014074223818,1322.6927429742627,400
bell5,MIPLIB,104,91,0.3,Bertsimas-Sim(γ=3.0),,nan,,,,,0.0757848999928683,False,,3.0,0.0,,parametric robust (γ=3.0),0.0,1.0,0.0,0.0,7163.945343517857,8173.710292610917,400
bell5,MIPLIB,104,91,0.3,Nominal-LP,,8608417.946508028,,,,,0.003662400005850941,True,,,,,deterministic (mean only),0.0,1.0,8623579.749509709,251842.69480402794,1627.3922441861068,3803.285331538555,400
bell5,MIPLIB,104,91,0.3,TSAR-No-calib,,0.0,0.0,0.0,0.0,0.0,0.059512400010135025,True,0,2.0,0.0,fixed_γ=2.0,No-calibration(fixed γ=2.0),0.0,1.0,0.0,0.0,7163.945343517857,8173.710292610917,400
bell5,MIPLIB,104,91,0.3,HiGHS-SAA,,18192321.90247131,,,,,1.120469499961473,True,,,,,100,0.39,0.61,18239525.29563947,486205.7391195862,28.199325574196756,901.669971683812,400
dcmulti,MIPLIB,548,212,0.05,TSAR-LP,,12740.446298194414,12740.446298194414,29.342510602084847,12682.934977414328,12797.9576189745,1.2976751999813132,True,0,5.0,1.0,BS_only,BS-only(γ=5.0),1.0,0.0,12741.51133577099,29.13789238033238,0.0,0.0,400
dcmulti,MIPLIB,548,212,0.05,Bertsimas-Sim(γ=3.0),,12599.636863967846,,,,,0.11910940002417192,True,,3.0,1.0,,parametric robust (γ=3.0),1.0,0.0,12136.683538324134,27.812943861534634,0.0,0.0,400
dcmulti,MIPLIB,548,212,0.05,Nominal-LP,,11290.2,,,,,0.008031099976506084,True,,,,,deterministic (mean only),0.0,1.0,11291.07695369532,25.964974164051807,2.063292823506817,5.020264343016251,400
dcmulti,MIPLIB,548,212,0.05,TSAR-No-calib,,11846.03808722096,11846.03808722096,27.39029959844414,11792.353100008011,11899.72307443391,0.1403540000319481,True,0,2.0,0.93,fixed_γ=2.0,No-calibration(fixed γ=2.0),0.945,0.05500000000000005,11846.984992687665,27.179277217579,0.004850488083348639,0.2922279808729371,400
dcmulti,MIPLIB,548,212,0.05,HiGHS-SAA,,11764.003063803777,,,,,9.621342300029937,True,,,,,100,0.4975,0.5025,11763.633226555332,26.566433726548674,0.07670184222418613,0.9545496066994446,400
dcmulti,MIPLIB,548,212,0.1,TSAR-LP,,13055.440241136399,13055.440241136399,60.06403588294545,12937.714730805827,13173.165751466971,1.4147631999803707,True,0,3.0,1.0,BS_only,BS-only(γ=3.0),1.0,0.0,13057.657033382548,59.66228837840156,0.0,0.0,400
dcmulti,MIPLIB,548,212,0.1,Bertsimas-Sim(γ=3.0),,14052.273655695983,,,,,0.12840430001961067,True,,3.0,1.0,,parametric robust (γ=3.0),1.0,0.0,13057.657033382548,59.66228837840156,0.0,0.0,400
dcmulti,MIPLIB,548,212,0.1,Nominal-LP,,11290.2,,,,,0.019264299946371466,True,,,,,deterministic (mean only),0.0,1.0,11291.953907331881,51.9299473326947,4.126585368269164,10.040525960840469,400
dcmulti,MIPLIB,548,212,0.1,TSAR-No-calib,,12433.137777639351,12433.137777639351,57.3460354442881,12320.739548168547,12545.536007110155,0.15006539999740198,True,0,2.0,0.93,fixed_γ=2.0,No-calibration(fixed γ=2.0),0.9425,0.057499999999999996,12435.18529646404,56.93088671022164,0.010464712270212928,0.6161350413680964,400
dcmulti,MIPLIB,548,212,0.1,HiGHS-SAA,,12253.532065080624,,,,,9.642190500046127,True,,,,,100,0.49,0.51,12252.961736246421,54.51454802097041,0.16004625217412866,1.9177738549768293,400
dcmulti,MIPLIB,548,212,0.2,TSAR-LP,,13054.960381320412,13054.960381320412,120.12803592602368,12819.509430905406,13290.411331735419,1.2342689000070095,True,0,1.5,0.34,BS_only,BS-only(γ=1.5),0.3375,0.6625,13059.393982432493,119.32442337088905,0.6836190016131289,5.661001240466334,400
dcmulti,MIPLIB,548,212,0.2,Bertsimas-Sim(γ=3.0),,nan,,,,,0.10968120000325143,False,,3.0,0.0,,parametric robust (γ=3.0),0.0,1.0,0.0,0.0,82.03290012564314,90.87226886661503,400
dcmulti,MIPLIB,548,212,0.2,Nominal-LP,,11290.2,,,,,0.006180799973662943,True,,,,,deterministic (mean only),0.0,1.0,11293.707814605008,103.85989366998089,8.25317045779386,20.081049196488905,400
dcmulti,MIPLIB,548,212,0.2,TSAR-No-calib,,0.0,0.0,0.0,0.0,0.0,0.1611261999933049,True,0,2.0,0.0,fixed_γ=2.0,No-calibration(fixed γ=2.0),0.0,1.0,0.0,0.0,82.03290012564314,90.87226886661503,400
dcmulti,MIPLIB,548,212,0.2,HiGHS-SAA,,13298.02458073914,,,,,11.729447399964556,True,,,,,100,0.4625,0.5375,13304.900460501789,115.154735898343,0.35085428665694324,4.3802569417707815,400
dcmulti,MIPLIB,548,212,0.3,TSAR-LP,,0.0,0.0,0.0,0.0,0.0,1.3085404000012204,True,0,5.0,0.0,BS_only,BS-only(γ=5.0),0.0,1.0,0.0,0.0,83.76509319825942,95.80840329515041,400
dcmulti,MIPLIB,548,212,0.3,Bertsimas-Sim(γ=3.0),,nan,,,,,0.1045544000226073,False,,3.0,0.0,,parametric robust (γ=3.0),0.0,1.0,0.0,0.0,83.76509319825942,95.80840329515041,400
dcmulti,MIPLIB,548,212,0.3,Nominal-LP,,11290.2,,,,,0.006499200011603534,True,,,,,deterministic (mean only),0.0,1.0,11295.461721878135,155.78984000726692,12.379755547318553,30.121572432137306,400
dcmulti,MIPLIB,548,212,0.3,TSAR-No-calib,,0.0,0.0,0.0,0.0,0.0,0.15484450000803918,True,0,2.0,0.0,fixed_γ=2.0,No-calibration(fixed γ=2.0),0.0,1.0,0.0,0.0,83.76509319825942,95.80840329515041,400
dcmulti,MIPLIB,548,212,0.3,HiGHS-SAA,,nan,,,,,122.8105435000034,False,,,,,100,0.0,1.0,0.0,0.0,83.76509319825942,95.80840329515041,400
egout,MIPLIB,141,55,0.05,TSAR-LP,,0.0,0.0,0.0,0.0,0.0,0.0916577999596484,True,0,5.0,1.0,BS_only,BS-only(γ=5.0),1.0,0.0,0.0,0.0,8.245004696025058e-09,9.863585011217252e-09,400
egout,MIPLIB,141,55,0.05,Bertsimas-Sim(γ=3.0),,0.0,,,,,0.008967699948698282,True,,3.0,1.0,,parametric robust (γ=3.0),1.0,0.0,0.0,0.0,8.245004696025058e-09,9.863585011217252e-09,400
egout,MIPLIB,141,55,0.05,Nominal-LP,,0.0,,,,,0.0030921000288799405,True,,,,,deterministic (mean only),1.0,0.0,0.0,0.0,8.245004696025058e-09,9.863585011217252e-09,400
egout,MIPLIB,141,55,0.05,TSAR-No-calib,,0.0,0.0,0.0,0.0,0.0,0.012943100009579211,True,0,2.0,1.0,fixed_γ=2.0,No-calibration(fixed γ=2.0),1.0,0.0,0.0,0.0,8.245004696025058e-09,9.863585011217252e-09,400
egout,MIPLIB,141,55,0.05,HiGHS-SAA,,-2.4961227780282425e-10,,,,,0.3612993000424467,True,,,,,100,1.0,0.0,4.837460648296348e-10,7.382922556018094e-09,1.9101908923171682e-08,3.278285570797093e-08,400
egout,MIPLIB,141,55,0.1,TSAR-LP,,0.0,0.0,0.0,0.0,0.0,0.09164669999154285,True,0,5.0,1.0,BS_only,BS-only(γ=5.0),1.0,0.0,0.0,0.0,8.245004696025058e-09,9.863585011217252e-09,400
egout,MIPLIB,141,55,0.1,Bertsimas-Sim(γ=3.0),,0.0,,,,,0.009190900018438697,True,,3.0,1.0,,parametric robust (γ=3.0),1.0,0.0,0.0,0.0,8.245004696025058e-09,9.863585011217252e-09,400
egout,MIPLIB,141,55,0.1,Nominal-LP,,0.0,,,,,0.0036788000143133104,True,,,,,deterministic (mean only),1.0,0.0,0.0,0.0,8.245004696025058e-09,9.863585011217252e-09,400
egout,MIPLIB,141,55,0.1,TSAR-No-calib,,0.0,0.0,0.0,0.0,0.0,0.012818399991374463,True,0,2.0,1.0,fixed_γ=2.0,No-calibration(fixed γ=2.0),1.0,0.0,0.0,0.0,8.245004696025058e-09,9.863585011217252e-09,400
egout,MIPLIB,141,55,0.1,HiGHS-SAA,,-7.485314259783961e-10,,,,,0.38499679998494685,True,,,,,100,1.0,0.0,4.0855629247875956e-10,4.951444581799185e-09,1.432034529201431e-08,2.22323284024743e-08,400
egout,MIPLIB,141,55,0.2,TSAR-LP,,0.0,0.0,0.0,0.0,0.0,0.09953039995161816,True,0,5.0,1.0,BS_only,BS-only(γ=5.0),1.0,0.0,0.0,0.0,8.245004696025058e-09,9.863585011217252e-09,400
egout,MIPLIB,141,55,0.2,Bertsimas-Sim(γ=3.0),,0.0,,,,,0.020090000005438924,True,,3.0,1.0,,parametric robust (γ=3.0),1.0,0.0,0.0,0.0,8.245004696025058e-09,9.863585011217252e-09,400
egout,MIPLIB,141,55,0.2,Nominal-LP,,0.0,,,,,0.0037577999755740166,True,,,,,deterministic (mean only),1.0,0.0,0.0,0.0,8.245004696025058e-09,9.863585011217252e-09,400
egout,MIPLIB,141,55,0.2,TSAR-No-calib,,0.0,0.0,0.0,0.0,0.0,0.011060399992857128,True,0,2.0,1.0,fixed_γ=2.0,No-calibration(fixed γ=2.0),1.0,0.0,0.0,0.0,8.245004696025058e-09,9.863585011217252e-09,400
egout,MIPLIB,141,55,0.2,HiGHS-SAA,,-3.830232593035057e-10,,,,,0.354485800024122,True,,,,,100,1.0,0.0,1.5416871942803054e-09,6.039256488711209e-09,1.6232471447203727e-08,2.6841574251761657e-08,400
egout,MIPLIB,141,55,0.3,TSAR-LP,,0.0,0.0,0.0,0.0,0.0,0.09468689997447655,True,0,5.0,1.0,BS_only,BS-only(γ=5.0),1.0,0.0,0.0,0.0,8.245004696025058e-09,9.863585011217252e-09,400
egout,MIPLIB,141,55,0.3,Bertsimas-Sim(γ=3.0),,0.0,,,,,0.008803600037936121,True,,3.0,1.0,,parametric robust (γ=3.0),1.0,0.0,0.0,0.0,8.245004696025058e-09,9.863585011217252e-09,400
egout,MIPLIB,141,55,0.3,Nominal-LP,,0.0,,,,,0.003139799984637648,True,,,,,deterministic (mean only),1.0,0.0,0.0,0.0,8.245004696025058e-09,9.863585011217252e-09,400
egout,MIPLIB,141,55,0.3,TSAR-No-calib,,0.0,0.0,0.0,0.0,0.0,0.01213879999704659,True,0,2.0,1.0,fixed_γ=2.0,No-calibration(fixed γ=2.0),1.0,0.0,0.0,0.0,8.245004696025058e-09,9.863585011217252e-09,400
egout,MIPLIB,141,55,0.3,HiGHS-SAA,,-5.868883343962304e-10,,,,,0.38255440001375973,True,,,,,100,1.0,0.0,2.878697404403213e-09,2.2027633003794594e-08,5.147551263706883e-08,9.196893865811061e-08,400
flugpl,MIPLIB,18,12,0.05,TSAR-LP,,1145071.7257696819,1145071.7257696819,6439.777794697438,1132449.7612920748,1157693.690247289,0.03326489997562021,True,0,5.0,1.0,BS_only,BS-only(γ=5.0),1.0,0.0,1144899.8714585453,6860.755427838498,0.0,0.0,400
flugpl,MIPLIB,18,12,0.05,Bertsimas-Sim(γ=3.0),,1132699.1289694447,,,,,0.0029897000058554113,True,,3.0,1.0,,parametric robust (γ=3.0),1.0,0.0,1087766.6683442893,6524.843908582575,0.0,0.0,400
flugpl,MIPLIB,18,12,0.05,Nominal-LP,,1008000.0,,,,,0.0030382999684661627,True,,,,,deterministic (mean only),0.015,0.985,1007853.1633921128,6057.554446220675,225.94025613484814,811.713650811118,400
flugpl,MIPLIB,18,12,0.05,TSAR-No-calib,,1060549.7219507413,1060549.7219507413,5971.701347994055,1048845.1873086728,1072254.2565928097,0.005109799967613071,True,0,2.0,0.99,fixed_γ=2.0,No-calibration(fixed γ=2.0),0.9925,0.007499999999999951,1060393.5676019413,6364.443093561389,0.1848792409267685,51.75152921843983,400
flugpl,MIPLIB,18,12,0.05,HiGHS-SAA,,1053563.37775741,,,,,0.014708600006997585,True,,,,,100,0.9475,0.05249999999999999,1053362.372609247,6314.6837848454425,1.8912343634164972,117.2725817468654,400
flugpl,MIPLIB,18,12,0.1,TSAR-LP,,1303879.291590299,1303879.291590299,14656.32635094399,1275152.8919424487,1332605.6912381493,0.03306980000343174,True,0,5.0,1.0,BS_only,BS-only(γ=5.0),1.0,0.0,1303472.082126484,15604.42443726615,0.0,0.0,400
flugpl,MIPLIB,18,12,0.1,Bertsimas-Sim(γ=3.0),,1271485.2034280377,,,,,0.00354410003637895,True,,3.0,1.0,,parametric robust (γ=3.0),1.0,0.0,1174562.6455126903,14073.601957588693,0.0,0.0,400
flugpl,MIPLIB,18,12,0.1,Nominal-LP,,1008000.0,,,,,0.002874900004826486,True,,,,,deterministic (mean only),0.015,0.985,1007706.3267842394,12115.108891789656,451.8805119983379,1623.4273006795756,400
flugpl,MIPLIB,18,12,0.1,TSAR-No-calib,,1116088.8943854738,1116088.8943854738,12557.809587583853,1091475.5875938095,1140702.2011771381,0.0035438999766483903,True,0,2.0,0.99,fixed_γ=2.0,No-calibration(fixed γ=2.0),0.9925,0.007499999999999951,1115756.1471396706,13380.391116477083,0.37936945169063163,110.17908384610018,400
flugpl,MIPLIB,18,12,0.1,HiGHS-SAA,,1101206.4249723468,,,,,0.013555900019127876,True,,,,,100,0.9475,0.05249999999999999,1100807.4884995697,13169.185062717646,3.8789405640822725,247.63935384851175,400
flugpl,MIPLIB,18,12,0.2,TSAR-LP,,1716322.3518662725,1716322.3518662725,38773.50529012669,1640326.2814976242,1792318.4222349208,0.03190919995540753,True,0,5.0,1.0,BS_only,BS-only(γ=5.0),1.0,0.0,1715129.608829597,41215.72747565872,0.0,0.0,400
flugpl,MIPLIB,18,12,0.2,Bertsimas-Sim(γ=3.0),,1600248.9825113877,,,,,0.0030214000144042075,True,,3.0,1.0,,parametric robust (γ=3.0),1.0,0.0,1373999.8570137448,32907.62186126672,0.0,0.0,400
flugpl,MIPLIB,18,12,0.2,Nominal-LP,,1008000.0,,,,,0.002514699997846037,True,,,,,deterministic (mean only),0.015,0.985,1007412.6535684931,24230.217782927648,903.7610237253175,3246.854600416489,400
flugpl,MIPLIB,18,12,0.2,TSAR-No-calib,,1237381.6884396672,1237381.6884396672,27818.94119722804,1182856.5636931004,1291906.813186234,0.004773199965711683,True,0,2.0,0.99,fixed_γ=2.0,No-calibration(fixed γ=2.0),0.995,0.0050000000000000044,1236621.8326214715,29626.287116345175,0.8288243185351348,250.30396483633922,400
flugpl,MIPLIB,18,12,0.2,HiGHS-SAA,,1203444.0167695954,,,,,0.014931400015484542,True,,,,,100,0.95,0.050000000000000044,1202659.9337522353,28667.399618951586,8.23986251684103,551.4928329807462,400
flugpl,MIPLIB,18,12,0.3,TSAR-LP,,2354018.8500874867,2354018.8500874867,81214.23036609357,2194838.9585699434,2513198.74160503,0.03135390003444627,True,0,5.0,1.0,BS_only,BS-only(γ=5.0),1.0,0.0,2351189.260961215,86102.7477636587,0.0,0.0,400
flugpl,MIPLIB,18,12,0.3,Bertsimas-Sim(γ=3.0),,2018161.1386496238,,,,,0.012021000031381845,True,,3.0,1.0,,parametric robust (γ=3.0),1.0,0.0,1619145.9552997258,58301.47182451262,0.0,0.0,400
flugpl,MIPLIB,18,12,0.3,Nominal-LP,,1008000.0,,,,,0.003079799993429333,True,,,,,deterministic (mean only),0.015,0.985,1007118.9803527466,36345.32667406563,1355.641535452297,4870.281900153403,400
flugpl,MIPLIB,18,12,0.3,TSAR-No-calib,,1374874.634464011,1374874.634464011,46375.08107588902,1283979.4755552686,1465769.7933727535,0.007475899998098612,True,0,2.0,0.99,fixed_γ=2.0,No-calibration(fixed γ=2.0),0.995,0.0050000000000000044,1373562.4678923774,49361.43278156026,1.4010140695043447,428.28528770446246,400
flugpl,MIPLIB,18,12,0.3,HiGHS-SAA,,1316371.7164088977,,,,,0.013028100016526878,True,,,,,100,0.9575,0.04249999999999998,1315219.476010772,46883.88239147927,13.267855686448431,920.220415427626,400
gt2,MIPLIB,188,29,0.05,TSAR-LP,,15426.308164982844,15426.308164982844,89.61429413389851,15250.664148480402,15601.952181485285,0.07499699998879805,True,0,5.0,1.0,BS_only,BS-only(γ=5.0),1.0,0.0,15422.62580549268,85.5179513973141,0.0,0.0,400
gt2,MIPLIB,188,29,0.05,Bertsimas-Sim(γ=3.0),,14931.367706212184,,,,,0.005515499971807003,True,,3.0,1.0,,parametric robust (γ=3.0),1.0,0.0,14619.475923900794,80.9914073727055,0.0,0.0,400
gt2,MIPLIB,188,29,0.05,Nominal-LP,,13460.233074411897,,,,,0.006054900004528463,True,,,,,deterministic (mean only),0.0,1.0,13457.024400722645,74.42620445949163,35.006509168309194,217.4203650590007,400
gt2,MIPLIB,188,29,0.05,TSAR-No-calib,,14230.102442893325,14230.102442893325,82.54220070038508,14068.31972952057,14391.88515626608,0.008841199974995106,True,0,2.0,1.0,fixed_γ=2.0,No-calibration(fixed γ=2.0),0.99,0.010000000000000009,14226.708159426264,78.7750344260541,0.00547491480863892,1.09608376712481,400
gt2,MIPLIB,188,29,0.05,HiGHS-SAA,,14154.918558291887,,,,,0.9499672999954782,True,,,,,100,0.91,0.08999999999999997,14139.009737611013,78.2489274455594,0.03569773791567169,7.979034059112564,400
gt2,MIPLIB,188,29,0.1,TSAR-LP,,17554.835724663222,17554.835724663222,204.32090192472714,17154.36675689076,17955.304692435686,0.0855536000453867,True,0,5.0,1.0,BS_only,BS-only(γ=5.0),1.0,0.0,17546.4475810439,194.95594141471213,0.0,0.0,400
gt2,MIPLIB,188,29,0.1,Bertsimas-Sim(γ=3.0),,16504.86754505043,,,,,0.008906299946829677,True,,3.0,1.0,,parametric robust (γ=3.0),1.0,0.0,15829.952557699424,175.66433594030553,0.0,0.0,400
gt2,MIPLIB,188,29,0.1,Nominal-LP,,13460.233074411897,,,,,0.003869200008921325,True,,,,,deterministic (mean only),0.0,1.0,13453.815727033605,148.8524089136073,70.01301832502644,434.8407300920326,400
gt2,MIPLIB,188,29,0.1,TSAR-No-calib,,15021.580229478997,15021.580229478997,174.44667756936443,14679.664741443043,15363.495717514952,0.00929710001219064,True,0,2.0,1.0,fixed_γ=2.0,No-calibration(fixed γ=2.0),0.99,0.010000000000000009,15014.410363411393,166.47675406891864,0.01112497514953637,2.2152226114615132,400
gt2,MIPLIB,188,29,0.1,HiGHS-SAA,,14881.577674310569,,,,,1.1018027000245638,True,,,,,100,0.9125,0.08750000000000002,14848.124331186576,164.48650138367356,0.06135165506461585,11.532405440157163,400
gt2,MIPLIB,188,29,0.2,TSAR-LP,,78937.91087124438,78937.91087124438,1032.0900496993233,76915.0143738337,80960.80736865506,0.09058889996958897,True,0,4.0,1.0,BS_only,BS-only(γ=4.0),1.0,0.0,78942.20017087174,1035.6921731567613,0.0,0.0,400
gt2,MIPLIB,188,29,0.2,Bertsimas-Sim(γ=3.0),,20016.404592492512,,,,,0.008069400035310537,True,,3.0,1.0,,parametric robust (γ=3.0),1.0,0.0,18445.08286207184,410.26255298107304,0.0,0.0,400
gt2,MIPLIB,188,29,0.2,Nominal-LP,,13460.233074411897,,,,,0.0037362000439316034,True,,,,,deterministic (mean only),0.0,1.0,13447.39837965553,297.7048178218392,140.02603663846088,869.6814601580973,400
gt2,MIPLIB,188,29,0.2,TSAR-No-calib,,16680.884336371048,16680.884336371048,388.05857789616755,15920.289523694559,17441.479149047536,0.008734199975151569,True,0,2.0,1.0,fixed_γ=2.0,No-calibration(fixed γ=2.0),0.99,0.010000000000000009,16664.947932696155,370.29170218934314,0.023002309796154585,4.525649656818416,400
gt2,MIPLIB,188,29,0.2,HiGHS-SAA,,16443.888253162997,,,,,1.3978768000379205,True,,,,,100,0.9125,0.08750000000000002,16369.94914737171,363.27382215852816,0.08180137801263758,7.720496431374158,400
gt2,MIPLIB,188,29,0.3,TSAR-LP,,53438.663441459255,53438.663441459255,1351.9489676934224,50788.84346478015,56088.48341813836,0.06737429997883737,True,0,2.5,1.0,BS_only,BS-only(γ=2.5),1.0,0.0,53431.40468245376,1351.8031674499348,0.0,0.0,400
gt2,MIPLIB,188,29,0.3,Bertsimas-Sim(γ=3.0),,nan,,,,,0.0064536999561823905,False,,3.0,0.0,,parametric robust (γ=3.0),0.0,1.0,0.0,0.0,6051.366155338227,6782.398507073197,400
gt2,MIPLIB,188,29,0.3,Nominal-LP,,13460.233074411897,,,,,0.01307960000121966,True,,,,,deterministic (mean only),0.0,1.0,13440.981032277452,446.55722673007114,210.03905495189522,1304.522190224161,400
gt2,MIPLIB,188,29,0.3,TSAR-No-calib,,18462.730829315286,18462.730829315286,644.9906290096632,17198.549196456344,19726.912462174227,0.008589199976995587,True,0,2.0,1.0,fixed_γ=2.0,No-calibration(fixed γ=2.0),0.99,0.010000000000000009,18436.25878977204,615.3938273180665,0.03574990210539931,6.93758048965401,400
gt2,MIPLIB,188,29,0.3,HiGHS-SAA,,18178.599793044403,,,,,1.0806729000178166,True,,,,,100,0.915,0.08499999999999996,18055.97838217757,601.9416577635079,0.11026908798435024,11.843777127656836,400
rgn,MIPLIB,180,4,0.05,TSAR-LP,,0.0,0.0,0.0,0.0,0.0,0.042386299988720566,True,0,5.0,1.0,BS_only,BS-only(γ=5.0),1.0,0.0,0.0,0.0,0.0,0.0,400
rgn,MIPLIB,180,4,0.05,Bertsimas-Sim(γ=3.0),,0.0,,,,,0.007692800019867718,True,,3.0,1.0,,parametric robust (γ=3.0),1.0,0.0,0.0,0.0,0.0,0.0,400
rgn,MIPLIB,180,4,0.05,Nominal-LP,,0.0,,,,,0.0033233000431209803,True,,,,,deterministic (mean only),1.0,0.0,0.0,0.0,0.0,0.0,400
rgn,MIPLIB,180,4,0.05,TSAR-No-calib,,0.0,0.0,0.0,0.0,0.0,0.0045556999975815415,True,0,2.0,1.0,fixed_γ=2.0,No-calibration(fixed γ=2.0),1.0,0.0,0.0,0.0,0.0,0.0,400
rgn,MIPLIB,180,4,0.05,HiGHS-SAA,,-3.577607134571601e-09,,,,,0.029766099993139505,True,,,,,100,0.965,0.03500000000000003,2.3478299008214547e-10,7.600547110115437e-09,0.00020811261128501484,0.016284665457456993,400
rgn,MIPLIB,180,4,0.1,TSAR-LP,,0.0,0.0,0.0,0.0,0.0,0.04029999999329448,True,0,5.0,1.0,BS_only,BS-only(γ=5.0),1.0,0.0,0.0,0.0,0.0,0.0,400
rgn,MIPLIB,180,4,0.1,Bertsimas-Sim(γ=3.0),,0.0,,,,,0.0044098999933339655,True,,3.0,1.0,,parametric robust (γ=3.0),1.0,0.0,0.0,0.0,0.0,0.0,400
rgn,MIPLIB,180,4,0.1,Nominal-LP,,0.0,,,,,0.0034522999776527286,True,,,,,deterministic (mean only),1.0,0.0,0.0,0.0,0.0,0.0,400
rgn,MIPLIB,180,4,0.1,TSAR-No-calib,,0.0,0.0,0.0,0.0,0.0,0.010898899985477328,True,0,2.0,1.0,fixed_γ=2.0,No-calibration(fixed γ=2.0),1.0,0.0,0.0,0.0,0.0,0.0,400
rgn,MIPLIB,180,4,0.1,HiGHS-SAA,,-3.325583383806323e-09,,,,,0.03876510000554845,True,,,,,100,0.9675,0.03249999999999997,4.3142047021709895e-10,7.461666463941353e-09,0.0003660951991069056,0.03176461684545173,400
rgn,MIPLIB,180,4,0.2,TSAR-LP,,0.0,0.0,0.0,0.0,0.0,0.04024330002721399,True,0,5.0,1.0,BS_only,BS-only(γ=5.0),1.0,0.0,0.0,0.0,0.0,0.0,400
rgn,MIPLIB,180,4,0.2,Bertsimas-Sim(γ=3.0),,0.0,,,,,0.006974300020374358,True,,3.0,1.0,,parametric robust (γ=3.0),1.0,0.0,0.0,0.0,0.0,0.0,400
rgn,MIPLIB,180,4,0.2,Nominal-LP,,0.0,,,,,0.0034697999944910407,True,,,,,deterministic (mean only),1.0,0.0,0.0,0.0,0.0,0.0,400
rgn,MIPLIB,180,4,0.2,TSAR-No-calib,,0.0,0.0,0.0,0.0,0.0,0.004576299979817122,True,0,2.0,1.0,fixed_γ=2.0,No-calibration(fixed γ=2.0),1.0,0.0,0.0,0.0,0.0,0.0,400
rgn,MIPLIB,180,4,0.2,HiGHS-SAA,,-3.0966099109864873e-09,,,,,0.030587300017941743,True,,,,,100,0.9525,0.04749999999999999,3.9849781341892564e-10,6.5426618467098444e-09,0.0009605176301062096,0.06055478440140072,400
rgn,MIPLIB,180,4,0.3,TSAR-LP,,0.0,0.0,0.0,0.0,0.0,0.040949099988210946,True,0,5.0,1.0,BS_only,BS-only(γ=5.0),1.0,0.0,0.0,0.0,0.0,0.0,400
rgn,MIPLIB,180,4,0.3,Bertsimas-Sim(γ=3.0),,0.0,,,,,0.013491699995938689,True,,3.0,1.0,,parametric robust (γ=3.0),1.0,0.0,0.0,0.0,0.0,0.0,400
rgn,MIPLIB,180,4,0.3,Nominal-LP,,0.0,,,,,0.0036241000052541494,True,,,,,deterministic (mean only),1.0,0.0,0.0,0.0,0.0,0.0,400
rgn,MIPLIB,180,4,0.3,TSAR-No-calib,,0.0,0.0,0.0,0.0,0.0,0.005550200003199279,True,0,2.0,1.0,fixed_γ=2.0,No-calibration(fixed γ=2.0),1.0,0.0,0.0,0.0,0.0,0.0,400
rgn,MIPLIB,180,4,0.3,HiGHS-SAA,,-2.929332827843851e-09,,,,,0.028479000029619783,True,,,,,100,0.9475,0.05249999999999999,3.682000106699652e-10,6.017350432443107e-09,0.0016756318301401779,0.08680066227347993,400
semi-continuous,MIPLIB,4,4,0.1,TSAR-LP,,-188216501.97532183,-188216501.97532183,5939860.060274747,-199858627.69346035,-176574376.2571833,0.032375400012824684,True,0,5.0,1.0,BS_only,BS-only(γ=5.0),1.0,0.0,-188035137.5342594,5935450.571577669,0.0,0.0,400
semi-continuous,MIPLIB,4,4,0.1,Bertsimas-Sim(γ=3.0),,-352302703.4830629,,,,,0.0027350999880582094,True,,3.0,1.0,,parametric robust (γ=3.0),1.0,0.0,-388770446.0843893,12271790.128454104,0.0,0.0,400
semi-continuous,MIPLIB,4,4,0.1,Nominal-LP,,nan,,,,,0.00258829997619614,False,,,,,deterministic (mean only),0.0,1.0,0.0,0.0,0.5011474632020085,0.5396952041909445,400
semi-continuous,MIPLIB,4,4,0.1,TSAR-No-calib,,-642774443.4727565,-642774443.4727565,20285098.02619247,-682533235.6040938,-603015651.3414192,0.0032405999954789877,True,0,2.0,1.0,fixed_γ=2.0,No-calibration(fixed γ=2.0),0.995,0.0050000000000000044,-642155069.3803636,20270039.277577337,0.0002684572809603584,0.10155449046689358,400
semi-continuous,MIPLIB,4,4,0.1,HiGHS-SAA,,-662388916.1179459,,,,,0.005068900005426258,True,,,,,100,0.9875,0.012499999999999956,-660944413.7318795,20831311.017692626,0.0012264488180080454,0.21199197119049817,400
semi-continuous,MIPLIB,4,4,0.2,TSAR-LP,,-88111431.35442238,-88111431.35442238,5561356.883349533,-99011690.84578747,-77211171.86305729,0.03142899996601045,True,0,5.0,1.0,BS_only,BS-only(γ=5.0),1.0,0.0,-87941623.92088486,5557228.37573887,0.0,0.0,400
semi-continuous,MIPLIB,4,4,0.2,Bertsimas-Sim(γ=3.0),,-225131531.65286097,,,,,0.003929400001652539,True,,3.0,1.0,,parametric robust (γ=3.0),1.0,0.0,-277182752.37587315,17515799.152044483,0.0,0.0,400
semi-continuous,MIPLIB,4,4,0.2,Nominal-LP,,nan,,,,,0.0023074999917298555,False,,,,,deterministic (mean only),0.0,1.0,0.0,0.0,0.5022949261545253,0.5793903997510056,400
semi-continuous,MIPLIB,4,4,0.2,TSAR-No-calib,,-526281833.2762334,-526281833.2762334,33217494.773553267,-591388123.0323977,-461175543.520069,0.0034122999641112983,True,0,2.0,1.0,fixed_γ=2.0,No-calibration(fixed γ=2.0),1.0,0.0,-525267588.4516449,33192835.591501825,0.0,0.0,400
semi-continuous,MIPLIB,4,4,0.2,HiGHS-SAA,,-619030223.526454,,,,,0.0054290000116452575,True,,,,,100,0.98,0.020000000000000018,-616326741.5323335,38795276.42896984,0.0034742734767721065,0.3655255559121794,400
semi-continuous,MIPLIB,4,4,0.3,TSAR-LP,,-10795080.267395623,-10795080.267395623,1022034.9101231477,-12798268.691236991,-8791891.843554255,0.02815510000800714,True,0,5.0,1.0,BS_only,BS-only(γ=5.0),1.0,0.0,-10763874.007984733,1021276.1896564113,0.0,0.0,400
semi-continuous,MIPLIB,4,4,0.3,Bertsimas-Sim(γ=3.0),,-127073137.2398871,,,,,0.005606600025203079,True,,3.0,1.0,,parametric robust (γ=3.0),1.0,0.0,-176970301.08132476,16790935.612858064,0.0,0.0,400
semi-continuous,MIPLIB,4,4,0.3,Nominal-LP,,nan,,,,,0.002612799988128245,False,,,,,deterministic (mean only),0.0,1.0,0.0,0.0,0.5034423891070422,0.6190855953110667,400
semi-continuous,MIPLIB,4,4,0.3,TSAR-No-calib,,-416576958.3383708,-416576958.3383708,39439826.673155844,-493879018.61775625,-339274898.05898535,0.003960100002586842,True,0,2.0,1.0,fixed_γ=2.0,No-calibration(fixed γ=2.0),1.0,0.0,-415372724.2324474,39410548.30848747,0.0,0.0,400
semi-continuous,MIPLIB,4,4,0.3,HiGHS-SAA,,-566475978.1611999,,,,,0.007190600037574768,True,,,,,100,0.9775,0.022499999999999964,-562775426.1386551,53267025.166461535,0.0038909677542630426,0.41326382556665126,400
small_mip,MIPLIB,9,4,0.05,TSAR-LP,,0.21682232216003317,0.21682232216003317,0.032777740286307255,0.15257795119887096,0.28106669312119537,0.03206450003199279,True,0,5.0,1.0,BS_only,BS-only(γ=5.0),1.0,0.0,0.2181643622073566,0.03220185235488311,0.0,0.0,400
small_mip,MIPLIB,9,4,0.05,Bertsimas-Sim(γ=3.0),,-0.06513051028477501,,,,,0.003255199990235269,True,,3.0,1.0,,parametric robust (γ=3.0),1.0,0.0,-0.19786853921706565,0.033292627960892635,0.0,0.0,400
small_mip,MIPLIB,9,4,0.05,Nominal-LP,,-0.8391276864728197,,,,,0.002962400030810386,True,,,,,deterministic (mean only),0.0625,0.9375,-0.8381204022053703,0.03553340185782626,0.13131056859744494,0.7511460414408209,400
small_mip,MIPLIB,9,4,0.05,TSAR-No-calib,,-0.4098856457474611,-0.4098856457474611,0.034183770796234976,-0.4768858365080817,-0.34288545498684053,0.0032828999683260918,True,0,2.0,1.0,fixed_γ=2.0,No-calibration(fixed γ=2.0),1.0,0.0,-0.40874489556952026,0.03395974618519321,0.0,0.0,400
small_mip,MIPLIB,9,4,0.05,HiGHS-SAA,,-0.5233900006881549,,,,,0.005743700021412224,True,,,,,100,0.985,0.015000000000000013,-0.5275532277324854,0.034237363173445765,0.0007635005588104183,0.1250459239942181,400
small_mip,MIPLIB,9,4,0.1,TSAR-LP,,1.2414814602840618,1.2414814602840618,0.06421419216233704,1.1156216436458812,1.3673412769222424,0.03080119995865971,True,0,5.0,1.0,BS_only,BS-only(γ=5.0),1.0,0.0,1.2448620774768586,0.061879665505332686,0.0,0.0,400
small_mip,MIPLIB,9,4,0.1,Bertsimas-Sim(γ=3.0),,0.6676649461145963,,,,,0.005870799999684095,True,,3.0,1.0,,parametric robust (γ=3.0),1.0,0.0,0.4254991016270139,0.06356012096690529,0.0,0.0,400
small_mip,MIPLIB,9,4,0.1,Nominal-LP,,-0.8391276864728201,,,,,0.0033650999539531767,True,,,,,deterministic (mean only),0.0625,0.9375,-0.8371131178849371,0.07106679152801745,0.2626211296277318,1.5022920420229529,400
small_mip,MIPLIB,9,4,0.1,TSAR-No-calib,,0.009699195974719466,0.009699195974719466,0.06632782097599647,-0.12030333313823363,0.13970172508767256,0.0046663000248372555,True,0,2.0,1.0,fixed_γ=2.0,No-calibration(fixed γ=2.0),1.0,0.0,0.012248420607070822,0.06541271279059344,0.0,0.0,400
small_mip,MIPLIB,9,4,0.1,HiGHS-SAA,,-0.2102910173969874,,,,,0.006900500040501356,True,,,,,100,0.985,0.015000000000000013,-0.21731515367283807,0.06608794415937763,0.0013089331303972863,0.2116191343726932,400
small_mip,MIPLIB,9,4,0.2,TSAR-LP,,1.654145008103479,1.654145008103479,0.12974838167139321,1.3998381800275483,1.9084518361794096,0.03381930000614375,True,0,3.0,1.0,BS_only,BS-only(γ=3.0),1.0,0.0,1.6614974706350005,0.12416463072576331,0.0,0.0,400
small_mip,MIPLIB,9,4,0.2,Bertsimas-Sim(γ=3.0),,2.0645151403186124,,,,,0.0033295000321231782,True,,3.0,1.0,,parametric robust (γ=3.0),1.0,0.0,1.6614974706350005,0.12416463072576331,0.0,0.0,400
small_mip,MIPLIB,9,4,0.2,Nominal-LP,,-0.8391276864728183,,,,,0.0026553000207059085,True,,,,,deterministic (mean only),0.0625,0.9375,-0.8350985492440688,0.14213357086840023,0.5252422516883023,3.0045840431872204,400
small_mip,MIPLIB,9,4,0.2,TSAR-No-calib,,0.8321777768843086,0.8321777768843088,0.1284844028557137,0.58034834728711,1.0840072064815076,0.0035800000187009573,True,0,2.0,1.0,fixed_γ=2.0,No-calibration(fixed γ=2.0),1.0,0.0,0.8383702197318201,0.12475444329109558,0.0,0.0,400
small_mip,MIPLIB,9,4,0.2,HiGHS-SAA,,0.4349484856700183,,,,,0.0068305000313557684,True,,,,,100,0.985,0.015000000000000013,0.4262579844380285,0.12419950684528315,0.0017308625976820524,0.2655811459021251,400
small_mip,MIPLIB,9,4,0.3,TSAR-LP,,1.6541449720389367,1.6541449720389367,0.1946225678852878,1.2726847389837728,2.0356052050941007,0.027164300030563027,True,0,2.0,1.0,BS_only,BS-only(γ=2.0),1.0,0.0,1.6651736655737284,0.1862469418003827,0.0,0.0,400
small_mip,MIPLIB,9,4,0.3,Bertsimas-Sim(γ=3.0),,nan,,,,,0.005158199986908585,False,,3.0,0.0,,parametric robust (γ=3.0),0.0,1.0,0.0,0.0,2.4913459360276224,3.0907548354955336,400
small_mip,MIPLIB,9,4,0.3,Nominal-LP,,-0.8391276864728201,,,,,0.0045757999760098755,True,,,,,deterministic (mean only),0.0625,0.9375,-0.8330839806032031,0.21320035020878333,0.7878633737488779,4.5068760443514915,400
small_mip,MIPLIB,9,4,0.3,TSAR-No-calib,,1.6541449720389367,1.6541449720389367,0.1946225678852878,1.2726847389837728,2.0356052050941007,0.005975000036414713,True,0,2.0,1.0,fixed_γ=2.0,No-calibration(fixed γ=2.0),1.0,0.0,1.6651736655737284,0.1862469418003827,0.0,0.0,400
small_mip,MIPLIB,9,4,0.3,HiGHS-SAA,,1.114960507883561,,,,,0.007627899991348386,True,,,,,100,0.985,0.015000000000000013,1.1103594549971703,0.17844918114067543,0.0011524801812822188,0.16363834549982004,400
egout-ac,NETLIB,141,55,0.05,TSAR-LP,,0.0,0.0,0.0,0.0,0.0,0.09786540002096444,True,0,5.0,1.0,BS_only,BS-only(γ=5.0),1.0,0.0,0.0,0.0,8.245004696025058e-09,9.863585011217252e-09,400
egout-ac,NETLIB,141,55,0.1,TSAR-LP,,0.0,0.0,0.0,0.0,0.0,0.09107620001304895,True,0,5.0,1.0,BS_only,BS-only(γ=5.0),1.0,0.0,0.0,0.0,8.245004696025058e-09,9.863585011217252e-09,400
egout-ac,NETLIB,141,55,0.2,TSAR-LP,,0.0,0.0,0.0,0.0,0.0,0.09524550003698096,True,0,5.0,1.0,BS_only,BS-only(γ=5.0),1.0,0.0,0.0,0.0,8.245004696025058e-09,9.863585011217252e-09,400
egout-ac,NETLIB,141,55,0.3,TSAR-LP,,0.0,0.0,0.0,0.0,0.0,0.10200790001545101,True,0,5.0,1.0,BS_only,BS-only(γ=5.0),1.0,0.0,0.0,0.0,8.245004696025058e-09,9.863585011217252e-09,400
sp150x300d,NETLIB,600,300,0.05,TSAR-LP,,0.0,0.0,0.0,0.0,0.0,1.5028301000129431,True,0,5.0,1.0,BS_only,BS-only(γ=5.0),1.0,0.0,0.0,0.0,9.274409714504657e-09,9.971779606906636e-09,400
sp150x300d,NETLIB,600,300,0.05,Bertsimas-Sim(γ=3.0),,0.0,,,,,0.11596670001745224,True,,3.0,1.0,,parametric robust (γ=3.0),1.0,0.0,0.0,0.0,9.274409714504657e-09,9.971779606906636e-09,400
sp150x300d,NETLIB,600,300,0.05,Nominal-LP,,0.0,,,,,0.010034299979452044,True,,,,,deterministic (mean only),1.0,0.0,0.0,0.0,9.274409714504657e-09,9.971779606906636e-09,400
sp150x300d,NETLIB,600,300,0.05,TSAR-No-calib,,0.0,0.0,0.0,0.0,0.0,0.17703989997971803,True,0,2.0,1.0,fixed_γ=2.0,No-calibration(fixed γ=2.0),1.0,0.0,0.0,0.0,9.274409714504657e-09,9.971779606906636e-09,400
sp150x300d,NETLIB,600,300,0.05,HiGHS-SAA,,-2.6015933940823145e-17,,,,,10.457125600019936,True,,,,,100,1.0,0.0,1.7389505498836554e-17,2.0154327687437813e-16,1.492816101616904e-08,1.8950596748591088e-08,400
sp150x300d,NETLIB,600,300,0.1,TSAR-LP,,0.0,0.0,0.0,0.0,0.0,1.4791311999433674,True,0,5.0,1.0,BS_only,BS-only(γ=5.0),1.0,0.0,0.0,0.0,9.274409714504657e-09,9.971779606906636e-09,400
sp150x300d,NETLIB,600,300,0.1,Bertsimas-Sim(γ=3.0),,0.0,,,,,0.10664219997124746,True,,3.0,1.0,,parametric robust (γ=3.0),1.0,0.0,0.0,0.0,9.274409714504657e-09,9.971779606906636e-09,400
sp150x300d,NETLIB,600,300,0.1,Nominal-LP,,0.0,,,,,0.006885899987537414,True,,,,,deterministic (mean only),1.0,0.0,0.0,0.0,9.274409714504657e-09,9.971779606906636e-09,400
sp150x300d,NETLIB,600,300,0.1,TSAR-No-calib,,0.0,0.0,0.0,0.0,0.0,0.1780670000007376,True,0,2.0,1.0,fixed_γ=2.0,No-calibration(fixed γ=2.0),1.0,0.0,0.0,0.0,9.274409714504657e-09,9.971779606906636e-09,400
sp150x300d,NETLIB,600,300,0.1,HiGHS-SAA,,-2.5400464550982505e-17,,,,,10.289250000030734,True,,,,,100,1.0,0.0,1.7089101711904834e-17,1.9699343042386287e-16,1.4770552508427753e-08,1.8767478953586296e-08,400
sp150x300d,NETLIB,600,300,0.2,TSAR-LP,,0.0,0.0,0.0,0.0,0.0,1.4961480000056326,True,0,5.0,1.0,BS_only,BS-only(γ=5.0),1.0,0.0,0.0,0.0,9.274409714504657e-09,9.971779606906636e-09,400
sp150x300d,NETLIB,600,300,0.2,Bertsimas-Sim(γ=3.0),,0.0,,,,,0.11163570004282519,True,,3.0,1.0,,parametric robust (γ=3.0),1.0,0.0,0.0,0.0,9.274409714504657e-09,9.971779606906636e-09,400
sp150x300d,NETLIB,600,300,0.2,Nominal-LP,,0.0,,,,,0.006604700000025332,True,,,,,deterministic (mean only),1.0,0.0,0.0,0.0,9.274409714504657e-09,9.971779606906636e-09,400
sp150x300d,NETLIB,600,300,0.2,TSAR-No-calib,,0.0,0.0,0.0,0.0,0.0,0.18253310001455247,True,0,2.0,1.0,fixed_γ=2.0,No-calibration(fixed γ=2.0),1.0,0.0,0.0,0.0,9.274409714504657e-09,9.971779606906636e-09,400
sp150x300d,NETLIB,600,300,0.2,HiGHS-SAA,,-2.426274338472462e-17,,,,,10.328628499992192,True,,,,,100,1.0,0.0,1.6517834164808714e-17,1.8860643167743114e-16,1.449217914293928e-08,1.8565247537380155e-08,400
sp150x300d,NETLIB,600,300,0.3,TSAR-LP,,0.0,0.0,0.0,0.0,0.0,1.4926766999997199,True,0,5.0,1.0,BS_only,BS-only(γ=5.0),1.0,0.0,0.0,0.0,9.274409714504657e-09,9.971779606906636e-09,400
sp150x300d,NETLIB,600,300,0.3,Bertsimas-Sim(γ=3.0),,0.0,,,,,0.1262902999878861,True,,3.0,1.0,,parametric robust (γ=3.0),1.0,0.0,0.0,0.0,9.274409714504657e-09,9.971779606906636e-09,400
sp150x300d,NETLIB,600,300,0.3,Nominal-LP,,0.0,,,,,0.00695309997536242,True,,,,,deterministic (mean only),1.0,0.0,0.0,0.0,9.274409714504657e-09,9.971779606906636e-09,400
sp150x300d,NETLIB,600,300,0.3,TSAR-No-calib,,0.0,0.0,0.0,0.0,0.0,0.1775354000274092,True,0,2.0,1.0,fixed_γ=2.0,No-calibration(fixed γ=2.0),1.0,0.0,0.0,0.0,9.274409714504657e-09,9.971779606906636e-09,400
sp150x300d,NETLIB,600,300,0.3,HiGHS-SAA,,-2.323298121109634e-17,,,,,10.303636999975424,True,,,,,100,1.0,0.0,1.5983205984310503e-17,1.8103565323622347e-16,1.42557705700751e-08,1.8506752299585166e-08,400
